# https://github.com/mikedh/trimesh
mtllib material.mtl
usemtl material_0
v -0.00444098 0.08937824 -0.00521572
v -0.00707981 0.08938379 0.00276720
v 0.00757488 0.08937737 0.00440492
v 0.00615615 0.08935470 -0.00519264
v 0.00120813 0.08938735 -0.00721486
v -0.00675692 0.08938444 -0.00244454
v -0.00250484 0.08934246 0.00788356
v 0.00297979 0.08936048 0.00808169
v -0.00566085 0.08937483 0.00572970
v 0.00818379 0.08939250 -0.00192558
v 0.00913669 0.08898917 0.00042276
v -0.00764697 0.08906404 -0.00001609
v -0.00262615 0.08865703 -0.00691502
v 0.00023436 0.08862346 0.00893325
v 0.00559616 0.08860373 0.00715697
v 0.00850132 0.08855757 -0.00274055
v -0.00550317 0.08848146 -0.00497518
v 0.00769661 0.08859242 0.00506542
v 0.00871773 0.08806791 0.00323520
v -0.00781732 0.08815998 0.00254421
v -0.00717124 0.08822127 -0.00266222
v 0.00912546 0.02022328 0.00526126
v 0.00810246 0.02131825 0.00530013
v 0.00921873 0.01595378 0.00602926
v 0.00794552 0.02636180 0.00482929
v 0.00674069 0.02553974 0.00502694
v 0.00624476 0.03402132 0.00505337
v 0.00592821 0.03233008 0.00500150
v 0.00722170 0.02145445 0.00487048
v 0.00788966 0.01740433 0.00487071
v 0.00845742 0.01345160 0.00542265
v -0.00110869 0.02886841 -0.00802618
v -0.00044286 0.02623546 -0.00813337
v -0.00085308 0.02386329 -0.00891038
v -0.00034378 0.01895499 -0.00938471
v -0.00132212 0.01979469 -0.00968964
v -0.00085699 0.01581490 -0.01029789
v 0.00009796 0.03260292 -0.00705587
v -0.00028626 0.03431000 -0.00703367
v 0.00169869 0.03286007 -0.00648439
v -0.00158411 0.01495654 -0.01059845
v -0.00005158 0.01146925 -0.01071587
v -0.00066111 0.01077497 -0.01109307
v 0.00056266 0.00903566 -0.01129560
v 0.00003468 0.00894796 -0.01167730
v 0.00075779 0.00568210 -0.01227711
v -0.00173350 0.02386162 -0.00874850
v -0.00116677 0.00810084 -0.01121803
v 0.00276703 0.03442854 -0.00683091
v -0.00000096 0.03683863 -0.00716890
v 0.00333370 0.03695918 -0.00673830
v -0.00276063 0.03688337 -0.00671000
v -0.00174040 0.03190272 -0.00704351
v 0.00430993 0.03476620 -0.00627473
v 0.00424536 0.03100812 -0.00709195
v 0.00317837 0.02858637 -0.00758679
v 0.00422098 0.02761941 -0.00772447
v 0.00383263 0.02418415 -0.00843813
v 0.00572424 0.03689503 -0.00529088
v 0.00112266 0.03006622 -0.00585103
v 0.00268731 0.02552036 -0.00763293
v 0.00381771 0.02110181 -0.00895297
v 0.00175694 0.02969612 -0.00624137
v 0.00047592 0.02896250 -0.00646008
v -0.00283754 0.03781235 -0.00731725
v 0.00000695 0.03770428 -0.00775067
v 0.00007481 0.04376803 -0.00778258
v -0.00002238 0.05669226 -0.00774171
v 0.00246216 0.03784182 -0.00756290
v 0.00236487 0.06059887 -0.00757571
v 0.00011623 0.08814955 -0.00761463
v 0.00418595 0.03775914 -0.00698296
v 0.00413987 0.06485787 -0.00703700
v 0.00373300 0.08212014 -0.00717268
v 0.00233747 0.08824253 -0.00752935
v 0.00553157 0.08846572 -0.00621233
v 0.00553221 0.06209521 -0.00628801
v 0.00120813 0.08938735 -0.00721486
v 0.00592408 0.04649017 -0.00599493
v 0.00600167 0.03767672 -0.00593679
v -0.00247894 0.07441401 -0.00718673
v -0.00258018 0.05762224 -0.00724430
v -0.00262615 0.08865703 -0.00691502
v 0.00651956 0.05183869 -0.00545653
v 0.00713377 0.04074200 -0.00491468
v 0.00653733 0.08793163 -0.00545604
v 0.00753346 0.07212064 -0.00441791
v 0.00615615 0.08935470 -0.00519264
v 0.00765120 0.08841049 -0.00407378
v 0.00771419 0.05014227 -0.00401956
v 0.00858239 0.03760084 -0.00287816
v 0.00777016 0.03689630 -0.00292218
v 0.00862640 0.04331486 -0.00273671
v 0.00849499 0.06165770 -0.00282119
v 0.00850132 0.08855757 -0.00274055
v 0.00040626 0.02614163 -0.00649676
v 0.00013861 0.02300868 -0.00702419
v -0.00033682 0.01598163 -0.00926209
v -0.00450788 0.07755722 -0.00610228
v -0.00425720 0.05922771 -0.00640090
v -0.00504200 0.04423370 -0.00611418
v -0.00580720 0.03760888 -0.00564512
v -0.00560203 0.05064824 -0.00565077
v -0.00533439 0.07611849 -0.00553214
v -0.00550317 0.08848146 -0.00497518
v -0.00444098 0.08937824 -0.00521572
v -0.00682294 0.04559464 -0.00455487
v -0.00664506 0.07583778 -0.00403665
v -0.00846790 0.03786874 -0.00268882
v -0.00829682 0.04364704 -0.00264246
v -0.00717124 0.08822127 -0.00266222
v -0.00801572 0.05310001 -0.00231181
v -0.00675692 0.08938444 -0.00244454
v -0.00775889 0.06944297 -0.00214076
v -0.00003408 0.01251532 -0.00979173
v -0.00406033 -0.08924723 0.00511850
v 0.00015637 -0.08924874 -0.00623627
v 0.00526202 -0.08922609 0.00537869
v 0.00572286 -0.08921636 -0.00298873
v -0.00857528 -0.08915814 0.00007339
v 0.00035176 -0.08905750 0.00870146
v -0.00665855 -0.08897786 -0.00605852
v 0.00907986 -0.08892215 -0.00044639
v 0.00571314 -0.08896518 -0.00639201
v 0.00887235 -0.08885345 0.00345550
v -0.00265303 -0.08895097 0.00849087
v -0.00822195 -0.08879616 0.00571128
v 0.00805551 -0.08878648 -0.00544559
v 0.00860919 -0.08874484 0.00592969
v 0.00555940 -0.08880125 0.00828195
v -0.00088121 -0.08880675 -0.00896687
v 0.00312928 -0.08873853 -0.00827034
v -0.00557627 -0.08874260 0.00791958
v -0.00916073 -0.08890789 -0.00185688
v -0.00618063 -0.08913345 0.00601817
v -0.01150363 -0.08854531 -0.00006847
v -0.01138503 -0.08838684 0.00164914
v -0.00581114 -0.08862492 -0.00773291
v 0.00766408 -0.08831802 0.00723754
v 0.01150892 -0.08806717 0.00237485
v 0.01116824 -0.08850287 0.00000455
v 0.01133505 -0.08800246 -0.00242908
v -0.01126247 -0.08754957 -0.00557552
v -0.00854595 -0.08801559 0.00796676
v 0.01009866 -0.08792006 0.00617422
v 0.01146381 -0.08758429 0.00625437
v 0.00860733 -0.08803832 -0.00719072
v -0.00961670 -0.08764751 0.00700940
v 0.00252406 -0.08765961 -0.01085645
v 0.00395323 -0.08782620 -0.00982097
v 0.00473485 -0.08664592 -0.01263032
v 0.00634242 -0.08698967 -0.01033403
v 0.00858203 -0.08773535 -0.00861047
v 0.00848660 -0.08637501 -0.01113080
v 0.00900473 -0.08568289 -0.01293937
v 0.01146520 -0.08622238 -0.01004040
v -0.00026272 -0.08732794 -0.01186863
v 0.00239611 -0.08597239 -0.01456618
v -0.00038676 -0.08552613 -0.01584171
v 0.00351168 -0.08643126 -0.01277195
v 0.00533243 -0.08539475 -0.01464430
v 0.01249614 -0.08777427 0.00035567
v -0.00703318 -0.08765681 -0.00874069
v 0.00993710 -0.08613434 -0.01048161
v -0.00507124 -0.08670447 -0.01098190
v -0.00776059 -0.08625222 -0.01148170
v -0.00835127 -0.08781718 -0.00844153
v -0.00776439 -0.08802025 -0.00694478
v -0.00959638 -0.08700469 -0.01024835
v -0.00888080 -0.08548905 -0.01317836
v -0.00695248 -0.08562126 -0.01278980
v -0.00625419 -0.08549428 -0.01451853
v -0.00290284 -0.08579553 -0.01434473
v -0.00246344 -0.08638974 -0.01231509
v -0.00130886 -0.08664206 -0.01165121
v -0.01146259 -0.08520723 -0.01316942
v -0.00384611 -0.08471724 -0.01616557
v -0.01078187 -0.08663976 -0.00875134
v -0.00143493 -0.08783429 -0.01006349
v -0.01204499 -0.08557290 -0.01096031
v -0.00103241 -0.08612654 -0.01375574
v -0.00453270 -0.08314120 -0.01827443
v -0.01013014 -0.08680633 -0.00740957
v -0.01325775 -0.08629046 -0.00736905
v -0.01333360 -0.08675072 -0.00250724
v -0.01529789 -0.08575343 -0.00548597
v -0.01544857 -0.08638105 -0.00208928
v -0.01720912 -0.08398086 -0.00781211
v -0.01874021 -0.08322185 -0.00774414
v -0.01126997 -0.08252162 -0.01674834
v 0.00196299 -0.08329271 -0.01837474
v -0.00041838 -0.08351719 -0.01864956
v -0.01914253 -0.08122848 -0.01111456
v -0.01567171 -0.08377288 -0.00851870
v -0.01346498 -0.08333681 -0.01510988
v -0.00689100 -0.08215359 -0.01847617
v -0.02222138 -0.07963245 -0.00994445
v -0.01617749 -0.08510624 -0.00498010
v -0.01914208 -0.08291339 -0.00710781
v -0.01434851 -0.08609245 -0.00341576
v -0.00784131 -0.07875114 -0.02184201
v -0.00759255 -0.08062309 -0.01990405
v -0.01374936 -0.08026994 -0.01824239
v -0.01560842 -0.08100609 -0.01651107
v -0.02329079 -0.07675956 -0.01301188
v 0.00193465 -0.08042863 -0.02147559
v -0.00012269 -0.08101108 -0.02109837
v -0.00102908 -0.08504937 -0.01563776
v -0.01363803 -0.08341890 -0.01375179
v -0.00525627 -0.08065909 -0.02034123
v -0.00618100 -0.07791612 -0.02255286
v 0.01213124 -0.08501007 -0.01095387
v -0.00882940 -0.07597968 -0.02392362
v -0.02084643 -0.07852630 -0.01251651
v 0.00038687 -0.07884737 -0.02258362
v 0.00327828 -0.07632960 -0.02425843
v 0.01382176 -0.08418275 -0.01179640
v 0.00058852 -0.07644801 -0.02416168
v -0.00679397 -0.07403067 -0.02486188
v -0.02374884 -0.07688891 -0.01097744
v 0.00306635 -0.07825939 -0.02249137
v -0.02449333 -0.07412757 -0.01381539
v -0.02506750 -0.07272378 -0.01209123
v -0.02582487 -0.06927015 -0.01423231
v -0.02545794 -0.06907606 -0.01496444
v -0.02600056 -0.06143117 -0.01544406
v -0.02638969 -0.06367045 -0.01423367
v -0.00244119 0.03153021 -0.00084652
v 0.00501195 0.03159723 0.00057201
v 0.00145240 0.03148509 0.00467798
v -0.00100119 0.03158527 -0.00432190
v 0.00172764 0.03176073 -0.00528080
v 0.00485035 0.03163222 -0.00293038
v -0.00410791 0.03163962 -0.00470479
v -0.00273740 0.03160591 0.00521449
v 0.00428898 0.03167409 0.00516989
v -0.00514821 0.03173142 -0.00271555
v -0.00525197 0.03179304 0.00369129
v -0.00157086 0.03106101 0.00583837
v 0.00536236 0.03183029 0.00434882
v -0.00441256 0.03153918 0.00497242
v -0.00543750 0.03180372 0.00443295
v -0.00245907 0.03096162 -0.00486788
v 0.00592821 0.03233008 0.00500150
v 0.00582306 0.03100805 -0.00077598
v 0.00586488 0.03118196 0.00220669
v 0.00407516 0.03098888 -0.00455976
v 0.00494493 0.03119855 -0.00443044
v 0.00372674 -0.08757435 -0.00458687
v -0.00320197 -0.08773151 -0.00226553
v 0.00020757 -0.08788408 0.00116699
v -0.00036586 -0.08756728 -0.00528112
v 0.00477578 -0.08766782 0.00009204
v -0.00452380 -0.08764413 0.00199242
v 0.00433347 -0.08748956 0.00478644
v 0.00056858 -0.08731938 0.00764317
v 0.00842216 -0.08716137 0.00012964
v -0.00517889 -0.08726290 -0.00535240
v -0.00210782 -0.08709104 -0.00820865
v -0.00746444 -0.08717584 -0.00280018
v -0.00879622 -0.08714615 0.00011095
v 0.00291109 -0.08710976 -0.00768585
v -0.00315827 -0.08693750 0.00822310
v 0.00011269 -0.08713023 0.00922738
v -0.00635083 -0.08712843 0.00421625
v 0.00834553 -0.08683263 -0.00353145
v -0.00968521 -0.08658080 0.00311728
v 0.00273418 -0.08702709 0.00784103
v 0.00919609 -0.08663865 0.00305444
v -0.00263020 -0.08616642 0.01170395
v 0.01142157 -0.08595002 0.00439816
v 0.00716744 -0.08646357 0.00660639
v 0.01192153 -0.08571676 0.00531972
v 0.00943823 -0.08614384 0.00782092
v 0.00763346 -0.08611563 0.00989959
v 0.00561907 -0.08607733 0.00899312
v 0.00608479 -0.08570078 0.01218708
v 0.00645250 -0.08556829 0.01341698
v 0.00398022 -0.08572329 0.01198707
v 0.00200869 -0.08622946 0.01101390
v 0.01161461 -0.08559054 0.00796920
v 0.01412125 -0.08590401 0.00489454
v 0.01488673 -0.08535444 0.00221233
v 0.01084029 -0.08618874 -0.00177158
v 0.00013541 -0.08620873 0.01193956
v 0.00307029 -0.08608884 0.01263539
v -0.01184371 -0.08621826 0.00041708
v -0.01455696 -0.08571057 0.00392512
v -0.01522782 -0.08561628 0.00237311
v -0.01349118 -0.08527717 0.00627742
v -0.01392747 -0.08576202 -0.00019098
v -0.00941716 -0.08616572 0.00716519
v -0.00759390 -0.08641576 0.00568763
v -0.00647283 -0.08596901 0.01071494
v -0.00820141 -0.08600529 0.01046632
v -0.00334110 -0.08653793 0.01200027
v -0.01135238 -0.08588510 0.00808437
v -0.00808780 -0.08537813 0.01224832
v -0.01087490 -0.08490007 0.01082228
v -0.01610358 -0.08535090 0.00152270
v -0.01627719 -0.08547211 0.00230393
v -0.01062013 -0.08631322 -0.00326780
v -0.01303877 -0.08577010 -0.00356063
v -0.01395952 -0.08618465 -0.00191371
v -0.01327789 -0.08502498 -0.00774625
v -0.00944665 -0.08559886 0.01058870
v -0.01246709 -0.08565003 0.00935201
v -0.00489066 -0.08591266 0.01270344
v -0.00813815 -0.08631786 -0.00574578
v -0.01177370 -0.08589353 -0.00701252
v -0.00608296 -0.08437478 0.01412470
v 0.00371583 -0.08483033 0.01382524
v 0.00765398 -0.08635338 -0.00589537
v 0.01210381 -0.08593196 -0.00338610
v 0.01072431 -0.08591492 -0.00662934
v 0.00679093 -0.08620590 -0.00888321
v 0.00359131 -0.08636735 -0.00954014
v 0.01333997 -0.08563326 -0.00235555
v 0.00495446 -0.08539423 -0.01300710
v 0.01050148 -0.08542852 -0.00922113
v 0.00845580 -0.08586492 -0.01035727
v 0.01174761 -0.08579865 -0.00719325
v 0.00321328 -0.08606568 -0.01201276
v 0.00114973 -0.08592072 -0.01114600
v -0.00158069 -0.08644378 -0.00968092
v -0.00363045 -0.08588716 -0.01103065
v -0.00087418 -0.08608198 -0.01150503
v -0.00130886 -0.08664206 -0.01165121
v -0.00246344 -0.08638974 -0.01231509
v 0.00822395 -0.08535752 -0.01182573
v 0.00611546 -0.08530030 -0.01197335
v 0.01451102 -0.08597333 -0.00298677
v 0.01408595 -0.08469162 -0.00555039
v -0.00608433 -0.08647868 -0.00676664
v -0.00821763 -0.08630295 -0.00733383
v -0.00770077 -0.08606001 -0.01091055
v -0.01013014 -0.08680633 -0.00740957
v -0.00659854 -0.08550636 -0.00983787
v -0.00632864 -0.08482078 -0.01257266
v 0.01400326 -0.08491120 -0.00783480
v 0.01590439 -0.08499895 -0.00382943
v -0.00379856 -0.08496919 -0.01315996
v 0.01326953 -0.08485350 0.00792110
v 0.01424305 -0.08461569 0.00578793
v 0.01453116 -0.08426172 0.00832441
v 0.01048065 -0.08453526 0.01156934
v 0.01169701 -0.08527940 0.01003347
v 0.00873129 -0.08520312 0.01181807
v 0.01376328 -0.08389707 -0.01047657
v 0.00085319 -0.08687906 0.01153529
v -0.01454673 -0.08430526 0.00832757
v -0.01397547 -0.08556765 -0.00333520
v 0.01250891 -0.08392841 0.01227273
v 0.01426770 -0.08508633 -0.00192639
v 0.01074877 -0.08295468 0.01473721
v 0.01355242 -0.08226208 0.01403269
v 0.00993710 -0.08613434 -0.01048161
v 0.01213124 -0.08501007 -0.01095387
v 0.01382176 -0.08418275 -0.01179640
v 0.00625775 -0.08424351 0.01442463
v -0.01702225 -0.08366959 0.00608376
v -0.00967531 -0.08486554 -0.01119386
v -0.01028297 -0.08533926 -0.00972280
v -0.01182634 -0.08490116 -0.01090672
v 0.00848660 -0.08637501 -0.01113080
v -0.00290284 -0.08579553 -0.01434473
v -0.01715996 -0.08285353 0.00730972
v 0.00427409 -0.08305295 0.01633909
v -0.01701890 -0.08269654 0.00851885
v 0.00675959 -0.08382247 -0.01414574
v 0.00933691 -0.08409307 -0.01414547
v -0.01715222 -0.08415097 -0.00201905
v -0.01677370 -0.08441417 0.00021295
v 0.01621533 -0.08320952 -0.00659315
v 0.01554325 -0.08385875 -0.00738360
v -0.01804026 -0.08330481 0.00391876
v -0.01748703 -0.08494996 0.00095280
v -0.00446744 -0.08253709 -0.01643783
v -0.00663597 -0.08344177 -0.01500027
v 0.00751463 -0.08210905 -0.01653477
v 0.00974202 -0.08136100 -0.01565014
v -0.00258442 -0.08490319 0.01471529
v -0.00776059 -0.08625222 -0.01148170
v -0.01320903 -0.08252549 -0.01371113
v -0.01072001 -0.08314068 -0.01413835
v -0.01971206 -0.08211620 -0.00004596
v -0.01956443 -0.08232353 -0.00275353
v -0.00717222 -0.08147622 -0.01736037
v -0.02254939 -0.07972956 -0.00282943
v -0.02009651 -0.08140819 0.00440028
v -0.00873295 -0.08289795 0.01500879
v -0.00730368 -0.08251581 0.01688606
v -0.02333250 -0.07916822 -0.00327780
v -0.02299683 -0.07905814 -0.00069056
v -0.01011705 -0.08365765 -0.01473652
v -0.01126997 -0.08252162 -0.01674834
v -0.01395563 -0.08030245 -0.01589740
v -0.01316725 -0.08052737 -0.01768148
v -0.02062175 -0.07967416 0.00694819
v -0.02053476 -0.07927211 0.00890200
v -0.02187427 -0.08030878 0.00491538
v -0.00384611 -0.08471724 -0.01616557
v -0.02015704 -0.08238114 0.00372797
v -0.01881169 -0.08378988 -0.00305909
v 0.01076902 -0.08640299 0.00823755
v -0.01543379 -0.08067521 -0.01545501
v -0.00993129 -0.08348914 0.01457738
v 0.01356050 -0.07947701 0.01738387
v 0.00682682 -0.07941463 0.01938020
v 0.00789559 -0.08143647 0.01734213
v 0.00824809 -0.07902722 0.01989510
v 0.00451410 -0.08120198 0.01835502
v 0.00506611 -0.07912387 0.02046280
v 0.00747956 -0.08342848 0.01537999
v -0.01212770 -0.08612846 0.00842731
v -0.00838140 -0.08056699 0.01810159
v -0.01139918 -0.08000867 0.01722788
v -0.01124775 -0.08151542 0.01596239
v 0.00859709 -0.07626982 0.02217819
v 0.00598587 -0.07658901 0.02230187
v 0.00351168 -0.08643126 -0.01277195
v 0.00533243 -0.08539475 -0.01464430
v -0.00935535 -0.07758649 0.02001123
v -0.01192803 -0.07704278 0.01976239
v 0.01018905 -0.07848943 -0.01861710
v 0.01144721 -0.08022147 -0.01679406
v 0.00846055 -0.08020625 -0.01880829
v -0.00729358 -0.08015182 -0.01847585
v -0.00568519 -0.07952483 -0.01960770
v -0.00634771 -0.07759376 -0.02103062
v -0.00850079 -0.07725927 -0.02102877
v 0.01231426 -0.07768266 -0.01877775
v -0.00661129 -0.07550013 -0.02262817
v 0.01000273 -0.07627619 -0.02039513
v -0.01491388 -0.07819976 -0.01732051
v -0.00927133 -0.07443553 -0.02284844
v 0.01282436 -0.07486113 -0.02063950
v 0.01449871 -0.07894500 0.01681032
v 0.01569600 -0.08544137 0.00510192
v 0.01445712 -0.08353897 -0.00933563
v 0.01603388 -0.08330287 -0.00939499
v 0.01726812 -0.08122999 -0.01101192
v 0.01643777 -0.08029373 -0.01208292
v 0.01464086 -0.08187318 -0.01162769
v 0.01573375 -0.08044854 -0.01406988
v 0.01729836 -0.07779498 -0.01538201
v 0.01890210 -0.07894480 -0.01190983
v 0.01919088 -0.07746231 -0.01326119
v 0.01981842 -0.07674919 -0.01397740
v 0.01791331 -0.07666365 -0.01473038
v 0.01025672 -0.08199277 -0.01536944
v 0.00650262 -0.08367441 -0.01642606
v 0.01500598 -0.08209846 -0.01366524
v 0.01987349 -0.07332319 -0.01599135
v 0.01228780 -0.07190395 -0.02240071
v 0.01050592 -0.07263429 -0.02259862
v 0.01316083 -0.07156569 -0.02273874
v 0.02073639 -0.07356472 -0.01546358
v -0.01016776 -0.07290166 0.02275898
v -0.01241636 -0.07214361 0.02289138
v -0.02368777 -0.07607215 0.00664961
v -0.02474327 -0.07388477 0.00845755
v 0.01663944 -0.08291249 0.00647498
v -0.00631803 -0.08428067 0.01568931
v -0.00953985 -0.07226379 -0.02368824
v 0.01131072 -0.06911429 -0.02368771
v 0.01291009 -0.06902436 -0.02349646
v -0.00688042 -0.07294502 -0.02350781
v -0.00870777 -0.06924148 -0.02472342
v -0.00723736 -0.07005921 -0.02477623
v -0.00971785 -0.06886720 -0.02490558
v 0.02028770 -0.07026295 -0.01695137
v 0.01211042 -0.08551141 0.01105987
v 0.01280502 -0.06632476 -0.02419499
v 0.01157467 -0.06627639 -0.02437606
v 0.00228642 -0.04203971 -0.02247271
v 0.00147494 -0.04498381 -0.02261345
v 0.00239056 -0.04696846 -0.02338494
v 0.00019323 -0.03681859 0.02245997
v -0.00003963 -0.04151981 0.02376435
v -0.00004402 -0.04287235 0.02265516
v -0.00012191 -0.04665366 0.02410256
v -0.00035431 -0.04723362 0.02357838
v -0.00017553 -0.04947914 0.02538524
v -0.00040153 -0.05166028 0.02473311
v -0.00037896 -0.05432949 0.02523081
v -0.00021816 -0.05214735 0.02641394
v -0.00037056 -0.06051718 0.02559417
v -0.00031431 -0.05560506 0.02699265
v -0.00037380 -0.06783183 0.02736954
v -0.00041689 -0.07006326 0.02543464
v -0.00051052 -0.07253769 0.02624082
v -0.00049325 -0.07363584 0.02443059
v -0.00055813 -0.07683409 0.02406971
v -0.00044220 -0.06073939 0.02763617
v -0.00021200 -0.07867906 0.02264770
v -0.00042919 -0.07765986 0.02202876
v 0.00007496 -0.08049418 0.01992644
v 0.00037497 -0.08175608 0.01991382
v -0.00042533 -0.04677439 0.02482557
v 0.00010295 -0.08417870 0.01522730
v 0.00070175 -0.03386429 0.02159121
v 0.00013578 -0.03794717 0.02117000
v 0.00092838 -0.03180052 0.02011699
v 0.00052972 -0.03005519 0.02076568
v 0.00070899 -0.02636979 0.01951228
v 0.00098527 -0.02584586 0.01853927
v 0.00075827 -0.02223465 0.01850335
v 0.00101705 -0.02048592 0.01726592
v 0.00072470 -0.01850192 0.01747015
v 0.00102671 -0.01523976 0.01583632
v 0.00080777 -0.01353335 0.01609522
v 0.00103941 -0.00897742 0.01432779
v 0.00064399 -0.00760366 0.01488397
v 0.00105068 -0.00421193 0.01271228
v 0.00069021 -0.00239584 0.01352502
v 0.00083092 -0.02147194 0.01678722
v 0.00090688 0.00288447 0.01312891
v 0.00095096 -0.00015139 0.01196838
v 0.00137450 0.00424610 0.01185984
v 0.00082950 -0.00958855 0.01381676
v 0.00081076 -0.01530831 0.01514008
v 0.00084563 0.00799082 0.01225397
v 0.00144288 0.00666160 0.01096857
v 0.00163257 0.01110158 0.01102591
v 0.00170642 0.01022083 0.00994602
v 0.00212978 0.01357760 0.00896878
v 0.00219750 0.01648110 0.00916406
v 0.00073142 -0.03016390 0.01928202
v 0.00127360 0.01484173 0.01091741
v 0.00139538 0.01798745 0.01014887
v 0.00236982 0.02271769 0.00831793
v 0.00050186 -0.08514057 0.01496480
v 0.00024070 -0.08500829 0.01641659
v 0.00026540 -0.08627417 0.01407410
v 0.00085319 -0.08687906 0.01153529
v 0.00013541 -0.08620873 0.01193956
v 0.00023958 -0.08803776 0.01121820
v 0.00035176 -0.08905750 0.00870146
v 0.00091981 0.00412838 0.01134387
v 0.00018044 -0.03510861 0.02042901
v 0.00262545 0.01744033 0.00869610
v -0.00799323 -0.01773019 -0.01579349
v -0.00690251 -0.02207045 -0.01667494
v -0.00909390 -0.02198067 -0.01621394
v -0.00701614 -0.01780908 -0.01589783
v -0.00641733 -0.01143133 -0.01463234
v -0.00696417 -0.01033133 -0.01433843
v -0.00763929 -0.02537220 -0.01754822
v -0.00623524 -0.02526063 -0.01739210
v -0.00627369 -0.02947123 -0.01928822
v -0.00739841 -0.02948328 -0.01942391
v -0.00609266 -0.03487706 -0.02111638
v -0.00763788 -0.03336599 -0.02072751
v -0.00713727 -0.00923472 -0.01383672
v -0.00568535 -0.00618051 -0.01382032
v -0.00614521 -0.00354872 -0.01319833
v -0.00483009 -0.00201533 -0.01288573
v -0.00593192 0.00004994 -0.01231036
v -0.00444123 0.00471381 -0.01172030
v -0.00511214 0.00663158 -0.01117076
v -0.00394543 0.00797916 -0.01111311
v -0.00402215 0.01122943 -0.01058862
v -0.00482627 0.00997236 -0.01019162
v -0.00425520 0.01410494 -0.00981345
v -0.00333551 0.01470825 -0.00983251
v -0.00397293 0.01781783 -0.00917855
v -0.00843275 -0.02556121 -0.01671505
v -0.00922038 -0.02557608 -0.01658174
v -0.00261597 0.01620043 -0.00941494
v -0.00413957 0.02146258 -0.00835912
v -0.00251665 0.01907307 -0.00872687
v -0.00132212 0.01979469 -0.00968964
v -0.00158411 0.01495654 -0.01059845
v -0.00173350 0.02386162 -0.00874850
v -0.00245708 0.01120098 -0.01014388
v -0.00116677 0.00810084 -0.01121803
v -0.00142239 0.00519787 -0.01115153
v -0.00263554 0.00659323 -0.01054301
v -0.00224880 0.00328645 -0.01072766
v -0.00244493 0.02188036 -0.00793794
v -0.00423336 0.02434789 -0.00776767
v -0.00391841 0.02803044 -0.00716096
v -0.00245182 0.02712530 -0.00731308
v -0.00174040 0.03190272 -0.00704351
v -0.00444179 0.03270226 -0.00616548
v -0.00398383 0.03413723 -0.00600286
v -0.00573340 -0.01087162 -0.01415837
v -0.00692369 -0.03653800 -0.02194445
v -0.00805243 -0.03789222 -0.02228028
v -0.00721909 -0.04048522 -0.02303869
v -0.00871678 -0.04340860 -0.02358751
v -0.00768271 -0.04699065 -0.02468507
v -0.00885301 -0.04880146 -0.02507140
v -0.00715340 -0.05111096 -0.02549676
v -0.00959518 -0.05665088 -0.02662989
v -0.00738402 -0.05578161 -0.02640094
v -0.00756819 -0.05812035 -0.02687584
v -0.00907324 -0.06232865 -0.02718613
v -0.00276063 0.03688337 -0.00671000
v -0.00510300 0.03686421 -0.00538391
v -0.00750507 -0.06296494 -0.02711331
v -0.00968376 -0.06701230 -0.02686057
v -0.00110869 0.02886841 -0.00802618
v -0.00450703 0.02700473 -0.00685381
v -0.00719336 -0.06932059 -0.02642724
v -0.00696953 -0.04448133 -0.02386633
v -0.00949758 -0.07241555 -0.02539010
v -0.00615173 0.03422657 -0.00433618
v -0.00321449 0.00228287 -0.01114605
v -0.00623395 -0.01502913 -0.01513222
v -0.00679397 -0.07403067 -0.02486188
v -0.01088585 -0.02773852 -0.01756492
v -0.01022434 -0.02926936 -0.01740042
v -0.01156437 -0.03450388 -0.01857563
v -0.01070188 -0.02381528 -0.01655678
v -0.01144660 -0.02529657 -0.01680663
v -0.01254569 -0.02968049 -0.01789757
v -0.01305454 -0.03319568 -0.01863706
v -0.01430002 -0.04026199 -0.01969113
v -0.01525692 -0.03880028 -0.01928457
v -0.01642784 -0.04309938 -0.02003595
v -0.01492156 -0.04750589 -0.02071931
v -0.01656801 -0.05198202 -0.02160328
v -0.01716500 -0.04637749 -0.02052222
v -0.01804204 -0.05055132 -0.02114049
v -0.01863062 -0.05723944 -0.02228828
v -0.01658900 -0.06068763 -0.02294424
v -0.01898317 -0.06330849 -0.02294108
v -0.01719267 -0.06584577 -0.02292684
v -0.01907302 -0.06761337 -0.02261618
v -0.01406198 -0.03429972 -0.01820406
v -0.01407352 -0.04392050 -0.02009845
v -0.00522654 0.03317435 -0.00490052
v -0.01691117 -0.06989065 -0.02212499
v -0.01872644 -0.07172333 -0.02154653
v -0.00717749 0.03692717 -0.00322839
v -0.01613321 -0.07412793 -0.02093569
v -0.01473516 -0.07790597 -0.01956382
v -0.01857672 -0.05327696 -0.02116324
v -0.01287331 -0.03891087 -0.01917110
v -0.00882940 -0.07597968 -0.02392362
v -0.01564850 -0.05159260 -0.02123645
v -0.01622962 -0.05567344 -0.02203196
v -0.01349239 -0.04180253 -0.01941297
v -0.01669263 -0.07830117 -0.01866866
v -0.00633007 -0.02011146 -0.01571902
v -0.00098993 0.00453432 -0.01081136
v -0.01830842 -0.07597588 -0.01870473
v -0.00580720 0.03760888 -0.00564512
v -0.00471328 0.03147404 -0.00474389
v -0.00846790 0.03786874 -0.00268882
v -0.00772874 0.03676632 -0.00227901
v -0.00410791 0.03163962 -0.00470479
v 0.01457383 -0.02149407 0.01088925
v 0.01499465 -0.02390522 0.01092739
v 0.01607889 -0.02649919 0.01153123
v 0.01408788 -0.02129744 0.01028505
v 0.01306609 -0.01546008 0.00990872
v 0.01291962 -0.01615837 0.00921861
v 0.01173776 -0.01207332 0.00879944
v 0.01164849 -0.01011485 0.00915209
v 0.01593741 -0.02715978 0.01060252
v 0.01701461 -0.03082340 0.01171290
v 0.01103683 -0.00659717 0.00813509
v 0.01748696 -0.03224798 0.01087217
v 0.01812673 -0.03391006 0.01247386
v 0.01882004 -0.03742520 0.01243844
v 0.01551582 -0.02510309 0.00977434
v 0.01119553 -0.00693861 0.00720927
v 0.01007251 -0.00279122 0.00706873
v 0.01003369 -0.00222431 0.00628841
v 0.00926815 0.00155796 0.00624382
v 0.00994468 0.00034586 0.00567784
v 0.00682421 -0.01134902 -0.01264512
v 0.00716316 -0.01376991 -0.01362041
v 0.00718470 -0.01765498 -0.01394154
v 0.00734435 -0.00485631 -0.01286858
v 0.00798818 -0.01767456 -0.01481595
v 0.00749282 -0.02088091 -0.01499852
v 0.00774694 -0.02436527 -0.01614631
v 0.00888374 -0.02343489 -0.01680029
v 0.00800780 -0.02889612 -0.01751034
v 0.00862669 -0.02977707 -0.01883739
v 0.00854616 -0.03409496 -0.01895398
v 0.00931354 -0.03782234 -0.02079381
v 0.00940914 -0.03142609 -0.01976234
v 0.00927455 -0.04015486 -0.02037534
v 0.00975420 -0.04283110 -0.02194324
v 0.01061968 -0.04310365 -0.02255357
v 0.01019268 -0.04767088 -0.02357396
v 0.00639957 -0.00452024 -0.01235847
v 0.00645567 -0.00774641 -0.01216744
v 0.00632167 -0.00390206 -0.01102723
v 0.00999290 -0.04562995 -0.02150414
v 0.00778084 -0.02469957 -0.01527149
v 0.00586475 -0.00098825 -0.01123264
v 0.00667298 0.00275258 -0.01173563
v 0.00980123 -0.04161726 -0.02007926
v 0.00591727 -0.00038274 -0.01003371
v 0.00500235 0.00324351 -0.01006925
v 0.00419529 0.01176494 -0.01015997
v 0.00870328 -0.03408354 -0.01817626
v 0.00931840 -0.03817295 -0.01916740
v 0.01058076 -0.04739872 -0.02174260
v 0.01016276 -0.05131768 -0.02377920
v 0.01065103 -0.05120768 -0.02504157
v 0.01024340 -0.05550617 -0.02531019
v 0.01041821 -0.05846962 -0.02658958
v 0.01056078 -0.06268457 -0.02542725
v 0.01044581 -0.06473988 -0.02657972
v 0.01060586 -0.06827422 -0.02515111
v 0.01052872 -0.06996215 -0.02541193
v 0.01012902 -0.07328812 -0.02302098
v 0.01071504 -0.07258006 -0.02419330
v 0.00978800 -0.07690065 -0.02152365
v 0.01000273 -0.07627619 -0.02039513
v 0.00921407 -0.07860885 -0.02023888
v 0.00846055 -0.08020625 -0.01880829
v 0.01048551 -0.05397681 -0.02387042
v 0.01064191 -0.05889416 -0.02479993
v 0.00773332 -0.01998283 -0.01410962
v 0.00846441 -0.02937926 -0.01663281
v 0.01050592 -0.07263429 -0.02259862
v 0.01061537 -0.05037687 -0.02260798
v 0.00678398 -0.00703977 -0.01148251
v 0.00758121 -0.01435779 -0.01249500
v 0.01131072 -0.06911429 -0.02368771
v 0.01157467 -0.06627639 -0.02437606
v 0.00562152 0.00473596 -0.00910641
v 0.00447512 0.00682996 -0.00929048
v 0.00440252 0.00697451 -0.01004047
v 0.00360367 0.01110645 -0.00923725
v 0.00429593 0.01208103 -0.00836445
v 0.00349638 0.01569316 -0.00808354
v 0.02138652 -0.02606280 0.00144778
v 0.01962035 -0.01830460 0.00146260
v 0.02153384 -0.02522049 0.00211130
v 0.02320340 -0.03117727 0.00220209
v 0.02255015 -0.03111154 0.00141928
v 0.02398992 -0.03600597 0.00155027
v 0.02466230 -0.03657826 0.00211176
v 0.02456316 -0.03832786 0.00164915
v 0.02602184 -0.04094403 0.00206200
v 0.01947075 -0.02070887 0.00098670
v 0.02569124 -0.04210993 0.00162173
v 0.02712761 -0.04490521 0.00202716
v 0.01832258 -0.01817711 0.00071904
v 0.01795393 -0.01305946 0.00080375
v 0.02684743 -0.04627305 0.00172215
v 0.02817224 -0.04824721 0.00214121
v 0.02827744 -0.05116653 0.00157166
v 0.02917432 -0.05164175 0.00197645
v 0.02984264 -0.05469778 0.00162743
v 0.02027386 -0.02482222 0.00107542
v 0.01881521 -0.01477296 0.00188451
v 0.01775039 -0.01076492 0.00171714
v 0.01659395 -0.00736356 0.00086426
v 0.01602624 -0.00666932 0.00058310
v 0.01587541 -0.00352232 0.00142473
v 0.02064903 -0.02826017 0.00137131
v 0.03021574 -0.05808461 0.00147808
v 0.03078626 -0.05937428 0.00180191
v 0.03026354 -0.06905125 0.00134986
v 0.01692573 -0.01423792 0.00063510
v 0.01510990 -0.00955282 0.00056868
v 0.01481783 -0.00431214 0.00038173
v 0.01445759 0.00162424 0.00068366
v 0.01343210 0.00153691 0.00045927
v 0.01286994 0.00760713 0.00052229
v 0.01168183 0.00353273 0.00045382
v 0.01137460 0.00952417 0.00031160
v 0.01103145 0.01571576 0.00072716
v 0.01001125 0.01243837 0.00057205
v 0.00919354 0.01480625 0.00069505
v 0.00926639 0.01618092 0.00075415
v 0.00929386 0.02068806 0.00038954
v 0.01051789 0.02088943 0.00082334
v 0.00997691 0.02474660 0.00085295
v 0.01882825 -0.02299087 0.00134932
v 0.00811406 0.01985288 0.00065716
v 0.00717610 0.02433061 0.00003348
v 0.00945467 0.02519225 0.00028049
v 0.00739563 0.02646518 -0.00041632
v 0.00649676 0.02661445 -0.00053662
v 0.01396394 -0.00482720 0.00056248
v 0.01220153 0.00062946 0.00081926
v 0.02945064 -0.06448058 0.00158447
v 0.02852648 -0.06959159 0.00131162
v 0.02890497 -0.07090272 0.00112194
v 0.02869750 -0.07280131 0.00132090
v 0.02639088 -0.07583609 0.00099639
v 0.02731472 -0.07258231 0.00130740
v 0.02525644 -0.07610164 0.00128167
v 0.02891987 -0.05849344 0.00191437
v 0.02285185 -0.08028933 0.00084514
v 0.02308474 -0.07849655 0.00130377
v 0.02148873 -0.08028797 0.00090002
v 0.02084585 -0.08250466 0.00059024
v 0.01901472 -0.08239048 0.00044840
v 0.01696649 -0.08375665 -0.00071820
v 0.01733443 -0.08423347 -0.00107787
v 0.01760601 -0.01975651 0.00151085
v 0.01697595 -0.01720411 0.00142906
v 0.01663122 -0.08497852 -0.00241574
v 0.01562753 -0.08526514 -0.00319758
v 0.02031492 -0.02173504 0.00319784
v 0.01892554 -0.02285853 0.00318181
v 0.02091661 -0.02700100 0.00358187
v 0.01867637 -0.01835428 0.00306042
v 0.01723982 -0.01814621 0.00266150
v 0.01799761 -0.01422228 0.00254360
v 0.01679567 -0.01331781 0.00255957
v 0.01729881 -0.01019675 0.00229281
v 0.02019061 -0.02834119 0.00323376
v 0.02204640 -0.03247113 0.00394011
v 0.02264780 -0.03011219 0.00356723
v 0.02412936 -0.03561518 0.00389608
v 0.02409650 -0.04075005 0.00396745
v 0.02579811 -0.04047927 0.00388834
v 0.02547639 -0.04294459 0.00416100
v 0.02460116 -0.04348083 0.00391978
v 0.02552447 -0.04646689 0.00395002
v 0.02726915 -0.04543541 0.00393140
v 0.02690885 -0.04997640 0.00423600
v 0.02851310 -0.05293456 0.00423381
v 0.02920423 -0.05207223 0.00399650
v 0.01579743 -0.00900252 0.00265376
v 0.03013854 -0.05727489 0.00401981
v 0.02916540 -0.05987721 0.00393766
v 0.02916930 -0.06836741 0.00414428
v 0.03032468 -0.06734953 0.00414281
v 0.02829031 -0.05616371 0.00399212
v 0.02982985 -0.07044794 0.00388558
v 0.02735876 -0.05255334 0.00393892
v 0.01440316 -0.00928863 0.00211133
v 0.01371060 -0.00416385 0.00233007
v 0.01486153 -0.00354760 0.00257076
v 0.01344202 0.00150360 0.00252981
v 0.01209417 0.00048164 0.00202266
v 0.01120564 0.00362339 0.00233681
v 0.01346314 0.00375948 0.00245969
v 0.01124266 0.00866182 0.00263140
v 0.01021212 0.00881968 0.00227618
v 0.01005920 0.01200443 0.00278105
v 0.01148620 0.01461481 0.00285965
v 0.00930662 0.01749148 0.00281366
v 0.01058944 0.01843648 0.00273498
v 0.00843906 0.02052583 0.00274460
v 0.00897847 0.01511964 0.00257650
v 0.01611478 -0.01384930 0.00210699
v 0.02820756 -0.07350678 0.00406500
v 0.02837156 -0.07034595 0.00401154
v 0.02637879 -0.07589226 0.00437028
v 0.02636305 -0.07416464 0.00399517
v 0.02429382 -0.07716658 0.00396016
v 0.01485737 -0.00023929 0.00226525
v 0.01295324 0.00694403 0.00236174
v 0.01248860 0.01092430 0.00210187
v 0.01069175 0.02133187 0.00200660
v 0.00998985 0.02308288 0.00203770
v 0.01632290 -0.00610215 0.00221667
v 0.00825903 0.02335822 0.00258205
v 0.00843410 0.02620287 0.00231603
v 0.00774996 0.02824445 0.00239139
v 0.02890627 -0.06477793 0.00342862
v 0.02186820 -0.02685435 0.00319687
v 0.02005045 -0.01954797 0.00274115
v 0.00890236 0.02962421 0.00168523
v 0.02276824 -0.07905420 0.00409800
v 0.02452906 -0.07870563 0.00395076
v 0.02128920 -0.08139012 0.00375530
v 0.02104901 -0.08051305 0.00336582
v 0.01885869 -0.08234067 0.00327287
v 0.01833463 -0.08398353 0.00345023
v 0.01702060 -0.08430460 0.00279629
v 0.01643037 -0.08563412 0.00278493
v 0.01526276 -0.08552100 0.00312135
v 0.00795513 0.03420902 0.00196345
v 0.00980690 0.02512274 0.00162300
v 0.00932682 0.01171537 0.00208048
v 0.02123888 -0.03195687 0.00333055
v 0.02232263 -0.03564698 0.00340765
v 0.02323501 -0.03871388 0.00343495
v 0.01432253 -0.08604853 0.00395868
v 0.02188999 -0.08134326 0.00343398
v 0.01863781 -0.08443877 0.00266973
v -0.01530482 -0.02455697 0.01228966
v -0.01649655 -0.02790372 0.01292129
v -0.01508952 -0.02676321 0.01196494
v -0.01423815 -0.02263696 0.01143981
v -0.01436262 -0.01982158 0.01137050
v -0.01682155 -0.03229186 0.01345843
v -0.01328079 -0.01892092 0.01020316
v -0.01256430 -0.01493999 0.00922915
v -0.01665340 -0.03299667 0.01294578
v -0.01754987 -0.03717556 0.01374479
v -0.01412596 -0.02242386 0.01020524
v -0.01343229 -0.01866188 0.00935699
v -0.01260478 -0.01585058 0.00863967
v -0.01193586 -0.01122791 0.00786831
v -0.01175218 -0.01004036 0.00694719
v -0.01143024 -0.00577883 0.00757377
v -0.01133654 -0.00642337 0.00619762
v -0.01078327 -0.00354971 0.00582814
v -0.01048027 -0.00136604 0.00682915
v -0.00983508 0.00052603 0.00556748
v -0.00903981 0.00447084 0.00517063
v -0.00985323 0.00425208 0.00660264
v -0.00922524 0.00994181 0.00535929
v -0.00918968 0.01156223 0.00430343
v -0.00961365 0.01255531 0.00505576
v -0.00868495 0.01656386 0.00468164
v -0.01239018 -0.01088632 0.00838954
v -0.01240410 -0.00845017 0.00814123
v -0.01069639 -0.00001761 0.00710249
v -0.01553776 -0.02730432 0.01086920
v -0.01176261 -0.00253652 0.00746281
v -0.01352887 -0.01575080 0.01000251
v -0.01468707 -0.01837041 0.01088869
v -0.01290448 -0.00661522 0.00764339
v -0.01323583 -0.01083727 0.00841216
v -0.01380911 -0.01289347 0.00884114
v -0.02321655 -0.04181368 0.00813411
v -0.02362776 -0.03595788 0.00715852
v -0.02489164 -0.04299651 0.00845350
v -0.02382450 -0.04541978 0.00845434
v -0.02602884 -0.04928496 0.00953857
v -0.02471013 -0.04907797 0.00892576
v -0.02529357 -0.05130501 0.00953131
v -0.02591984 -0.05524221 0.00980491
v -0.02769940 -0.05314345 0.00981395
v -0.02707115 -0.05813101 0.01030688
v -0.02269386 -0.03487469 0.00731385
v -0.02214429 -0.03601570 0.00737067
v -0.02136689 -0.03435037 0.00689765
v -0.02066485 -0.03013923 0.00652373
v -0.02155190 -0.02968640 0.00659189
v -0.02008475 -0.02584619 0.00610933
v -0.02058869 -0.02415542 0.00552937
v -0.02662573 -0.04760490 0.00887448
v -0.01936709 -0.02010739 0.00530049
v -0.01922331 -0.02386711 0.00558386
v -0.02551947 -0.04252274 0.00794243
v -0.02457015 -0.03860328 0.00713532
v -0.01914337 -0.02581847 0.00492953
v -0.01792683 -0.02117364 0.00490326
v 0.00958130 -0.01288098 -0.01307275
v 0.00917709 -0.01172426 -0.01199885
v 0.00981003 -0.01624552 -0.01318044
v 0.00848505 -0.00645609 -0.01145585
v 0.00889536 -0.00734237 -0.01275104
v 0.00832883 -0.00302662 -0.01163168
v 0.00983011 -0.01786656 -0.01463095
v 0.00989135 -0.02064457 -0.01393000
v 0.01033497 -0.02602234 -0.01637745
v 0.00997531 -0.02539375 -0.01527385
v 0.00993377 -0.02864891 -0.01622266
v 0.00796563 -0.00253039 -0.01236997
v 0.00749250 0.00359146 -0.01127277
v 0.00792692 -0.00049474 -0.01072565
v 0.00761436 0.00418022 -0.01043407
v 0.00683998 0.01009618 -0.01002525
v 0.00971629 -0.02094507 -0.01598228
v 0.01003028 -0.02589855 -0.01737914
v 0.01035282 -0.02960197 -0.01843651
v 0.01074658 -0.03293148 -0.01831155
v 0.01079861 -0.03374443 -0.02006301
v 0.01178247 -0.03925514 -0.02132009
v 0.01182663 -0.04013911 -0.01971314
v 0.01226258 -0.04297288 -0.02106517
v 0.01236197 -0.04548745 -0.02239733
v 0.00700998 0.00764925 -0.00937050
v 0.00633674 0.01314118 -0.00898364
v 0.00635414 0.01182660 -0.01023319
v 0.00596972 0.01771879 -0.00822024
v 0.01209840 -0.04470324 -0.02102667
v 0.01237277 -0.04888650 -0.02280904
v 0.01233499 -0.04981568 -0.02405463
v 0.01264274 -0.05295276 -0.02370038
v 0.01290801 -0.05703707 -0.02582951
v 0.01280502 -0.05592079 -0.02430254
v 0.01286134 -0.06113593 -0.02480169
v 0.01312648 -0.06855536 -0.02516413
v 0.01259741 -0.06197326 -0.02666069
v 0.01280502 -0.06632476 -0.02419499
v 0.01319405 -0.07153065 -0.02377835
v 0.01291009 -0.06902436 -0.02349646
v 0.01316083 -0.07156569 -0.02273874
v 0.01282436 -0.07486113 -0.02063950
v 0.01276339 -0.07718816 -0.02008089
v 0.01231426 -0.07768266 -0.01877775
v 0.01144721 -0.08022147 -0.01679406
v 0.00558173 0.01580090 -0.00774123
v 0.00563342 0.02169883 -0.00640623
v 0.00556353 0.02279835 -0.00705145
v 0.00466695 0.02694110 -0.00590298
v 0.00487104 0.02680705 -0.00710532
v 0.00466808 0.03025181 -0.00611355
v 0.00448190 0.03020470 -0.00490683
v 0.00492945 0.03334258 -0.00521628
v 0.00706360 -0.00089405 -0.00997535
v 0.01134563 -0.08063722 -0.01790750
v 0.00757660 -0.00387562 -0.01070394
v 0.01185758 -0.04954266 -0.02230056
v 0.00933691 -0.08409307 -0.01414547
v 0.00576920 0.01197933 -0.00861376
v 0.01025672 -0.08199277 -0.01536944
v 0.01099988 -0.03749870 -0.01880607
v 0.01059900 -0.03329271 -0.01789720
v 0.00968195 -0.03208904 -0.01719599
v 0.00906543 -0.01646813 -0.01258468
v 0.00424536 0.03100812 -0.00709195
v 0.00632805 0.00461185 -0.00911130
v 0.00430993 0.03476620 -0.00627473
v 0.01235486 -0.07674693 -0.02130834
v 0.01269608 -0.07322271 -0.02346354
v 0.00501323 0.01990174 -0.00884868
v 0.00494493 0.03119855 -0.00443044
v 0.00917534 -0.08387854 -0.01584551
v 0.01132352 -0.04267064 -0.02008520
v 0.01269441 -0.06619335 -0.02609887
v 0.00933363 -0.02110485 -0.01381889
v 0.00770057 -0.00811413 -0.01129271
v 0.01126511 -0.05438950 -0.02374095
v 0.01228780 -0.07190395 -0.02240071
v 0.00849022 -0.01346877 -0.01209060
v 0.01191992 -0.06020578 -0.02477080
v 0.00429593 0.01208103 -0.00836445
v 0.00486989 0.01660121 -0.00718817
v 0.00479828 0.02040319 -0.00624131
v 0.00869694 -0.02545333 -0.01514472
v 0.00678398 -0.00703977 -0.01148251
v 0.01481878 -0.02455513 -0.01029828
v 0.01581737 -0.03035089 -0.01145971
v 0.01704718 -0.03006373 -0.01118111
v 0.01597729 -0.02414941 -0.01010639
v 0.01534496 -0.02078969 -0.00942314
v 0.01842064 -0.03596366 -0.01247539
v 0.01415519 -0.02051872 -0.00974263
v 0.01435760 -0.01804735 -0.00876930
v 0.01631749 -0.03375139 -0.01251965
v 0.01689926 -0.03779549 -0.01353308
v 0.01780836 -0.04106282 -0.01402190
v 0.01966052 -0.04060615 -0.01355535
v 0.02005059 -0.04487605 -0.01471025
v 0.01850549 -0.04457580 -0.01500642
v 0.01938483 -0.04781021 -0.01544684
v 0.02111727 -0.05109492 -0.01574895
v 0.02004815 -0.05134463 -0.01615777
v 0.02095238 -0.05590473 -0.01690177
v 0.02030674 -0.05652631 -0.01732997
v 0.02247849 -0.05432758 -0.01653774
v 0.02248552 -0.05979315 -0.01784913
v 0.01520288 -0.01751266 -0.00875102
v 0.02023175 -0.06112788 -0.01807219
v 0.02187989 -0.06158755 -0.01778988
v 0.02100314 -0.06612676 -0.01766779
v 0.02263680 -0.06647840 -0.01760690
v 0.02152282 -0.04830351 -0.01545672
v 0.02042681 -0.04316121 -0.01456641
v 0.01390016 -0.01494069 -0.00746942
v 0.02236028 -0.06362753 -0.01804030
v 0.01864779 -0.03383759 -0.01227641
v 0.01911586 -0.03645480 -0.01279986
v 0.01456016 -0.01416726 -0.00753296
v 0.02271669 -0.07034693 -0.01692617
v 0.02028770 -0.07026295 -0.01695137
v 0.01405180 -0.01166491 -0.00652262
v 0.01287931 -0.01156878 -0.00663527
v 0.01300078 -0.00844772 -0.00573168
v 0.01751079 -0.02907609 -0.01144251
v 0.01351315 -0.00780890 -0.00619244
v 0.01291807 -0.00418685 -0.00582780
v 0.02031877 -0.06653061 -0.01788783
v 0.02251328 -0.07169857 -0.01625082
v 0.02073639 -0.07356472 -0.01546358
v 0.02211644 -0.07447241 -0.01536200
v 0.01981842 -0.07674919 -0.01397740
v -0.00117624 -0.02041724 0.01783939
v -0.00117304 -0.02172800 0.01697925
v -0.00113780 -0.02733898 0.01860957
v -0.00115576 -0.01420996 0.01598651
v -0.00119257 -0.02675940 0.01934903
v -0.00132339 -0.03429389 0.02031726
v -0.00126323 -0.03114243 0.02065987
v -0.00104359 -0.01646191 0.01556270
v -0.00157332 -0.03707226 0.02127996
v -0.00135961 -0.03502129 0.02190169
v -0.00187529 -0.03904527 0.02221300
v -0.00163805 -0.03777842 0.02260482
v -0.00076192 -0.01290208 0.01438648
v -0.00181321 -0.04057576 0.02347417
v -0.00214597 -0.04532879 0.02316565
v -0.00217983 -0.04568965 0.02459489
v -0.00251056 -0.04972140 0.02485256
v -0.00245043 -0.04896686 0.02547104
v -0.00247566 -0.05197717 0.02640567
v -0.00248191 -0.05664962 0.02628572
v -0.00245448 -0.05538740 0.02699272
v -0.00268531 -0.06644413 0.02747553
v -0.00258796 -0.06638999 0.02561490
v -0.00284866 -0.06863882 0.02724682
v -0.00322082 -0.07318744 0.02598794
v -0.00226804 -0.05717597 0.02548905
v -0.00117673 -0.00939166 0.01424189
v -0.00116246 -0.00377986 0.01361561
v -0.00069789 -0.00427085 0.01253067
v -0.00085920 0.00012524 0.01200988
v -0.00095398 0.00033003 0.01341061
v -0.00106007 0.00391858 0.01220029
v -0.00244392 -0.06102706 0.02758570
v -0.00072958 0.00680790 0.01232734
v -0.00026418 0.01162233 0.01150471
v -0.00053551 0.00972284 0.01097305
v 0.00018804 0.01110329 0.00991141
v 0.00021534 0.01445826 0.01072294
v 0.00012785 0.01740666 0.00948482
v 0.00041217 0.01541827 0.00879687
v 0.00022265 0.01932519 0.00797320
v -0.00011578 0.02237370 0.00819079
v -0.00013944 0.02248006 0.00697443
v -0.00054349 0.02573393 0.00627791
v -0.00042642 0.02830905 0.00800625
v 0.00025660 0.02516555 0.00895258
v -0.00062114 0.00441247 0.01134513
v -0.00218532 -0.04933962 0.02408956
v -0.00220371 -0.05369921 0.02506539
v -0.00273490 -0.07004126 0.02542527
v -0.00262152 -0.07296405 0.02458496
v -0.00319650 -0.07535455 0.02435865
v -0.00277468 -0.07550574 0.02333813
v -0.00250900 -0.07833533 0.02128707
v -0.00229853 -0.07965909 0.02208848
v -0.00204086 -0.08221585 0.01936478
v -0.00232383 -0.08023238 0.01961847
v -0.00233154 -0.08317703 0.01629235
v -0.00195105 -0.08431448 0.01723161
v -0.00279773 -0.07703941 0.02392755
v -0.00258442 -0.08490319 0.01471529
v -0.00229116 -0.08593349 0.01466296
v -0.00156805 -0.04120999 0.02219516
v -0.00126816 0.02923830 0.00663315
v -0.00091268 0.02904945 0.00575748
v -0.00147205 0.03276530 0.00731004
v -0.00334110 -0.08653793 0.01200027
v 0.00065523 0.01759428 0.01024065
v 0.00081335 0.02159927 0.00955690
v -0.00057062 -0.00308574 0.01431300
v -0.00059544 -0.00724852 0.01511798
v -0.00039061 -0.01062419 0.01590447
v -0.00065904 -0.01484559 0.01668102
v -0.01994626 -0.03985363 0.01345374
v -0.02017580 -0.04258177 0.01409556
v -0.02064589 -0.04200569 0.01448845
v -0.02094238 -0.04766656 0.01516535
v -0.01969499 -0.03702861 0.01341510
v -0.01842124 -0.03754066 0.01276370
v -0.01850262 -0.03464115 0.01217296
v -0.01823892 -0.03162321 0.01172438
v -0.02138835 -0.04698509 0.01520633
v -0.02307962 -0.05437344 0.01656962
v -0.02229756 -0.04887742 0.01632782
v -0.01708718 -0.03339994 0.01197755
v -0.01732782 -0.02969902 0.01113948
v -0.01658797 -0.03087579 0.01140323
v -0.01849066 -0.04035270 0.01361706
v -0.02110120 -0.05268626 0.01629660
v -0.02240670 -0.05498212 0.01650704
v -0.02296849 -0.05885966 0.01718438
v -0.01553776 -0.02730432 0.01086920
v -0.01639692 -0.02511946 0.01060196
v -0.01542817 -0.02385713 0.01012451
v -0.01466937 -0.02009574 0.00948490
v -0.01907677 -0.04431539 0.01480627
v -0.01412596 -0.02242386 0.01020524
v -0.01343229 -0.01866188 0.00935699
v -0.01434493 -0.01651284 0.00838964
v -0.01332564 -0.01446653 0.00727881
v -0.01969790 -0.04816379 0.01577149
v -0.02144588 -0.06009254 0.01803751
v -0.02073879 -0.05418766 0.01725925
v -0.02158648 -0.06433812 0.01805396
v -0.01405398 -0.01334742 0.00750259
v -0.01329543 -0.01041212 0.00637366
v -0.01260906 -0.00917722 0.00605253
v -0.01384785 -0.00857746 0.00622640
v -0.01365344 -0.00656854 0.00579748
v -0.01175218 -0.01004036 0.00694719
v -0.01133654 -0.00642337 0.00619762
v -0.01224855 -0.00527960 0.00558972
v -0.01078327 -0.00354971 0.00582814
v -0.01121788 -0.00112967 0.00494007
v -0.01017749 0.00174132 0.00469178
v -0.01120953 0.00387449 0.00482757
v -0.01006296 0.00605283 0.00402704
v -0.01224972 0.00403219 0.00428082
v -0.01234255 0.00651788 0.00397848
v -0.01115608 0.00946727 0.00343673
v -0.01338305 0.00358595 0.00471820
v -0.00953745 0.01248208 0.00361997
v -0.01386245 -0.00000989 0.00480115
v -0.00993313 0.01601277 0.00302574
v -0.01123891 0.01406572 0.00344207
v -0.00972361 0.01978119 0.00302015
v -0.00788009 0.01869353 0.00284857
v -0.00717339 0.02063943 0.00253185
v -0.00703505 0.02316523 0.00211197
v -0.00880786 0.02451265 0.00275472
v -0.00682432 0.02775563 0.00159463
v -0.01218225 -0.00060954 0.00548463
v -0.01231728 0.00883474 0.00420817
v -0.00620959 0.02615733 0.00189999
v -0.01333126 -0.00666123 0.00641750
v -0.00868661 0.01608891 0.00340381
v -0.01534481 -0.01982164 0.01009251
v -0.01749266 -0.02809723 0.01154212
v -0.01166757 0.00048583 0.00594834
v -0.01260478 -0.01585058 0.00863967
v -0.00628723 0.02670098 0.00124321
v 0.00021854 -0.05900370 -0.02680482
v 0.00247912 -0.05507745 -0.02617520
v 0.00244129 -0.05884891 -0.02676632
v -0.00004616 -0.05620234 -0.02640371
v 0.00013274 -0.05128065 -0.02554777
v 0.00249123 -0.04994964 -0.02517201
v 0.00041549 -0.04846031 -0.02504451
v 0.00231456 -0.04427638 -0.02417201
v 0.00017919 -0.04356809 -0.02404188
v 0.00217229 -0.03769842 -0.02259960
v 0.00013675 -0.03751389 -0.02250741
v 0.00000538 -0.03203028 -0.02113546
v 0.00188694 -0.03303422 -0.02130695
v 0.00162129 -0.02964621 -0.02046085
v 0.00083074 -0.02570252 -0.01941239
v 0.00031787 -0.06653909 -0.02701745
v 0.00264174 -0.06648568 -0.02693932
v 0.00320900 -0.07094956 -0.02649744
v 0.00057392 -0.07183904 -0.02625336
v 0.00185905 -0.02560068 -0.01894282
v 0.00125010 -0.01899838 -0.01764561
v 0.00327828 -0.07632960 -0.02425843
v 0.00058852 -0.07644801 -0.02416168
v 0.00153104 -0.01981082 -0.01735415
v 0.00132045 -0.01779841 -0.01586664
v 0.00152832 -0.02178575 -0.01690042
v 0.00112717 -0.01269223 -0.01581109
v 0.00163627 -0.02700455 -0.01819705
v 0.00197527 -0.02953309 -0.01969673
v 0.00164463 -0.03118123 -0.01956156
v 0.00188783 -0.03391780 -0.02056320
v 0.00228642 -0.04203971 -0.02247271
v 0.00239056 -0.04696846 -0.02338494
v 0.00247387 -0.05061447 -0.02451474
v 0.00254156 -0.05395320 -0.02527686
v 0.00234645 -0.05617256 -0.02532254
v 0.00257373 -0.06650707 -0.02555699
v 0.00289152 -0.06926136 -0.02535899
v 0.00305612 -0.07154289 -0.02491770
v 0.00335809 -0.07431734 -0.02382163
v 0.00306635 -0.07825939 -0.02249137
v 0.00300168 -0.07761749 -0.02183522
v 0.00275585 -0.08045855 -0.02033383
v 0.00133899 -0.01208922 -0.01502584
v 0.00123321 -0.00880462 -0.01494523
v 0.00121420 -0.00889959 -0.01380204
v 0.00128148 -0.00275928 -0.01353747
v 0.00137774 -0.00098835 -0.01206069
v 0.00137739 0.00094032 -0.01245835
v 0.00073329 0.00664399 -0.01127835
v 0.00075779 0.00568210 -0.01227711
v 0.00056266 0.00903566 -0.01129560
v 0.00097721 -0.01170586 -0.01427799
v 0.00056706 -0.01516404 -0.01482778
v 0.00081369 0.00107747 -0.01308468
v 0.00212159 -0.08131946 -0.01927244
v 0.00196299 -0.08329271 -0.01837474
v 0.00206848 -0.08325604 -0.01655978
v 0.00239611 -0.08597239 -0.01456618
v 0.00278580 -0.08581931 -0.01413367
v 0.00234372 -0.08490989 -0.01373522
v 0.00351168 -0.08643126 -0.01277195
v 0.00321328 -0.08606568 -0.01201276
v 0.00193465 -0.08042863 -0.02147559
v 0.00072341 -0.00782543 -0.01321108
v 0.00070379 -0.00312768 -0.01192742
v 0.00096679 -0.03319550 -0.01970988
v 0.00160719 -0.03584081 -0.02066288
v 0.00159663 -0.03954387 -0.02154463
v 0.00032854 0.00222836 -0.01128171
v -0.01457463 -0.01603780 -0.01030265
v -0.01327812 -0.01546797 -0.00971812
v -0.01440791 -0.01951793 -0.01053042
v -0.01298684 -0.01157707 -0.00946370
v -0.01200240 -0.00630610 -0.00892033
v -0.01604489 -0.02211730 -0.01109235
v -0.01513100 -0.02259806 -0.01039400
v -0.01612117 -0.02641029 -0.01147203
v -0.01796592 -0.02925401 -0.01216384
v -0.01687159 -0.02978594 -0.01193230
v -0.01764997 -0.03207675 -0.01228800
v -0.01852920 -0.03512239 -0.01266576
v -0.01356008 -0.00956316 -0.00915303
v -0.01821994 -0.02642613 -0.01154521
v -0.01266568 -0.00465992 -0.00850007
v -0.01070017 -0.00140498 -0.00842209
v -0.01099686 0.00087945 -0.00817290
v -0.00961305 0.00263926 -0.00774399
v -0.01028594 0.00451655 -0.00766360
v -0.00910226 0.00759203 -0.00695634
v -0.01041330 0.00984413 -0.00650253
v -0.00974071 0.01140281 -0.00648328
v -0.00906653 0.01357290 -0.00598300
v -0.00892536 0.01720042 -0.00539994
v -0.00766335 0.01865984 -0.00511891
v -0.00744029 0.02236408 -0.00486736
v -0.00626085 0.02410686 -0.00447870
v -0.00728590 0.02882684 -0.00442477
v -0.01678802 -0.02056762 -0.01058809
v -0.01566556 -0.01675915 -0.01017533
v -0.01953937 -0.03177714 -0.01205053
v -0.02124578 -0.03890497 -0.01313650
v -0.01908760 -0.03865833 -0.01300939
v -0.02001392 -0.04223364 -0.01325965
v -0.02116138 -0.04511494 -0.01373522
v -0.02239768 -0.04333424 -0.01344960
v -0.02280103 -0.04972340 -0.01428226
v -0.02399075 -0.04905548 -0.01411094
v -0.02426479 -0.05701391 -0.01520889
v -0.02501807 -0.05338575 -0.01462712
v -0.02591084 -0.05823268 -0.01504148
v -0.02600056 -0.06143117 -0.01544406
v -0.02447500 -0.06410924 -0.01546573
v -0.01482642 -0.01318669 -0.00952840
v -0.02545794 -0.06907606 -0.01496444
v -0.02408003 -0.07183860 -0.01489886
v -0.00634102 0.02890092 -0.00465168
v -0.00531150 0.02902628 -0.00448742
v -0.00471328 0.03147404 -0.00474389
v -0.00522654 0.03317435 -0.00490052
v -0.00615173 0.03422657 -0.00433618
v -0.00885504 0.02133201 -0.00443510
v -0.00816522 0.02414854 -0.00436512
v -0.01001542 -0.00173368 -0.00789827
v -0.01153560 -0.00886536 -0.00823282
v -0.02449333 -0.07412757 -0.01381539
v -0.02241327 -0.07551844 -0.01385417
v -0.00706616 0.01804008 -0.00441379
v -0.02329079 -0.07675956 -0.01301188
v -0.02084643 -0.07852630 -0.01251651
v -0.01160267 0.00161061 -0.00723253
v 0.01863477 -0.03160996 0.01009482
v 0.01906896 -0.03073436 0.01050056
v 0.02028440 -0.03509739 0.01073839
v 0.01778190 -0.02707023 0.00968785
v 0.01963459 -0.03607843 0.01054421
v 0.02153248 -0.04082410 0.01079873
v 0.02034723 -0.04117043 0.01117755
v 0.02150218 -0.04503324 0.01156710
v 0.02310123 -0.04554530 0.01161442
v 0.02359491 -0.04899671 0.01227982
v 0.01173776 -0.01207332 0.00879944
v 0.01353401 -0.01588125 0.00841853
v 0.01291962 -0.01615837 0.00921861
v 0.01119553 -0.00693861 0.00720927
v 0.01407185 -0.01991017 0.00919521
v 0.01408788 -0.02129744 0.01028505
v 0.01551582 -0.02510309 0.00977434
v 0.01601127 -0.02407480 0.00920481
v 0.01510257 -0.01821472 0.00856931
v 0.01260908 -0.00812872 0.00710185
v 0.01149780 -0.00471134 0.00642809
v 0.01003369 -0.00222431 0.00628841
v 0.01392651 -0.01322845 0.00793851
v 0.01767256 -0.03138475 0.01025440
v 0.01748696 -0.03224798 0.01087217
v 0.01882004 -0.03742520 0.01243844
v 0.01120785 -0.00032943 0.00587148
v 0.00994468 0.00034586 0.00567784
v 0.01053434 0.00312640 0.00519906
v 0.01010182 0.00592368 0.00491927
v 0.00926815 0.00155796 0.00624382
v 0.01640831 -0.02275636 0.00921753
v 0.01253807 -0.00293252 0.00675858
v 0.01375293 -0.00903560 0.00787094
v -0.02361005 -0.05632503 -0.01477576
v -0.02300260 -0.05330380 -0.01265640
v -0.02417765 -0.05799542 -0.01296210
v -0.02229083 -0.05144579 -0.01362408
v -0.02110430 -0.04561932 -0.01178575
v -0.02162919 -0.04796706 -0.01369707
v -0.02004395 -0.04235830 -0.01210259
v -0.02001392 -0.04223364 -0.01325965
v -0.01908760 -0.03865833 -0.01300939
v -0.02447385 -0.06185952 -0.01319224
v -0.02436138 -0.06335252 -0.01432870
v -0.02447500 -0.06410924 -0.01546573
v -0.02450550 -0.06586704 -0.01301335
v -0.02382603 -0.06890480 -0.01477247
v -0.02382394 -0.06941743 -0.01271174
v -0.02313311 -0.07209303 -0.01226989
v -0.02324072 -0.07224085 -0.01471241
v -0.02241327 -0.07551844 -0.01385417
v -0.02233748 -0.07576943 -0.01171616
v -0.02408003 -0.07183860 -0.01489886
v -0.02426479 -0.05701391 -0.01520889
v -0.02280103 -0.04972340 -0.01428226
v -0.02116138 -0.04511494 -0.01373522
v -0.00963301 -0.02296035 0.01495947
v -0.00852810 -0.02337029 0.01503586
v -0.00960791 -0.02708698 0.01584734
v -0.00844900 -0.01959463 0.01395255
v -0.00957479 -0.01918307 0.01411046
v -0.00766285 -0.01512592 0.01263671
v -0.00898462 -0.01517433 0.01285192
v -0.00806441 -0.01189343 0.01194748
v -0.01042689 -0.02709897 0.01618792
v -0.01056561 -0.03144018 0.01728432
v -0.00886747 -0.01034535 0.01202304
v -0.00756638 -0.00719550 0.01126362
v -0.00827246 -0.00633841 0.01133028
v -0.00675626 -0.00631300 0.01122758
v -0.00755374 -0.00236208 0.00995327
v -0.00902945 -0.03072985 0.01720699
v -0.00964156 -0.03366827 0.01792071
v -0.01087066 -0.03722101 0.01861479
v -0.00691716 -0.01034744 0.01201946
v -0.00975970 -0.03797106 0.01906345
v -0.01051985 -0.04211725 0.02001863
v -0.01154887 -0.04410328 0.02049639
v -0.01166288 -0.04008594 0.01938727
v -0.01050013 -0.04807296 0.02191632
v -0.01164311 -0.05068759 0.02253325
v -0.01038311 -0.05382618 0.02370606
v -0.01146768 -0.05586680 0.02398820
v -0.01043683 -0.05898183 0.02491902
v -0.01187811 -0.06043998 0.02483628
v -0.01036028 -0.06251353 0.02531429
v -0.00755232 -0.01803265 0.01369766
v -0.00630420 -0.00265488 0.01046314
v -0.00607709 0.00025297 0.00948163
v -0.00612459 0.00152071 0.00901472
v -0.00827525 -0.02717537 0.01639251
v -0.00782290 -0.02247587 0.01533976
v -0.01163100 -0.06529144 0.02469208
v -0.01044023 -0.06776434 0.02506477
v -0.01241171 -0.05538027 0.02433860
v -0.01247749 -0.06343751 0.02510308
v -0.01246803 -0.06829935 0.02423575
v -0.01136059 -0.06859855 0.02417270
v -0.01232721 -0.04671141 0.02167923
v -0.00776160 0.00041997 0.00989470
v -0.00680715 0.00303864 0.00882714
v -0.00529423 0.00703045 0.00865907
v -0.00596829 0.00799561 0.00902854
v -0.00541726 0.00992967 0.00894594
v -0.01156847 -0.03554661 0.01889588
v -0.00509590 0.00444959 0.00913627
v -0.00391290 0.00738399 0.00931812
v -0.00493909 0.01029044 0.00845542
v -0.00415702 0.01203467 0.00848188
v -0.00503280 0.01545355 0.00720213
v -0.00414221 0.01607971 0.00727325
v -0.00423674 0.01998234 0.00655512
v -0.00276400 0.02131202 0.00680407
v -0.00237879 0.02506435 0.00626643
v -0.00431388 0.02355855 0.00624943
v -0.00316071 0.02935968 0.00557849
v -0.00439146 0.02841093 0.00569692
v -0.00441256 0.03153918 0.00497242
v -0.00273740 0.03160591 0.00521449
v -0.00157086 0.03106101 0.00583837
v -0.00182197 0.02878643 0.00630998
v -0.00916643 -0.03523366 0.01912090
v -0.00994941 -0.04428341 0.02155617
v -0.01241636 -0.07214361 0.02289138
v -0.01777725 -0.02771262 -0.00976264
v -0.01926098 -0.02922713 -0.00998622
v -0.01874169 -0.03097229 -0.01000124
v -0.02014567 -0.03200288 -0.00995378
v -0.02013138 -0.03514873 -0.01003540
v -0.01824992 -0.02589385 -0.01001808
v -0.02121251 -0.03661443 -0.01061998
v -0.02040206 -0.03763694 -0.01067015
v -0.02196645 -0.03997873 -0.01057610
v -0.02256297 -0.04103745 -0.01066200
v -0.02277033 -0.04330501 -0.01049993
v -0.01984908 -0.03979740 -0.01140028
v -0.02110430 -0.04561932 -0.01178575
v -0.02294966 -0.04632244 -0.01090291
v -0.02300260 -0.05330380 -0.01265640
v -0.02385465 -0.04989167 -0.01140033
v -0.02443344 -0.05467896 -0.01224951
v -0.02417765 -0.05799542 -0.01296210
v -0.01829003 -0.03549893 -0.01173193
v -0.01923329 -0.03406244 -0.01081033
v -0.01768671 -0.03186538 -0.01128598
v -0.01563465 -0.02273916 -0.00927113
v -0.01661437 -0.02453165 -0.00935868
v -0.01611236 -0.02075734 -0.00885860
v -0.01418293 -0.01914648 -0.00931069
v -0.01395690 -0.01745310 -0.00876862
v -0.01567395 -0.01729021 -0.00859895
v -0.01382072 -0.01453495 -0.00806107
v -0.01269552 -0.01317659 -0.00816871
v -0.01295465 -0.01041295 -0.00728045
v -0.01170367 -0.00897907 -0.00742199
v -0.01253250 -0.00706152 -0.00678192
v -0.01053789 -0.00328025 -0.00602476
v -0.01730532 -0.02382471 -0.00927745
v -0.01123863 -0.00269426 -0.00597899
v -0.01051702 0.00071621 -0.00507448
v -0.00988021 0.00016790 -0.00557748
v -0.01040144 0.00226645 -0.00509460
v -0.00900746 0.00666334 -0.00543980
v -0.00993619 0.00653572 -0.00511988
v -0.01459045 -0.01291445 -0.00795221
v -0.02401801 -0.04797843 -0.01127343
v -0.02447385 -0.06185952 -0.01319224
v -0.02569803 -0.05738650 -0.01267379
v -0.02588590 -0.05967144 -0.01295256
v -0.02450550 -0.06586704 -0.01301335
v -0.02604008 -0.06626804 -0.01291962
v -0.02554341 -0.07065484 -0.01243450
v -0.02483994 -0.05233104 -0.01210493
v -0.02382394 -0.06941743 -0.01271174
v -0.02313311 -0.07209303 -0.01226989
v -0.01519960 -0.01407671 -0.00858772
v -0.02320692 -0.04453942 -0.01117492
v -0.02410324 -0.07470652 -0.01144210
v -0.01064096 0.00793426 -0.00563300
v -0.02506750 -0.07272378 -0.01209123
v -0.02374884 -0.07688891 -0.01097744
v -0.02164986 -0.07737548 -0.01071597
v -0.01298529 -0.00573720 -0.00715699
v -0.01679728 -0.02023769 -0.00944208
v -0.01396546 -0.00875296 -0.00814262
v -0.01234401 -0.00263962 -0.00731195
v -0.02233748 -0.07576943 -0.01171616
v -0.01123569 0.00362556 -0.00662785
v -0.01160267 0.00161061 -0.00723253
v -0.00975281 0.00743472 -0.00435148
v -0.00962065 0.01111631 -0.00359504
v -0.01049537 0.01246110 -0.00513771
v -0.00971383 0.01705597 -0.00450781
v -0.00911259 0.01565194 -0.00340420
v -0.00883677 0.01656427 -0.00345737
v -0.00923402 0.01970764 -0.00431214
v -0.02638969 -0.06367045 -0.01423367
v -0.02582487 -0.06927015 -0.01423231
v -0.01566556 -0.01675915 -0.01017533
v -0.02591084 -0.05823268 -0.01504148
v -0.01482642 -0.01318669 -0.00952840
v -0.02501807 -0.05338575 -0.01462712
v -0.01266568 -0.00465992 -0.00850007
v -0.02399075 -0.04905548 -0.01411094
v 0.01614705 -0.05144192 0.02140761
v 0.01562602 -0.05138935 0.02103042
v 0.01632415 -0.05549503 0.02213524
v 0.01535263 -0.04705917 0.02051074
v 0.01497265 -0.04721303 0.01972362
v 0.01421883 -0.04254604 0.01931376
v 0.01665510 -0.06057148 0.02181789
v 0.01685635 -0.05917932 0.02269326
v 0.01686162 -0.06214079 0.02289542
v 0.01696670 -0.06818456 0.02099706
v 0.01703962 -0.06650276 0.02244337
v 0.01669060 -0.07070618 0.02180733
v 0.01660838 -0.07146360 0.02031202
v 0.01566133 -0.05088208 0.01981421
v 0.01653675 -0.05661073 0.02064817
v 0.01493603 -0.04560789 0.01845773
v 0.01390670 -0.04155732 0.01855865
v 0.01340182 -0.03818752 0.01884070
v 0.01257083 -0.03636880 0.01818802
v 0.01150664 -0.03279296 0.01804760
v 0.01135149 -0.03241862 0.01652678
v 0.01066806 -0.02999284 0.01727232
v 0.01127445 -0.03027446 0.01788639
v 0.01016716 -0.02743610 0.01719620
v 0.00955017 -0.02649022 0.01617694
v 0.00878402 -0.02466299 0.01656007
v 0.01718749 -0.07062289 0.02214227
v 0.01556190 -0.07469838 0.02072425
v 0.00908717 -0.02179242 0.01656189
v 0.01515958 -0.04226976 0.01960804
v 0.01829510 -0.06624651 0.02281614
v 0.01854531 -0.06237006 0.02297811
v 0.01641530 -0.07505267 0.02080789
v 0.01485594 -0.07722834 0.01972495
v 0.01405490 -0.07857122 0.01871252
v 0.01170012 -0.02634395 0.01716957
v 0.01759019 -0.05459164 0.02210392
v 0.01253737 -0.03045006 0.01786418
v 0.01681059 -0.04663935 0.02042956
v 0.01449527 -0.03620895 0.01844388
v 0.01475430 -0.07937699 0.01838299
v 0.01180370 -0.08244547 0.01604453
v 0.01786546 -0.05153218 0.02130570
v 0.01585326 -0.04111580 0.01910887
v 0.01480449 -0.07661520 0.01785040
v 0.01356050 -0.07947701 0.01738387
v 0.01074877 -0.08295468 0.01473721
v 0.00966935 -0.08486337 0.01368768
v 0.00873129 -0.08520312 0.01181807
v 0.00856336 -0.08640332 0.01174648
v 0.00763346 -0.08611563 0.00989959
v 0.00761246 -0.08703750 0.00977955
v 0.01582940 -0.07420556 0.01926975
v 0.01382729 -0.04043177 0.01761098
v 0.01264491 -0.03587119 0.01683149
v 0.00072341 -0.00782543 -0.01321108
v -0.00073411 -0.01012783 -0.01391726
v 0.00016329 -0.01231719 -0.01410083
v -0.00063357 -0.01563144 -0.01519814
v 0.00056706 -0.01516404 -0.01482778
v 0.00043268 -0.01932709 -0.01602057
v -0.00056398 -0.02127094 -0.01678371
v 0.00074246 -0.02362108 -0.01698946
v 0.00018533 -0.02645632 -0.01807180
v -0.00059338 -0.00467227 -0.01237489
v 0.00070379 -0.00312768 -0.01192742
v -0.00060270 0.00109600 -0.01133449
v 0.00163627 -0.02700455 -0.01819705
v -0.00006880 -0.03105375 -0.01961559
v 0.00164463 -0.03118123 -0.01956156
v 0.00096679 -0.03319550 -0.01970988
v 0.00032854 0.00222836 -0.01128171
v -0.00098993 0.00453432 -0.01081136
v 0.00008219 -0.03658176 -0.02091149
v 0.00160719 -0.03584081 -0.02066288
v 0.00159663 -0.03954387 -0.02154463
v 0.00004193 -0.04024993 -0.02210084
v 0.00042472 -0.04358753 -0.02256436
v 0.00228642 -0.04203971 -0.02247271
v 0.00147494 -0.04498381 -0.02261345
v 0.00045120 -0.04778490 -0.02347491
v 0.00239056 -0.04696846 -0.02338494
v 0.00247387 -0.05061447 -0.02451474
v 0.00045047 -0.05137782 -0.02439142
v 0.00254156 -0.05395320 -0.02527686
v 0.00006053 -0.05444132 -0.02519665
v 0.00234645 -0.05617256 -0.02532254
v 0.00023562 -0.06467205 -0.02518952
v 0.00185049 -0.06732727 -0.02530275
v 0.00132045 -0.01779841 -0.01586664
v 0.00152832 -0.02178575 -0.01690042
v 0.00042679 -0.07009295 -0.02534800
v 0.00289152 -0.06926136 -0.02535899
v 0.00097721 -0.01170586 -0.01427799
v 0.00073329 0.00664399 -0.01127835
v 0.00257373 -0.06650707 -0.02555699
v -0.00049325 -0.07363584 0.02443059
v -0.00277468 -0.07550574 0.02333813
v -0.00262152 -0.07296405 0.02458496
v -0.00042919 -0.07765986 0.02202876
v -0.00250900 -0.07833533 0.02128707
v -0.00232383 -0.08023238 0.01961847
v 0.00007496 -0.08049418 0.01992644
v -0.00233154 -0.08317703 0.01629235
v 0.00010295 -0.08417870 0.01522730
v -0.00200258 -0.08444602 0.01469247
v -0.00263020 -0.08616642 0.01170395
v 0.00013541 -0.08620873 0.01193956
v -0.00041689 -0.07006326 0.02543464
v -0.00273490 -0.07004126 0.02542527
v -0.00258442 -0.08490319 0.01471529
v -0.02134771 -0.02564384 -0.00338358
v -0.02027778 -0.02719570 -0.00342007
v -0.02227781 -0.03181379 -0.00376002
v -0.01943507 -0.02070694 -0.00317828
v -0.02159250 -0.03214626 -0.00348886
v -0.02223334 -0.03492977 -0.00346961
v -0.02356838 -0.03797970 -0.00367677
v -0.02466725 -0.03960871 -0.00381535
v -0.02500608 -0.04371304 -0.00365925
v -0.02599930 -0.04061075 -0.00354830
v -0.02701014 -0.04768950 -0.00389937
v -0.02455875 -0.03601650 -0.00344919
v -0.02314182 -0.03106846 -0.00340644
v -0.02069041 -0.02147673 -0.00287930
v -0.01939609 -0.01717901 -0.00270288
v -0.01785158 -0.01564304 -0.00277212
v -0.01829695 -0.01316878 -0.00231893
v -0.01683813 -0.01166188 -0.00262779
v -0.01666007 -0.00758448 -0.00237621
v -0.01513302 -0.00503620 -0.00262474
v -0.01553564 -0.00296388 -0.00223455
v -0.02736491 -0.04567941 -0.00354633
v -0.02889123 -0.05051160 -0.00375187
v -0.02819859 -0.05406715 -0.00379582
v -0.02975037 -0.05690077 -0.00396213
v -0.01445864 -0.00020862 -0.00237341
v -0.01245224 -0.00157709 -0.00226869
v -0.01404619 0.00348587 -0.00226494
v -0.01134473 0.00159991 -0.00259604
v -0.01236746 0.00773454 -0.00246799
v -0.01026113 0.00704584 -0.00264006
v -0.01120918 0.01371844 -0.00236254
v -0.00982246 0.01142784 -0.00278378
v -0.00904706 0.01632030 -0.00280323
v -0.01031247 0.01838743 -0.00240163
v -0.00844995 0.02268890 -0.00296110
v -0.01401229 -0.00694401 -0.00240895
v -0.01342766 -0.00443733 -0.00221504
v -0.02898614 -0.05857644 -0.00356847
v -0.01493242 -0.00970044 -0.00228142
v -0.01616031 -0.01236078 -0.00227640
v -0.01680218 -0.01493408 -0.00218052
v -0.01790138 -0.01900458 -0.00260949
v -0.02891046 -0.06625917 -0.00337653
v -0.03005898 -0.06659217 -0.00363700
v -0.02865307 -0.07011699 -0.00340682
v -0.02775516 -0.07142548 -0.00326000
v -0.02682279 -0.07587657 -0.00330598
v -0.02634338 -0.07445039 -0.00317020
v -0.02333250 -0.07916822 -0.00327780
v -0.02155003 -0.08193103 -0.00320651
v -0.01881169 -0.08378988 -0.00305909
v -0.02934681 -0.07170809 -0.00311277
v -0.02642962 -0.04821608 -0.00354872
v -0.02766545 -0.05265596 -0.00350868
v -0.03081856 -0.06005461 -0.00356998
v -0.01928815 -0.02395436 -0.00271771
v -0.01956443 -0.08232353 -0.00275353
v -0.01014136 0.00567889 -0.00283711
v -0.03034573 -0.05590085 -0.00352150
v -0.01049062 0.00286943 -0.00229404
v -0.00972164 0.02213416 -0.00218030
v -0.01715222 -0.08415097 -0.00201905
v -0.00870801 0.02718431 -0.00192804
v -0.03050485 -0.06874892 -0.00284943
v -0.01090919 0.01764067 -0.00200095
v -0.01168968 0.01396380 -0.00190084
v -0.01886048 -0.08482166 -0.00189011
v 0.02032744 -0.04133691 -0.01549381
v 0.01966052 -0.04060615 -0.01355535
v 0.02042681 -0.04316121 -0.01456641
v 0.02152282 -0.04830351 -0.01545672
v 0.01911586 -0.03645480 -0.01279986
v 0.01961020 -0.03807442 -0.01470872
v 0.01824554 -0.03199515 -0.01328747
v 0.02121919 -0.04662144 -0.01702976
v 0.02239083 -0.05169475 -0.01775786
v 0.02247849 -0.05432758 -0.01653774
v 0.02275357 -0.05555859 -0.01795323
v 0.01864779 -0.03383759 -0.01227641
v 0.01751079 -0.02907609 -0.01144251
v 0.01696874 -0.02559737 -0.01205423
v 0.01597729 -0.02414941 -0.01010639
v 0.02248552 -0.05979315 -0.01784913
v 0.02241390 -0.05861121 -0.01958585
v 0.02236028 -0.06362753 -0.01804030
v 0.02221118 -0.06355947 -0.01978680
v 0.02267173 -0.06653436 -0.01921319
v 0.02263680 -0.06647840 -0.01760690
v 0.02271669 -0.07034693 -0.01692617
v 0.01631128 -0.02310866 -0.01056326
v 0.01589588 -0.02119607 -0.01156738
v 0.01534496 -0.02078969 -0.00942314
v 0.01574079 -0.01968173 -0.01027337
v 0.01520288 -0.01751266 -0.00875102
v 0.01502646 -0.01519926 -0.00940679
v 0.01456016 -0.01416726 -0.00753296
v 0.01444236 -0.01336452 -0.00840400
v 0.01405180 -0.01166491 -0.00652262
v 0.02247208 -0.07062806 -0.01852316
v 0.02251328 -0.07169857 -0.01625082
v 0.02211644 -0.07447241 -0.01536200
v 0.01511476 -0.01818567 -0.01087710
v 0.01357142 -0.01132888 -0.00806833
v 0.01351315 -0.00780890 -0.00619244
v 0.01285928 -0.00635111 -0.00700415
v 0.01291807 -0.00418685 -0.00582780
v 0.01195326 -0.00182199 -0.00662564
v 0.01262808 -0.00216365 -0.00535802
v 0.01335624 -0.00590041 -0.00528190
v 0.01198859 0.00224490 -0.00547291
v -0.00953985 -0.07226379 -0.02368824
v -0.00920751 -0.07578976 -0.02329645
v -0.00927133 -0.07443553 -0.02284844
v -0.00949758 -0.07241555 -0.02539010
v -0.00971785 -0.06886720 -0.02490558
v -0.00968376 -0.06701230 -0.02686057
v -0.00970630 -0.06446444 -0.02543170
v -0.00959518 -0.05665088 -0.02662989
v -0.00962660 -0.05944435 -0.02531662
v -0.00969386 -0.05659358 -0.02477570
v -0.00953317 -0.05226701 -0.02457838
v -0.00850079 -0.07725927 -0.02102877
v -0.00812006 -0.07898498 -0.02036659
v -0.00729358 -0.08015182 -0.01847585
v -0.00759255 -0.08062309 -0.01990405
v -0.00717222 -0.08147622 -0.01736037
v -0.00914653 -0.05285375 -0.02412042
v -0.00926111 -0.04965699 -0.02365300
v -0.00689100 -0.08215359 -0.01847617
v -0.00663597 -0.08344177 -0.01500027
v -0.00695371 -0.08437606 -0.01444844
v -0.00695248 -0.08562126 -0.01278980
v -0.00632864 -0.08482078 -0.01257266
v -0.00784131 -0.07875114 -0.02184201
v -0.00625419 -0.08549428 -0.01451853
v -0.00882940 -0.07597968 -0.02392362
v -0.00770077 -0.08606001 -0.01091055
v -0.00776059 -0.08625222 -0.01148170
v 0.01472461 -0.00969715 -0.00572692
v 0.01671708 -0.01242323 -0.00570459
v 0.01727250 -0.01721848 -0.00552190
v 0.01833723 -0.01702837 -0.00540118
v 0.01665827 -0.00929012 -0.00549721
v 0.01896113 -0.02074989 -0.00550030
v 0.01545005 -0.00640973 -0.00623175
v 0.01407667 -0.00525014 -0.00600250
v 0.01464844 -0.00356144 -0.00613779
v 0.01336454 0.00061138 -0.00582152
v 0.01198859 0.00224490 -0.00547291
v 0.01257270 0.00460240 -0.00547311
v 0.01059604 0.00617406 -0.00554303
v 0.01052981 0.01154773 -0.00531122
v 0.00942393 0.01139585 -0.00509001
v 0.00981590 0.00610037 -0.00538698
v 0.00945952 0.01604512 -0.00489074
v 0.01388054 0.00172365 -0.00558033
v 0.01048079 0.00201040 -0.00607298
v 0.01090434 0.01373416 -0.00493219
v 0.01030731 0.01720430 -0.00438273
v 0.00881199 0.02112021 -0.00436199
v 0.00760371 0.02184832 -0.00423654
v 0.00831495 0.02542403 -0.00411049
v 0.00702240 0.03197652 -0.00445401
v 0.00640783 0.02879147 -0.00447885
v 0.00494493 0.03119855 -0.00443044
v 0.01128057 -0.00092029 -0.00659709
v 0.01195326 -0.00182199 -0.00662564
v 0.01153996 -0.00603684 -0.00721473
v 0.01285928 -0.00635111 -0.00700415
v 0.00907261 0.02420165 -0.00355211
v 0.01220746 -0.00740155 -0.00757561
v 0.01357142 -0.01132888 -0.00806833
v 0.01305453 -0.01332486 -0.00835058
v 0.01444236 -0.01336452 -0.00840400
v 0.00796925 0.02940103 -0.00380017
v 0.00679373 0.03402272 -0.00432400
v 0.00492945 0.03334258 -0.00521628
v 0.00572424 0.03689503 -0.00529088
v 0.00777016 0.03689630 -0.00292218
v 0.00430993 0.03476620 -0.00627473
v 0.01879033 -0.01747656 -0.00485091
v 0.02038688 -0.02394744 -0.00572322
v 0.01966458 -0.02656758 -0.00608398
v 0.02105330 -0.02974462 -0.00670311
v 0.02191671 -0.02952649 -0.00620913
v 0.02287800 -0.03372523 -0.00694092
v 0.02166208 -0.03435419 -0.00719336
v 0.02372182 -0.03703271 -0.00750302
v 0.02379520 -0.04039260 -0.00820218
v 0.02555302 -0.04343246 -0.00808284
v 0.02527511 -0.04535894 -0.00875647
v 0.02719151 -0.05137769 -0.00905291
v 0.02569750 -0.05025060 -0.00916038
v 0.02726215 -0.05618375 -0.00955166
v 0.02813295 -0.05961110 -0.00981553
v 0.02876643 -0.05865142 -0.00920467
v 0.02703769 -0.06923137 -0.01028361
v 0.02859698 -0.06477251 -0.00972833
v 0.02759327 -0.07043389 -0.00980177
v 0.02616460 -0.07279341 -0.00987744
v 0.02575221 -0.07181103 -0.00995798
v 0.02426137 -0.04483483 -0.00855806
v 0.01772534 -0.02106630 -0.00499799
v 0.01856929 -0.02328615 -0.00544040
v 0.02030373 -0.03205621 -0.00638990
v 0.02151950 -0.03569882 -0.00714193
v 0.02294849 -0.04184601 -0.00763110
v 0.01262808 -0.00216365 -0.00535802
v 0.02518948 -0.07258795 -0.00928999
v 0.02353855 -0.07505169 -0.00906745
v 0.02420177 -0.07591934 -0.00905728
v 0.01962039 -0.07935061 -0.00862913
v 0.01335624 -0.00590041 -0.00528190
v 0.02656885 -0.06559605 -0.00951939
v -0.01017187 -0.06962382 0.02538711
v -0.00956487 -0.07502073 0.02235480
v -0.00958174 -0.07469189 0.02205670
v -0.00916271 -0.07818815 0.02093512
v -0.00935535 -0.07758649 0.02001123
v -0.00838140 -0.08056699 0.01810159
v -0.00885755 -0.08030531 0.01918303
v -0.00730368 -0.08251581 0.01688606
v -0.01042951 -0.07220368 0.02459177
v -0.01029675 -0.07564126 0.02239354
v 0.00004193 -0.04024993 -0.02210084
v 0.00017919 -0.04356809 -0.02404188
v 0.00005824 -0.04377789 -0.02339281
v 0.00013675 -0.03751389 -0.02250741
v 0.00005152 -0.05000690 -0.02470702
v -0.00034795 -0.03298914 -0.02085217
v 0.00041549 -0.04846031 -0.02504451
v 0.00013274 -0.05128065 -0.02554777
v -0.00004616 -0.05620234 -0.02640371
v 0.00006053 -0.05444132 -0.02519665
v -0.00004863 -0.05881380 -0.02583859
v 0.00021854 -0.05900370 -0.02680482
v 0.00031787 -0.06653909 -0.02701745
v 0.00014722 -0.06743350 -0.02638222
v 0.00023562 -0.06467205 -0.02518952
v 0.00042679 -0.07009295 -0.02534800
v 0.00057392 -0.07183904 -0.02625336
v 0.00061898 -0.07292772 -0.02455593
v 0.00058852 -0.07644801 -0.02416168
v 0.00038687 -0.07884737 -0.02258362
v 0.00053196 -0.07585847 -0.02304313
v 0.00047441 -0.07841436 -0.02136985
v -0.00030347 -0.08081124 -0.01946153
v -0.00012269 -0.08101108 -0.02109837
v -0.00084449 -0.08228051 -0.01916945
v -0.00072347 -0.08247370 -0.01725718
v -0.00098105 -0.08364879 -0.01687343
v -0.00072102 -0.08439593 -0.01438703
v -0.00102908 -0.08504937 -0.01563776
v -0.00041838 -0.08351719 -0.01864956
v -0.00103241 -0.08612654 -0.01375574
v -0.00087418 -0.08608198 -0.01150503
v 0.00000538 -0.03203028 -0.02113546
v -0.00006880 -0.03105375 -0.01961559
v -0.00016776 -0.02814989 -0.01968843
v 0.00018533 -0.02645632 -0.01807180
v 0.00008219 -0.03658176 -0.02091149
v -0.00041174 -0.02464290 -0.01863411
v -0.00044148 -0.02253238 -0.01841111
v -0.00056398 -0.02127094 -0.01678371
v -0.00075057 -0.01871955 -0.01669210
v -0.00049155 -0.01658131 -0.01692661
v -0.00082251 -0.01460287 -0.01566294
v -0.00057335 -0.01142037 -0.01558142
v -0.00063357 -0.01563144 -0.01519814
v -0.00073411 -0.01012783 -0.01391726
v -0.00093836 -0.01019431 -0.01468423
v -0.00079091 -0.00322788 -0.01298948
v -0.00045109 -0.00439783 -0.01414562
v -0.00058097 0.00044600 -0.01312681
v -0.00109941 0.00201021 -0.01176241
v -0.00059338 -0.00467227 -0.01237489
v -0.00065168 0.00473607 -0.01244581
v -0.00142239 0.00519787 -0.01115153
v -0.00116677 0.00810084 -0.01121803
v 0.00042472 -0.04358753 -0.02256436
v 0.00045120 -0.04778490 -0.02347491
v 0.00045047 -0.05137782 -0.02439142
v -0.00130886 -0.08664206 -0.01165121
v -0.00098993 0.00453432 -0.01081136
v -0.00060270 0.00109600 -0.01133449
v -0.02033476 -0.03073240 0.00578950
v -0.02144494 -0.03467809 0.00573736
v -0.02126984 -0.03168399 0.00477901
v -0.01963877 -0.02743734 0.00460153
v -0.01914337 -0.02581847 0.00492953
v -0.01792562 -0.02115056 0.00419786
v -0.01792683 -0.02117364 0.00490326
v -0.01718766 -0.01796823 0.00422743
v -0.02136689 -0.03435037 0.00689765
v -0.02355697 -0.04193423 0.00588266
v -0.02268407 -0.04037624 0.00694349
v -0.02461346 -0.04745947 0.00725098
v -0.02382450 -0.04541978 0.00845434
v -0.02500011 -0.05089015 0.00815849
v -0.02578735 -0.05436845 0.00802476
v -0.02591984 -0.05524221 0.00980491
v -0.01732782 -0.01790095 0.00542918
v -0.02471013 -0.04907797 0.00892576
v -0.02529357 -0.05130501 0.00953131
v -0.01576517 -0.01504468 0.00574055
v -0.01545727 -0.01390305 0.00544674
v -0.01448341 -0.01139515 0.00615199
v -0.01453068 -0.01091372 0.00566635
v -0.01384785 -0.00857746 0.00622640
v -0.01365344 -0.00656854 0.00579748
v -0.02321655 -0.04181368 0.00813411
v -0.02214429 -0.03601570 0.00737067
v -0.02309175 -0.03648873 0.00525984
v -0.02066485 -0.03013923 0.00652373
v -0.01922331 -0.02386711 0.00558386
v -0.02320620 -0.06310941 0.01940879
v -0.02377912 -0.05968960 0.01892589
v -0.02371435 -0.06631158 0.01883716
v -0.02270772 -0.06914530 0.01926785
v -0.02183488 -0.05810688 0.01971312
v -0.02265502 -0.05293080 0.01821470
v -0.02168088 -0.06577561 0.01950555
v -0.02096420 -0.05188907 0.01821815
v -0.02164524 -0.04779094 0.01703139
v -0.01970323 -0.04746662 0.01719986
v -0.02032955 -0.04417290 0.01649242
v -0.02065928 -0.06969594 0.01909361
v -0.01904282 -0.04491473 0.01642640
v -0.01880280 -0.04125098 0.01575731
v -0.02129025 -0.05911590 0.01954328
v -0.01975504 -0.04996365 0.01747646
v -0.02055591 -0.05343926 0.01821608
v -0.02038509 -0.04115903 0.01547465
v -0.01866975 -0.03674901 0.01468190
v -0.01807627 -0.03845529 0.01488989
v -0.01682155 -0.03229186 0.01345843
v -0.01776555 -0.03229315 0.01373206
v -0.01649655 -0.02790372 0.01292129
v -0.01963829 -0.07430466 0.01803721
v -0.02169212 -0.07212482 0.01862412
v -0.02120590 -0.06556200 0.01903185
v -0.01947951 -0.07411044 0.01752968
v -0.01820975 -0.07654505 0.01704401
v -0.00557826 0.01698309 0.00923380
v -0.00611248 0.01460196 0.00837426
v -0.00613759 0.01202264 0.00951312
v -0.00545754 0.02144400 0.00762264
v -0.00544936 0.01071864 0.01060414
v -0.00051052 -0.07253769 0.02624082
v -0.00322082 -0.07318744 0.02598794
v -0.00055813 -0.07683409 0.02406971
v -0.00279773 -0.07703941 0.02392755
v -0.00229853 -0.07965909 0.02208848
v -0.00021200 -0.07867906 0.02264770
v -0.00075090 -0.08097750 0.02097655
v -0.00284866 -0.06863882 0.02724682
v -0.00037380 -0.06783183 0.02736954
v 0.00037497 -0.08175608 0.01991382
v 0.00024070 -0.08500829 0.01641659
v -0.00195105 -0.08431448 0.01723161
v -0.00204086 -0.08221585 0.01936478
v -0.00229116 -0.08593349 0.01466296
v 0.00026540 -0.08627417 0.01407410
v 0.00023958 -0.08803776 0.01121820
v -0.02159250 -0.03214626 -0.00348886
v -0.02042902 -0.02845926 -0.00235571
v -0.02223334 -0.03492977 -0.00346961
v -0.02027778 -0.02719570 -0.00342007
v -0.01928815 -0.02395436 -0.00271771
v -0.02224385 -0.03244630 -0.00141857
v -0.02348079 -0.03754937 -0.00147936
v -0.02356777 -0.03872422 -0.00308055
v -0.02500999 -0.04286501 -0.00141708
v -0.02502586 -0.04416757 -0.00300186
v -0.02643185 -0.04765028 -0.00151807
v -0.02642962 -0.04821608 -0.00354872
v -0.02766545 -0.05265596 -0.00350868
v -0.02054521 -0.02726705 -0.00150939
v -0.01914395 -0.02260201 -0.00144165
v -0.01790138 -0.01900458 -0.00260949
v -0.01769553 -0.01820957 -0.00146580
v -0.01680218 -0.01493408 -0.00218052
v -0.01723506 -0.01485967 -0.00075656
v -0.01619190 -0.01192311 -0.00089124
v -0.01616031 -0.01236078 -0.00227640
v -0.01483381 -0.00981091 -0.00161063
v -0.02500608 -0.04371304 -0.00365925
v -0.01413931 -0.00717263 -0.00098761
v -0.01401229 -0.00694401 -0.00240895
v -0.01342766 -0.00443733 -0.00221504
v -0.01309756 -0.00342505 -0.00143042
v -0.01245224 -0.00157709 -0.00226869
v -0.01204896 -0.00056907 -0.00120327
v -0.01107904 0.00106896 -0.00172543
v -0.01493242 -0.00970044 -0.00228142
v -0.01378040 -0.00383645 -0.00064816
v -0.02356838 -0.03797970 -0.00367677
v -0.01091797 0.00439769 -0.00081603
v -0.01134473 0.00159991 -0.00259604
v -0.02228055 -0.02869203 -0.00152521
v -0.02224385 -0.03244630 -0.00141857
v -0.02054521 -0.02726705 -0.00150939
v -0.02127493 -0.02576142 -0.00133757
v -0.02025445 -0.02339540 -0.00114188
v -0.02296283 -0.03215058 -0.00132234
v -0.02397121 -0.03578848 -0.00125177
v -0.02348079 -0.03754937 -0.00147936
v -0.02540846 -0.03935550 -0.00118830
v -0.02500999 -0.04286501 -0.00141708
v -0.02628096 -0.04394625 -0.00113537
v -0.02643185 -0.04765028 -0.00151807
v -0.02742553 -0.04741518 -0.00120348
v -0.02779457 -0.05218436 -0.00130383
v -0.01914395 -0.02260201 -0.00144165
v -0.02056444 -0.02157827 -0.00134635
v -0.01872484 -0.01866630 -0.00088069
v -0.01769553 -0.01820957 -0.00146580
v -0.02815827 -0.04826385 -0.00145855
v -0.02892911 -0.05125751 -0.00113560
v -0.02984733 -0.05498924 -0.00114082
v -0.02895238 -0.05762349 -0.00143376
v -0.02921851 -0.06093865 -0.00134464
v -0.03007606 -0.06373158 -0.00103354
v -0.02888345 -0.06616262 -0.00119871
v -0.03066549 -0.05830489 -0.00135749
v -0.03065272 -0.06691517 -0.00097933
v -0.02845938 -0.06992333 -0.00056479
v -0.02978923 -0.07043798 -0.00074691
v -0.02791393 -0.07427377 -0.00047858
v -0.02728579 -0.07274457 -0.00064120
v -0.02531809 -0.07790236 -0.00034069
v -0.02669554 -0.04306634 -0.00136868
v -0.02547578 -0.07584252 -0.00061482
v -0.02299683 -0.07905814 -0.00069056
v -0.02781257 -0.07517761 -0.00068036
v -0.01965019 -0.01783141 -0.00152752
v -0.02457552 -0.03624212 -0.00147060
v -0.02261357 -0.08050240 -0.00032605
v -0.01971206 -0.08211620 -0.00004596
v -0.01997808 -0.08344054 0.00008301
v -0.01748703 -0.08494996 0.00095280
v -0.02363673 -0.03248551 -0.00194786
v -0.01848391 -0.01436783 -0.00085871
v -0.01723506 -0.01485967 -0.00075656
v -0.01713410 -0.01176291 -0.00048458
v -0.01733765 -0.01023651 -0.00077053
v -0.01583746 -0.00502935 -0.00062848
v -0.01521577 -0.00588810 -0.00038362
v -0.01445937 0.00192077 -0.00079828
v -0.01414018 -0.00094113 -0.00037355
v -0.01299744 0.00418431 -0.00045886
v -0.01301731 0.00721269 -0.00086833
v -0.01378040 -0.00383645 -0.00064816
v -0.01222781 0.00989772 -0.00072584
v -0.01117054 0.01028038 -0.00031040
v -0.01145193 0.01411191 -0.00081152
v -0.00992889 0.01628797 -0.00041152
v -0.01091797 0.00439769 -0.00081603
v -0.01204896 -0.00056907 -0.00120327
v -0.01063630 0.01767197 -0.00092086
v -0.01017748 0.02077002 -0.00094998
v -0.00988584 0.01247707 -0.00061057
v -0.00791223 0.01887344 -0.00065362
v -0.00838525 0.02098591 -0.00020478
v -0.00909080 0.02260604 -0.00025092
v -0.00697171 0.02373339 0.00003028
v -0.00694511 0.02797050 0.00074641
v -0.00894017 0.02744365 -0.00004816
v -0.00835835 0.03001541 0.00031116
v -0.00634775 0.02618502 0.00024951
v -0.01413931 -0.00717263 -0.00098761
v -0.01619190 -0.01192311 -0.00089124
v -0.02400666 -0.08010642 -0.00078148
v -0.02171683 -0.08238998 -0.00107313
v -0.01832928 -0.08524564 -0.00007367
v -0.01553282 -0.08636913 0.00185139
v -0.01610358 -0.08535090 0.00152270
v -0.02817496 -0.06977080 -0.00089127
v -0.00057335 -0.01142037 -0.01558142
v -0.00045109 -0.00439783 -0.01414562
v 0.00037961 -0.01175314 -0.01588209
v 0.00050711 -0.00378128 -0.01419114
v -0.00058097 0.00044600 -0.01312681
v -0.00049155 -0.01658131 -0.01692661
v 0.00125010 -0.01899838 -0.01764561
v 0.00081369 0.00107747 -0.01308468
v -0.00044148 -0.02253238 -0.01841111
v 0.00083074 -0.02570252 -0.01941239
v -0.00065168 0.00473607 -0.01244581
v 0.00075779 0.00568210 -0.01227711
v 0.00003468 0.00894796 -0.01167730
v -0.00016776 -0.02814989 -0.01968843
v -0.00116677 0.00810084 -0.01121803
v 0.00000538 -0.03203028 -0.02113546
v 0.00123321 -0.00880462 -0.01494523
v 0.00112717 -0.01269223 -0.01581109
v 0.00128148 -0.00275928 -0.01353747
v 0.00366012 0.01504940 0.01028784
v 0.00341757 0.00869441 0.01094625
v 0.00428255 0.01007972 0.01103841
v 0.00496316 0.00602871 0.01164188
v 0.00401033 0.00490076 0.01163217
v 0.00460915 0.00245693 0.01234649
v 0.00570743 0.00221924 0.01230653
v 0.00526453 -0.00238973 0.01308129
v 0.00650487 -0.00265027 0.01302691
v 0.00621375 -0.00620637 0.01368673
v 0.00569067 -0.00878308 0.01363762
v 0.00478486 0.01487143 0.01000423
v 0.00354188 0.01927292 0.00952218
v 0.00449928 0.01971253 0.00907556
v 0.00490569 0.01071853 0.01068400
v 0.00361764 0.02388999 0.00881365
v 0.00552026 0.00627478 0.01115556
v 0.00357121 0.02857012 0.00808918
v 0.00265537 0.02801971 0.00807829
v 0.00277632 0.03379268 0.00756344
v 0.00194069 0.02777771 0.00788866
v 0.00162290 0.03316369 0.00753201
v 0.00055639 0.02878398 0.00817199
v -0.00000796 0.03446331 0.00790985
v 0.00025660 0.02516555 0.00895258
v 0.00081335 0.02159927 0.00955690
v 0.00010571 0.03674931 0.00804910
v 0.00312549 0.03686967 0.00742959
v -0.00042642 0.02830905 0.00800625
v 0.00236982 0.02271769 0.00831793
v 0.00139538 0.01798745 0.01014887
v 0.00461054 0.03377544 0.00626215
v 0.00506418 0.03684541 0.00626834
v 0.00700022 0.03443249 0.00428942
v 0.00624476 0.03402132 0.00505337
v 0.00788104 0.02975732 0.00421213
v 0.00592821 0.03233008 0.00500150
v 0.00794552 0.02636180 0.00482929
v 0.00770944 0.03686225 0.00348159
v 0.00848719 0.02572335 0.00419714
v 0.00912546 0.02022328 0.00526126
v 0.00428898 0.03167409 0.00516989
v 0.00558127 0.03753441 0.00686891
v 0.00727304 0.03751173 0.00524951
v 0.00878018 0.03764894 0.00280013
v 0.00743199 0.04404888 0.00519738
v 0.00870099 0.05736873 0.00277042
v 0.00721983 0.05924606 0.00549525
v 0.00820012 0.07142861 0.00412862
v 0.00734766 0.07378103 0.00553717
v 0.00871773 0.08806791 0.00323520
v 0.00769661 0.08859242 0.00506542
v -0.00437804 0.01301494 0.01018272
v -0.00512017 0.00808644 0.01091442
v -0.00421233 0.00837137 0.01060532
v -0.00560795 0.00503192 0.01101511
v -0.00544936 0.01071864 0.01060414
v -0.00470427 0.01739327 0.00954551
v -0.00380881 0.01648184 0.00957536
v -0.00398033 0.02411543 0.00856314
v -0.00480446 0.02131982 0.00885488
v -0.00600173 0.00784838 0.01057196
v -0.00557826 0.01698309 0.00923380
v -0.00671992 0.00508084 0.01033867
v -0.00743788 0.00119407 0.01108365
v -0.00271943 0.02573205 0.00798603
v -0.00322243 0.01942399 0.00881466
v -0.00249526 0.03023533 0.00767657
v -0.00364732 0.03064810 0.00772313
v -0.00287287 0.03386023 0.00755871
v -0.00147205 0.03276530 0.00731004
v -0.00293443 0.03692236 0.00762451
v -0.00430043 0.03084390 0.00736746
v -0.00476888 0.03660532 0.00637283
v -0.00482336 0.02609852 0.00773081
v -0.00498832 0.03759331 0.00727547
v -0.00272330 0.03769230 0.00852318
v -0.00529662 0.04179705 0.00721962
v -0.00260034 0.05446920 0.00853730
v -0.00265034 0.07498486 0.00850922
v -0.00459530 0.06242377 0.00748986
v 0.00015169 0.04460675 0.00897311
v 0.00024521 0.07284994 0.00899046
v -0.00270986 0.08845628 0.00844344
v 0.00023436 0.08862346 0.00893325
v 0.00012433 0.03761565 0.00880950
v 0.00276899 0.07010235 0.00859633
v 0.00311144 0.08824562 0.00847900
v 0.00300460 0.04215548 0.00845392
v 0.00284341 0.03756957 0.00837543
v 0.00271687 0.05337061 0.00852986
v -0.00442223 0.08834519 0.00741832
v 0.00297979 0.08936048 0.00808169
v -0.00569155 0.07867010 0.00655422
v -0.00538736 0.05503285 0.00691577
v 0.00459148 0.07212586 0.00778563
v 0.00566266 0.05988790 0.00706549
v -0.00250484 0.08934246 0.00788356
v 0.00586324 0.07644450 0.00704511
v 0.00559616 0.08860373 0.00715697
v 0.00568801 0.04448020 0.00695131
v -0.00689621 0.04272101 0.00569964
v -0.00718577 0.03760874 0.00512893
v -0.00651889 0.08818604 0.00531231
v -0.00656861 0.05571914 0.00570142
v -0.00566085 0.08937483 0.00572970
v -0.00709150 0.07342553 0.00468593
v -0.00752461 0.05244317 0.00420286
v -0.00862329 0.04283914 0.00260108
v -0.00691956 0.03690488 0.00435889
v -0.00858019 0.03768533 0.00244748
v -0.00781732 0.08815998 0.00254421
v -0.00806681 0.07123138 0.00233712
v -0.00833184 0.05098550 0.00229230
v -0.00707981 0.08938379 0.00276720
v -0.00791441 0.03691330 0.00207243
v -0.00545754 0.02144400 0.00762264
v 0.02346570 -0.07159819 0.01257019
v 0.02232726 -0.07625952 0.01143523
v 0.02258370 -0.07434725 0.01335671
v 0.02426598 -0.06778661 0.01321194
v 0.02415393 -0.06777088 0.01484086
v 0.02459033 -0.06293696 0.01345045
v 0.02357433 -0.07153589 0.01504347
v 0.02463536 -0.06596873 0.01564807
v 0.02304042 -0.07452420 0.01426450
v 0.02143885 -0.07693488 0.01264904
v 0.02067967 -0.07830919 0.01222280
v 0.02005194 -0.07939659 0.00909335
v 0.01897792 -0.07979361 0.01103906
v 0.01663944 -0.08291249 0.00647498
v 0.01706091 -0.08223124 0.00917631
v 0.01424305 -0.08461569 0.00578793
v 0.01326953 -0.08485350 0.00792110
v 0.01453116 -0.08426172 0.00832441
v -0.00850824 0.01141818 -0.00350310
v -0.00896322 0.00930750 -0.00429452
v -0.00856847 0.01071627 -0.00531359
v -0.00770316 0.01519313 -0.00439277
v -0.00909261 0.00782682 -0.00329426
v -0.00900746 0.00666334 -0.00543980
v -0.00910226 0.00759203 -0.00695634
v -0.00912706 0.00282605 -0.00697879
v -0.00988021 0.00016790 -0.00557748
v -0.00886406 0.01289283 -0.00161718
v -0.00857250 0.01362167 -0.00274737
v -0.00742629 0.01842489 -0.00161345
v -0.00977911 -0.00156816 -0.00652492
v -0.00696123 0.02052118 -0.00277378
v -0.00636850 0.02496636 -0.00146955
v -0.00697171 0.02373339 0.00003028
v -0.00634775 0.02618502 0.00024951
v -0.00571038 0.03024332 -0.00209203
v -0.00706616 0.01804008 -0.00441379
v -0.00622251 0.02215605 -0.00379122
v -0.00563262 0.02591917 -0.00347117
v -0.00994101 0.00621848 -0.00178047
v -0.00970170 0.00622337 -0.00353050
v -0.00478110 0.03095271 -0.00399337
v -0.00514821 0.03173142 -0.00271555
v -0.00567287 0.03107957 -0.00087062
v -0.00410791 0.03163962 -0.00470479
v -0.01053789 -0.00328025 -0.00602476
v -0.01044467 -0.00504720 -0.00699909
v -0.00791223 0.01887344 -0.00065362
v -0.01001542 -0.00173368 -0.00789827
v -0.01014136 0.00567889 -0.00283711
v -0.01049062 0.00286943 -0.00229404
v -0.01091797 0.00439769 -0.00081603
v -0.01107904 0.00106896 -0.00172543
v -0.00988584 0.01247707 -0.00061057
v -0.01170367 -0.00897907 -0.00742199
v -0.01153560 -0.00886536 -0.00823282
v -0.01269552 -0.01317659 -0.00816871
v -0.01327812 -0.01546797 -0.00971812
v -0.01395690 -0.01745310 -0.00876862
v -0.01418293 -0.01914648 -0.00931069
v -0.01440791 -0.01951793 -0.01053042
v -0.01513100 -0.02259806 -0.01039400
v -0.01563465 -0.02273916 -0.00927113
v -0.01612117 -0.02641029 -0.01147203
v -0.01687159 -0.02978594 -0.01193230
v -0.01768671 -0.03186538 -0.01128598
v -0.01764997 -0.03207675 -0.01228800
v -0.01829003 -0.03549893 -0.01173193
v -0.00531150 0.02902628 -0.00448742
v -0.00471328 0.03147404 -0.00474389
v -0.00626085 0.02410686 -0.00447870
v -0.01852920 -0.03512239 -0.01266576
v -0.01908760 -0.03865833 -0.01300939
v -0.00975281 0.00743472 -0.00435148
v -0.00906653 0.01357290 -0.00598300
v -0.01134473 0.00159991 -0.00259604
v -0.00961305 0.00263926 -0.00774399
v -0.02728094 -0.05025190 0.00769790
v -0.02823980 -0.05648535 0.00777489
v -0.02795325 -0.05335252 0.00895708
v -0.02908495 -0.06062470 0.00863764
v -0.02860248 -0.05774917 0.00987810
v -0.02662573 -0.04760490 0.00887448
v -0.02611072 -0.04478952 0.00735334
v -0.02551947 -0.04252274 0.00794243
v -0.02443653 -0.03852059 0.00581053
v -0.02457015 -0.03860328 0.00713532
v -0.02350927 -0.03506764 0.00580581
v -0.02362776 -0.03595788 0.00715852
v -0.02241549 -0.03080714 0.00587135
v -0.02231222 -0.03147550 0.00501454
v -0.02159164 -0.02700283 0.00505195
v -0.02769940 -0.05314345 0.00981395
v -0.02889643 -0.06383646 0.00980600
v -0.02873343 -0.06668442 0.00862753
v -0.02850863 -0.06639899 0.00773945
v -0.02469028 -0.04192050 0.00586027
v -0.02750924 -0.07080393 0.00722112
v -0.02651575 -0.04836667 0.00722949
v -0.02309175 -0.03648873 0.00525984
v -0.02104521 -0.02893893 0.00436981
v -0.02036697 -0.02345096 0.00424824
v -0.02512159 -0.04572788 0.00669491
v -0.02700456 -0.05326630 0.00755486
v -0.02818367 -0.06930501 0.00950688
v -0.02770385 -0.07166444 0.00840914
v -0.02560388 -0.07586791 0.00702821
v -0.02720579 -0.06953742 0.00704830
v -0.02587082 -0.07372465 0.00666419
v -0.02415733 -0.07737945 0.00625986
v -0.01895296 -0.02171293 0.00379017
v -0.01893868 -0.01852242 0.00434501
v -0.02126984 -0.03168399 0.00477901
v -0.02718949 -0.05980727 0.00773986
v -0.02725219 -0.06720678 0.00746911
v -0.02355697 -0.04193423 0.00588266
v -0.02461346 -0.04745947 0.00725098
v -0.02368777 -0.07607215 0.00664961
v -0.02263804 -0.07937258 0.00550573
v -0.02187427 -0.08030878 0.00491538
v -0.02578735 -0.05436845 0.00802476
v -0.02532949 -0.07339544 0.00697124
v -0.02640761 -0.06871407 0.00793971
v -0.02676465 -0.06126834 0.00836569
v 0.02138652 -0.02606280 0.00144778
v 0.02255015 -0.03111154 0.00141928
v 0.02064903 -0.02826017 0.00137131
v 0.02244825 -0.03522955 0.00173853
v 0.02398992 -0.03600597 0.00155027
v 0.02373514 -0.03946151 0.00216086
v 0.02456316 -0.03832786 0.00164915
v 0.02569124 -0.04210993 0.00162173
v 0.02510551 -0.04371046 0.00202367
v 0.02684743 -0.04627305 0.00172215
v 0.02656458 -0.04843875 0.00210017
v 0.02827744 -0.05116653 0.00157166
v 0.02775111 -0.05210611 0.00196355
v 0.02815709 -0.05612536 0.00276762
v 0.02891987 -0.05849344 0.00191437
v 0.02899267 -0.06070760 0.00262074
v 0.02945064 -0.06448058 0.00158447
v 0.02896745 -0.06546369 0.00199393
v 0.02890627 -0.06477793 0.00342862
v 0.02808096 -0.07034872 0.00268230
v 0.02852648 -0.06959159 0.00131162
v 0.02916540 -0.05987721 0.00393766
v 0.02829031 -0.05616371 0.00399212
v 0.02735876 -0.05255334 0.00393892
v 0.02581851 -0.04770952 0.00338768
v 0.02837156 -0.07034595 0.00401154
v 0.02731472 -0.07258231 0.00130740
v 0.02636305 -0.07416464 0.00399517
v 0.02382024 -0.03717466 -0.00581333
v 0.02304099 -0.03677530 -0.00537666
v 0.02447133 -0.04235570 -0.00583600
v 0.02308545 -0.03400240 -0.00587445
v 0.02492535 -0.04038172 -0.00660766
v 0.02591736 -0.04638679 -0.00643090
v 0.02199357 -0.03100125 -0.00491027
v 0.02135179 -0.03140271 -0.00456752
v 0.02101478 -0.02751354 -0.00421940
v 0.02178345 -0.02854760 -0.00538821
v 0.02039537 -0.02347252 -0.00436402
v 0.01992791 -0.02502290 -0.00381458
v 0.01904973 -0.02047336 -0.00349195
v 0.01901731 -0.01906867 -0.00374098
v 0.01793340 -0.01539146 -0.00375564
v 0.02605601 -0.04508984 -0.00724887
v 0.02695044 -0.05041851 -0.00682532
v 0.02753561 -0.05112126 -0.00795486
v 0.02764989 -0.05279181 -0.00712921
v 0.02868670 -0.05780722 -0.00791816
v 0.01879033 -0.01747656 -0.00485091
v 0.01692973 -0.01023091 -0.00449150
v 0.01633284 -0.01148518 -0.00368564
v 0.01665827 -0.00929012 -0.00549721
v 0.01496564 -0.00293016 -0.00531542
v 0.01603175 -0.00688660 -0.00441412
v 0.01467630 -0.00355749 -0.00398792
v 0.01441751 -0.00121865 -0.00432284
v 0.01388054 0.00172365 -0.00558033
v 0.01320682 0.00374900 -0.00444248
v 0.02876643 -0.05865142 -0.00920467
v 0.02555302 -0.04343246 -0.00808284
v 0.02038688 -0.02394744 -0.00572322
v 0.02287800 -0.03372523 -0.00694092
v 0.02191671 -0.02952649 -0.00620913
v 0.02372182 -0.03703271 -0.00750302
v 0.01257270 0.00460240 -0.00547311
v 0.02719151 -0.05137769 -0.00905291
v 0.01545005 -0.00640973 -0.00623175
v 0.01464844 -0.00356144 -0.00613779
v 0.01530960 -0.00717639 -0.00386124
v 0.00836231 -0.04317052 0.02156393
v 0.00875110 -0.04594636 0.02326220
v 0.00849836 -0.04838392 0.02298926
v 0.00839536 -0.03852413 0.02115477
v 0.00801948 -0.03901105 0.02047320
v 0.00791674 -0.03441114 0.01949472
v 0.00916917 -0.05281084 0.02408562
v 0.00791512 -0.03340426 0.02044438
v 0.00880219 -0.04708607 0.02410338
v 0.00905063 -0.05104150 0.02509082
v 0.00961454 -0.05648202 0.02485879
v 0.00837401 -0.04278328 0.02301427
v 0.00822848 -0.03149796 0.01912615
v 0.00926744 -0.05565939 0.02636294
v 0.00967224 -0.05865043 0.02684754
v 0.00989294 -0.06168302 0.02589226
v 0.00968548 -0.06614009 0.02697996
v 0.00950333 -0.06835622 0.02494680
v 0.00956828 -0.06988433 0.02542893
v 0.00929126 -0.07263632 0.02386203
v 0.00796540 -0.02982967 0.01797513
v 0.00815637 -0.02802562 0.01825859
v 0.00799973 -0.02575257 0.01674674
v 0.00920650 -0.07167617 0.02581640
v 0.00916928 -0.07510066 0.02331792
v 0.00771471 -0.02547996 0.01788914
v 0.00799890 -0.02391803 0.01697369
v 0.00791621 -0.02424418 0.01606683
v 0.00859709 -0.07626982 0.02217819
v 0.00795107 -0.03800749 0.02178578
v 0.00850205 -0.07591499 0.02400261
v 0.00824809 -0.07902722 0.01989510
v 0.00926555 -0.06402583 0.02521992
v 0.00940324 -0.06084934 0.02544036
v 0.01611478 -0.01384930 0.00210699
v 0.01585061 -0.01317847 0.00146991
v 0.01697595 -0.01720411 0.00142906
v 0.01723982 -0.01814621 0.00266150
v 0.01760601 -0.01975651 0.00151085
v 0.01837901 -0.02267845 0.00237706
v 0.01444447 -0.00983354 0.00134048
v 0.01440316 -0.00928863 0.00211133
v 0.01353546 -0.00515124 0.00138660
v 0.01371060 -0.00416385 0.00233007
v 0.01280144 -0.00223186 0.00133797
v 0.01209417 0.00048164 0.00202266
v 0.01892554 -0.02285853 0.00318181
v 0.01943096 -0.02616761 0.00239817
v 0.02019061 -0.02834119 0.00323376
v 0.02073065 -0.03029974 0.00208339
v 0.02123888 -0.03195687 0.00333055
v 0.02244825 -0.03522955 0.00173853
v 0.01220153 0.00062946 0.00081926
v 0.01120564 0.00362339 0.00233681
v 0.01137269 0.00281606 0.00086912
v 0.01065776 0.00551289 0.00152896
v 0.01021212 0.00881968 0.00227618
v 0.01005455 0.00884504 0.00134626
v 0.00932682 0.01171537 0.00208048
v 0.02232263 -0.03564698 0.00340765
v 0.02373514 -0.03946151 0.00216086
v 0.02323501 -0.03871388 0.00343495
v 0.02460116 -0.04348083 0.00391978
v 0.02510551 -0.04371046 0.00202367
v 0.02581851 -0.04770952 0.00338768
v 0.02552447 -0.04646689 0.00395002
v 0.02690885 -0.04997640 0.00423600
v 0.01882825 -0.02299087 0.00134932
v 0.02064903 -0.02826017 0.00137131
v 0.01396394 -0.00482720 0.00056248
v 0.01001125 0.01243837 0.00057205
v 0.01168183 0.00353273 0.00045382
v 0.00919354 0.01480625 0.00069505
v 0.00865598 0.01526950 0.00158761
v 0.00897847 0.01511964 0.00257650
v 0.02735876 -0.05255334 0.00393892
v 0.00926639 0.01618092 0.00075415
v 0.02409650 -0.04075005 0.00396745
v 0.01692573 -0.01423792 0.00063510
v 0.01510990 -0.00955282 0.00056868
v 0.00811406 0.01985288 0.00065716
v 0.00857654 0.01528432 0.00366731
v 0.00791512 -0.03340426 0.02044438
v 0.00620270 -0.03558442 0.02107692
v 0.00795107 -0.03800749 0.02178578
v 0.00638574 -0.03074361 0.01949911
v 0.00762359 -0.02910514 0.01908594
v 0.00638381 -0.04073058 0.02233447
v 0.00837401 -0.04278328 0.02301427
v 0.00675893 -0.04400758 0.02341915
v 0.00689593 -0.02441049 0.01745189
v 0.00771471 -0.02547996 0.01788914
v 0.00694018 -0.04807497 0.02441680
v 0.00880219 -0.04708607 0.02410338
v 0.00778598 -0.04935896 0.02494616
v 0.00702760 -0.05264825 0.02556472
v 0.00905063 -0.05104150 0.02509082
v 0.00926744 -0.05565939 0.02636294
v 0.00733961 -0.05609509 0.02628213
v 0.00788944 -0.05886519 0.02703932
v 0.00967224 -0.05865043 0.02684754
v 0.00850054 -0.06218344 0.02739063
v 0.00799890 -0.02391803 0.01697369
v 0.00705265 -0.02134724 0.01653307
v 0.00908717 -0.02179242 0.01656189
v 0.00740220 -0.01606977 0.01575846
v 0.00797798 -0.01540880 0.01548283
v 0.00645482 -0.01248843 0.01496333
v 0.00743782 -0.01111482 0.01437882
v 0.00661836 -0.00964036 0.01435639
v 0.00695756 -0.00648957 0.01336651
v 0.00621375 -0.00620637 0.01368673
v 0.00650487 -0.00265027 0.01302691
v 0.00878402 -0.02466299 0.01656007
v 0.00815637 -0.02802562 0.01825859
v 0.00933798 -0.02032078 0.01582383
v 0.01070254 -0.02314284 0.01653703
v 0.01170012 -0.02634395 0.01716957
v 0.00822848 -0.03149796 0.01912615
v 0.00651050 -0.01670826 0.01536970
v 0.00569067 -0.00878308 0.01363762
v 0.02519607 -0.05160603 -0.00808478
v 0.02620918 -0.05539222 -0.00911090
v 0.02570913 -0.05414901 -0.00767722
v 0.02674513 -0.06049481 -0.00798029
v 0.02677942 -0.06061805 -0.00940864
v 0.02473261 -0.04924761 -0.00712674
v 0.02399586 -0.04581921 -0.00766542
v 0.02656885 -0.06559605 -0.00951939
v 0.02424556 -0.04565818 -0.00644003
v 0.02694598 -0.06587330 -0.00772278
v 0.02426137 -0.04483483 -0.00855806
v 0.02294849 -0.04184601 -0.00763110
v 0.02569750 -0.05025060 -0.00916038
v 0.02596083 -0.06850213 -0.00893514
v 0.02575221 -0.07181103 -0.00995798
v 0.02518948 -0.07258795 -0.00928999
v 0.02726215 -0.05618375 -0.00955166
v 0.02703769 -0.06923137 -0.01028361
v 0.02379520 -0.04039260 -0.00820218
v -0.01849066 -0.04035270 0.01361706
v -0.01840434 -0.04201841 0.01513900
v -0.01907677 -0.04431539 0.01480627
v -0.01754987 -0.03717556 0.01374479
v -0.01904282 -0.04491473 0.01642640
v -0.01969790 -0.04816379 0.01577149
v -0.01975504 -0.04996365 0.01747646
v -0.02073879 -0.05418766 0.01725925
v -0.02055591 -0.05343926 0.01821608
v -0.02144588 -0.06009254 0.01803751
v -0.02129025 -0.05911590 0.01954328
v -0.02120590 -0.06556200 0.01903185
v -0.01807627 -0.03845529 0.01488989
v -0.01682155 -0.03229186 0.01345843
v -0.02158648 -0.06433812 0.01805396
v -0.01880280 -0.04125098 0.01575731
v -0.02186736 -0.06486298 0.01773972
v -0.01842124 -0.03754066 0.01276370
v -0.01708718 -0.03339994 0.01197755
v -0.01665340 -0.03299667 0.01294578
v -0.01658797 -0.03087579 0.01140323
v -0.01553776 -0.02730432 0.01086920
v -0.02296849 -0.05885966 0.01718438
v 0.02478101 -0.05193907 0.01363123
v 0.02403862 -0.05188427 0.01500216
v 0.02588113 -0.05843910 0.01546078
v 0.02375045 -0.04857468 0.01432962
v 0.02310123 -0.04554530 0.01161442
v 0.02612385 -0.05905237 0.01339761
v 0.02252028 -0.04323777 0.01325610
v 0.02213331 -0.04116627 0.01123885
v 0.02110377 -0.03801926 0.01282104
v 0.02630872 -0.06468551 0.01554208
v 0.02646360 -0.06387450 0.01379623
v 0.02511326 -0.05406043 0.01310885
v 0.02602836 -0.06950542 0.01324185
v 0.02359491 -0.04899671 0.01227982
v 0.02153248 -0.04082410 0.01079873
v 0.02469691 -0.05411778 0.01290706
v 0.02459033 -0.06293696 0.01345045
v -0.02120590 -0.06556200 0.01903185
v -0.02090442 -0.07026667 0.01739490
v -0.02186736 -0.06486298 0.01773972
v -0.02065928 -0.06969594 0.01909361
v -0.02024559 -0.07258909 0.01675119
v -0.01947951 -0.07411044 0.01752968
v -0.01990426 -0.07534492 0.01537154
v -0.01820975 -0.07654505 0.01704401
v -0.01812795 -0.07779977 0.01471852
v -0.01600280 -0.07995190 0.01522113
v -0.01690960 -0.08009249 0.01350970
v -0.01523330 -0.08183739 0.01241547
v -0.01472504 -0.08177211 0.01406663
v -0.01251964 -0.08384242 0.01328822
v -0.01313399 -0.08403843 0.01109756
v -0.01151496 -0.08446141 0.01267759
v -0.02058727 -0.07526455 0.01516002
v -0.02281336 -0.07070354 0.01659813
v -0.01954569 -0.07811171 0.01427721
v -0.01779639 -0.08073978 0.01301328
v -0.01606945 -0.08329908 0.01114600
v -0.01393577 -0.08510297 0.01020437
v -0.02299483 -0.06715963 0.01720025
v -0.02394325 -0.06100106 0.01759553
v -0.02370129 -0.06649490 0.01738474
v -0.01246709 -0.08565003 0.00935201
v -0.02296849 -0.05885966 0.01718438
v -0.02307962 -0.05437344 0.01656962
v -0.01051412 -0.04009626 0.02144060
v -0.01153881 -0.03852898 0.02088277
v -0.01167203 -0.04425437 0.02229377
v -0.00957085 -0.03700410 0.02061644
v -0.01041717 -0.03264354 0.01950925
v -0.01045630 -0.04437315 0.02231847
v -0.01047139 -0.04740749 0.02342333
v -0.01168043 -0.04889626 0.02400137
v -0.01043406 -0.05047609 0.02449390
v -0.01048003 -0.05484337 0.02588125
v -0.01181090 -0.05327367 0.02528800
v -0.01202839 -0.05855509 0.02656376
v -0.01031471 -0.05707829 0.02635683
v -0.01148387 -0.06128115 0.02708856
v -0.01039642 -0.06186721 0.02707821
v -0.00919205 -0.03342944 0.01950433
v -0.00931616 -0.03009028 0.01876395
v -0.01045626 -0.02853372 0.01826865
v -0.00938051 -0.02517199 0.01746935
v -0.01010900 -0.06616265 0.02647736
v -0.01228568 -0.06503849 0.02648531
v -0.00974133 -0.04036097 0.02118987
v -0.00853846 -0.02745119 0.01774618
v -0.01118270 -0.06890281 0.02595346
v -0.01017187 -0.06962382 0.02538711
v -0.01042951 -0.07220368 0.02459177
v -0.00916643 -0.03523366 0.01912090
v -0.00994941 -0.04428341 0.02155617
v -0.00857804 -0.03103186 0.01806918
v -0.00827525 -0.02717537 0.01639251
v -0.00782290 -0.02247587 0.01533976
v -0.00835587 -0.02118556 0.01626280
v -0.00756682 -0.01823508 0.01505651
v -0.00975970 -0.03797106 0.01906345
v -0.00902945 -0.03072985 0.01720699
v -0.01044023 -0.06776434 0.02506477
v -0.01016776 -0.07290166 0.02275898
v -0.01036028 -0.06251353 0.02531429
v -0.01015538 -0.05383990 0.02455919
v -0.01007653 -0.04841784 0.02286587
v -0.01038311 -0.05382618 0.02370606
v -0.01043683 -0.05898183 0.02491902
v -0.01050013 -0.04807296 0.02191632
v -0.00958174 -0.07469189 0.02205670
v -0.00935535 -0.07758649 0.02001123
v -0.01136059 -0.06859855 0.02417270
v -0.02394202 -0.07579372 0.00948168
v -0.02045110 -0.08032157 0.00861583
v -0.02053476 -0.07927211 0.00890200
v -0.01693685 -0.08350445 0.00856520
v -0.02334222 -0.07858576 0.00783771
v -0.02641741 -0.07443657 0.00853523
v -0.02023602 -0.08144613 0.00774097
v -0.02624212 -0.07227468 0.00974957
v -0.02818367 -0.06930501 0.00950688
v -0.02810850 -0.06548489 0.01015125
v -0.02889643 -0.06383646 0.00980600
v -0.02830777 -0.05969722 0.01028926
v -0.02680402 -0.06385311 0.01004196
v -0.02707115 -0.05813101 0.01030688
v -0.02610329 -0.06906259 0.00974402
v -0.02501900 -0.07366201 0.00960545
v -0.01701890 -0.08269654 0.00851885
v -0.01454673 -0.08430526 0.00832757
v -0.01354525 -0.08617159 0.00817861
v -0.01212770 -0.08612846 0.00842731
v -0.02860248 -0.05774917 0.00987810
v -0.02769940 -0.05314345 0.00981395
v -0.01135238 -0.08588510 0.00808437
v -0.00026418 0.01162233 0.01150471
v -0.00072958 0.00680790 0.01232734
v 0.00010611 0.00860653 0.01237965
v -0.00001499 0.00450922 0.01311369
v -0.00095398 0.00033003 0.01341061
v -0.00011503 0.00027148 0.01384052
v -0.00057062 -0.00308574 0.01431300
v 0.00060962 0.01240248 0.01155920
v 0.00021534 0.01445826 0.01072294
v 0.00127360 0.01484173 0.01091741
v 0.00139538 0.01798745 0.01014887
v 0.00065523 0.01759428 0.01024065
v 0.00081335 0.02159927 0.00955690
v 0.00090688 0.00288447 0.01312891
v 0.00084563 0.00799082 0.01225397
v 0.00163257 0.01110158 0.01102591
v 0.00989994 0.02010728 -0.00312248
v 0.00852920 0.01683013 -0.00237105
v 0.01017250 0.01431006 -0.00290364
v 0.00795511 0.02095285 -0.00166272
v 0.00885632 0.02361838 -0.00236478
v 0.00732713 0.02337596 -0.00147097
v 0.00707764 0.02594402 -0.00109700
v 0.00846438 0.02738138 -0.00238077
v 0.00720339 0.02887118 -0.00141105
v 0.00740862 0.03108541 -0.00166541
v 0.01055224 0.01663728 -0.00389240
v 0.00967224 -0.05865043 0.02684754
v 0.00850054 -0.06218344 0.02739063
v 0.00968548 -0.06614009 0.02697996
v 0.00749543 -0.06544110 0.02715038
v 0.00716007 -0.07010403 0.02647876
v 0.00920650 -0.07167617 0.02581640
v 0.00692789 -0.07389638 0.02524577
v 0.00850205 -0.07591499 0.02400261
v 0.00628852 -0.07833661 0.02274887
v 0.00615222 -0.07701824 0.02337728
v 0.00788944 -0.05886519 0.02703932
v 0.00536371 -0.07959626 0.02135205
v 0.00694018 -0.04807497 0.02441680
v 0.00688607 -0.05135005 0.02411984
v 0.00702760 -0.05264825 0.02556472
v 0.00733383 -0.05640049 0.02496162
v 0.00733961 -0.05609509 0.02628213
v 0.00738459 -0.05883094 0.02634996
v 0.00768103 -0.06062718 0.02541617
v 0.00653630 -0.04555781 0.02296528
v 0.00675893 -0.04400758 0.02341915
v 0.00724395 -0.06764892 0.02661766
v 0.00754029 -0.06437534 0.02521847
v 0.00732239 -0.06858229 0.02485339
v 0.00671859 -0.07352601 0.02478089
v 0.00682258 -0.07323358 0.02361839
v 0.00638381 -0.04073058 0.02233447
v 0.00598587 -0.07658901 0.02230187
v 0.00506611 -0.07912387 0.02046280
v 0.00427695 -0.08305882 0.01746049
v 0.00451410 -0.08120198 0.01835502
v 0.00427409 -0.08305295 0.01633909
v 0.00641031 -0.03933065 0.02061840
v 0.00444749 -0.08399030 0.01708233
v 0.00338575 -0.08570108 0.01461518
v 0.00620270 -0.03558442 0.02107692
v 0.00605827 -0.03421516 0.02023376
v 0.00638574 -0.03074361 0.01949911
v 0.00640986 -0.02990954 0.01837825
v 0.00638193 -0.02735599 0.01815665
v 0.00650756 -0.02623688 0.01682313
v 0.00662282 -0.02213005 0.01632521
v 0.00371583 -0.08483033 0.01382524
v 0.00307029 -0.08608884 0.01263539
v 0.00295285 -0.08656897 0.01256281
v 0.00200869 -0.08622946 0.01101390
v 0.00232421 -0.08699232 0.01102002
v 0.00496415 -0.08169951 0.01921086
v 0.00629874 -0.03449177 0.01956877
v 0.00689593 -0.02441049 0.01745189
v 0.00705265 -0.02134724 0.01653307
v 0.00651050 -0.01670826 0.01536970
v 0.00656021 -0.01762000 0.01458367
v 0.00579055 -0.01223880 0.01362327
v 0.00645482 -0.01248843 0.01496333
v 0.00569067 -0.00878308 0.01363762
v 0.00568233 -0.01098601 0.01277793
v 0.00646409 -0.01451566 0.01315842
v -0.00675237 -0.00819318 0.01292709
v -0.00712403 -0.01345601 0.01371313
v -0.00691716 -0.01034744 0.01201946
v -0.00643293 -0.00467310 0.01171150
v -0.00714396 -0.01569432 0.01359330
v -0.00675626 -0.00631300 0.01122758
v -0.00630420 -0.00265488 0.01046314
v -0.00601028 0.00021347 0.01098801
v -0.00607709 0.00025297 0.00948163
v -0.00566917 0.00141502 0.01028962
v -0.00496182 0.00421217 0.01029234
v -0.00509590 0.00444959 0.00913627
v -0.00391290 0.00738399 0.00931812
v -0.00766285 -0.01512592 0.01263671
v -0.00755232 -0.01803265 0.01369766
v -0.00756682 -0.01823508 0.01505651
v -0.00782290 -0.02247587 0.01533976
v -0.00612459 0.00152071 0.00901472
v -0.00560795 0.00503192 0.01101511
v -0.00421233 0.00837137 0.01060532
v -0.00380986 0.01254248 0.00954460
v -0.00415702 0.01203467 0.00848188
v -0.00365522 0.01550746 0.00834236
v -0.00414221 0.01607971 0.00727325
v -0.00380881 0.01648184 0.00957536
v -0.00276400 0.02131202 0.00680407
v -0.00260721 0.02134475 0.00745366
v -0.00237879 0.02506435 0.00626643
v -0.00203906 0.02567625 0.00675775
v -0.00182197 0.02878643 0.00630998
v -0.00322243 0.01942399 0.00881466
v -0.00271943 0.02573205 0.00798603
v -0.00249526 0.03023533 0.00767657
v -0.00761482 -0.01485941 0.01427993
v -0.00147205 0.03276530 0.00731004
v -0.00437804 0.01301494 0.01018272
v -0.02634338 -0.07445039 -0.00317020
v -0.02728579 -0.07274457 -0.00064120
v -0.02547578 -0.07584252 -0.00061482
v -0.02333250 -0.07916822 -0.00327780
v -0.02775516 -0.07142548 -0.00326000
v -0.02299683 -0.07905814 -0.00069056
v -0.02817496 -0.06977080 -0.00089127
v -0.02891046 -0.06625917 -0.00337653
v -0.02888345 -0.06616262 -0.00119871
v -0.02921851 -0.06093865 -0.00134464
v -0.02911082 -0.06151334 -0.00310187
v -0.02898614 -0.05857644 -0.00356847
v -0.02895238 -0.05762349 -0.00143376
v -0.02766545 -0.05265596 -0.00350868
v -0.02779457 -0.05218436 -0.00130383
v -0.02643185 -0.04765028 -0.00151807
v 0.00359022 0.01841832 -0.00922149
v 0.00501323 0.01990174 -0.00884868
v 0.00496353 0.01611071 -0.00978937
v 0.00381771 0.02110181 -0.00895297
v 0.00383263 0.02418415 -0.00843813
v 0.00635414 0.01182660 -0.01023319
v 0.00529666 0.01104734 -0.01064044
v 0.00627576 0.00726185 -0.01117061
v 0.00487104 0.02680705 -0.00710532
v 0.00422098 0.02761941 -0.00772447
v 0.00424536 0.03100812 -0.00709195
v 0.00369132 0.01562716 -0.00935593
v 0.00419529 0.01176494 -0.01015997
v 0.00667298 0.00275258 -0.01173563
v 0.00286150 0.02031646 -0.00824750
v 0.00268731 0.02552036 -0.00763293
v 0.00360367 0.01110645 -0.00923725
v 0.00440252 0.00697451 -0.01004047
v 0.00500235 0.00324351 -0.01006925
v 0.00231696 0.02442450 -0.00693765
v 0.00188268 0.02634936 -0.00644593
v 0.00175694 0.02969612 -0.00624137
v 0.00349638 0.01569316 -0.00808354
v -0.01783107 -0.08243741 -0.00598807
v -0.01914208 -0.08291339 -0.00710781
v -0.01738297 -0.08375624 -0.00528066
v -0.02168776 -0.07907306 -0.00946791
v -0.02222138 -0.07963245 -0.00994445
v -0.02374884 -0.07688891 -0.01097744
v -0.01617749 -0.08510624 -0.00498010
v -0.01397547 -0.08556765 -0.00333520
v -0.01434851 -0.08609245 -0.00341576
v -0.01333360 -0.08675072 -0.00250724
v -0.01550467 -0.08396897 -0.00478533
v -0.02008504 -0.07999325 -0.00845999
v -0.02164986 -0.07737548 -0.01071597
v 0.00582306 0.03100805 -0.00077598
v 0.00581173 0.02823973 -0.00303095
v 0.00614517 0.02929474 -0.00132920
v 0.00485035 0.03163222 -0.00293038
v 0.00649676 0.02661445 -0.00053662
v 0.00644473 0.02470947 -0.00239587
v 0.00636286 0.02389819 -0.00356189
v 0.00715571 0.02078246 -0.00207761
v 0.00726406 0.01935381 -0.00353939
v 0.00804553 0.01657199 -0.00294218
v 0.00586488 0.03118196 0.00220669
v 0.00849815 0.01473829 -0.00424089
v 0.00884184 0.01433283 -0.00293740
v 0.00927678 0.01060176 -0.00342549
v 0.00904940 0.00985552 -0.00438987
v 0.00927205 0.00620334 -0.00460293
v 0.00653589 0.02640323 0.00131717
v 0.00602843 0.02927713 0.00208527
v 0.00717610 0.02433061 0.00003348
v 0.00713920 0.02179458 0.00301418
v 0.00716908 0.02135179 0.00150908
v 0.00812626 0.01749901 0.00211616
v 0.00794638 0.01855118 0.00333707
v 0.00857654 0.01528432 0.00366731
v 0.00722170 0.02145445 0.00487048
v 0.00645107 0.02458525 0.00433382
v 0.00865598 0.01526950 0.00158761
v 0.00531997 0.03037532 -0.00407839
v 0.00494493 0.03119855 -0.00443044
v 0.00567732 0.02855875 0.00394811
v 0.00536236 0.03183029 0.00434882
v 0.00811406 0.01985288 0.00065716
v 0.00640783 0.02879147 -0.00447885
v 0.00674069 0.02553974 0.00502694
v 0.00592821 0.03233008 0.00500150
v 0.01296220 -0.01404576 -0.00809495
v 0.01414467 -0.01645105 -0.01007517
v 0.01356668 -0.01721299 -0.00901894
v 0.01305453 -0.01332486 -0.00835058
v 0.01204677 -0.01023543 -0.00715511
v 0.01220746 -0.00740155 -0.00757561
v 0.01137014 -0.00635204 -0.00645504
v 0.01404204 -0.01987324 -0.01072019
v 0.01153996 -0.00603684 -0.00721473
v 0.01082144 -0.00284195 -0.00617250
v 0.01128057 -0.00092029 -0.00659709
v 0.01048079 0.00201040 -0.00607298
v 0.01018549 0.00055543 -0.00551955
v 0.00981590 0.00610037 -0.00538698
v 0.00942393 0.01139585 -0.00509001
v 0.00945952 0.01604512 -0.00489074
v 0.00760371 0.02184832 -0.00423654
v 0.01415519 -0.02051872 -0.00974263
v 0.01451894 -0.02589609 -0.01140435
v 0.01462838 -0.02277086 -0.01192425
v 0.01508842 -0.02817758 -0.01240633
v -0.00831615 -0.03877285 -0.02084630
v -0.00819413 -0.03494691 -0.02042964
v -0.00805243 -0.03789222 -0.02228028
v -0.00876591 -0.04325474 -0.02229347
v -0.00871678 -0.04340860 -0.02358751
v -0.00926111 -0.04965699 -0.02365300
v -0.00885301 -0.04880146 -0.02507140
v -0.00953317 -0.05226701 -0.02457838
v -0.00959518 -0.05665088 -0.02662989
v -0.00763788 -0.03336599 -0.02072751
v -0.00739841 -0.02948328 -0.01942391
v -0.00792246 -0.03070105 -0.01891901
v -0.00803802 -0.02789727 -0.01769191
v -0.00763929 -0.02537220 -0.01754822
v -0.00843275 -0.02556121 -0.01671505
v -0.00776137 -0.02907456 -0.01730613
v -0.00767756 -0.03233094 -0.01832093
v -0.00783512 -0.03571181 -0.01961287
v -0.00870848 -0.04610947 -0.02221018
v -0.00819205 -0.02601398 -0.01637078
v -0.00822893 -0.04219743 -0.02133488
v -0.00745844 -0.03941054 -0.02047633
v -0.02640761 -0.06871407 0.00793971
v -0.02474327 -0.07388477 0.00845755
v -0.02532949 -0.07339544 0.00697124
v -0.02610329 -0.06906259 0.00974402
v -0.02680402 -0.06385311 0.01004196
v -0.02368777 -0.07607215 0.00664961
v -0.02676465 -0.06126834 0.00836569
v -0.02501900 -0.07366201 0.00960545
v -0.02661475 -0.06008307 0.00982465
v -0.02578735 -0.05436845 0.00802476
v -0.02591984 -0.05524221 0.00980491
v -0.02707115 -0.05813101 0.01030688
v -0.02394202 -0.07579372 0.00948168
v -0.02053476 -0.07927211 0.00890200
v -0.02062175 -0.07967416 0.00694819
v 0.01079861 -0.03374443 -0.02006301
v 0.01178247 -0.03925514 -0.02132009
v 0.01047884 -0.03720697 -0.02114775
v 0.00940914 -0.03142609 -0.01976234
v 0.01061968 -0.04310365 -0.02255357
v 0.00962308 -0.02695535 -0.01803808
v 0.01177441 -0.04578771 -0.02328626
v 0.01019268 -0.04767088 -0.02357396
v 0.01065103 -0.05120768 -0.02504157
v 0.00931354 -0.03782234 -0.02079381
v 0.01035282 -0.02960197 -0.01843651
v 0.01290801 -0.05703707 -0.02582951
v 0.01184841 -0.05127139 -0.02499298
v 0.01233499 -0.04981568 -0.02405463
v 0.01236197 -0.04548745 -0.02239733
v 0.01179411 -0.05690752 -0.02634458
v 0.01259741 -0.06197326 -0.02666069
v 0.01041821 -0.05846962 -0.02658958
v 0.01044581 -0.06473988 -0.02657972
v 0.01269441 -0.06619335 -0.02609887
v 0.01190923 -0.06958351 -0.02548227
v 0.01052872 -0.06996215 -0.02541193
v -0.02241327 -0.07551844 -0.01385417
v -0.02233748 -0.07576943 -0.01171616
v -0.02168459 -0.07681317 -0.01259822
v -0.02164986 -0.07737548 -0.01071597
v -0.02084643 -0.07852630 -0.01251651
v -0.01884418 -0.08053471 -0.01103036
v -0.02008504 -0.07999325 -0.00845999
v -0.01625170 -0.08299479 -0.00840608
v -0.01783107 -0.08243741 -0.00598807
v -0.01550467 -0.08396897 -0.00478533
v -0.01327789 -0.08502498 -0.00774625
v -0.01303877 -0.08577010 -0.00356063
v -0.01567171 -0.08377288 -0.00851870
v -0.01397547 -0.08556765 -0.00333520
v -0.02410324 -0.07470652 -0.01144210
v -0.00573340 -0.01087162 -0.01415837
v -0.00617017 -0.01627127 -0.01408838
v -0.00623395 -0.01502913 -0.01513222
v -0.00633007 -0.02011146 -0.01571902
v -0.00584350 -0.01192964 -0.01277555
v -0.00481190 -0.00624323 -0.01300012
v -0.00531385 -0.00610636 -0.01194473
v -0.00688458 -0.01969535 -0.01437284
v -0.00626352 -0.02591393 -0.01662665
v -0.00443843 -0.00272441 -0.01149018
v -0.00431819 -0.00245261 -0.01226448
v -0.00701699 -0.01549060 -0.01320690
v -0.00702584 -0.02264577 -0.01516915
v -0.00694114 -0.02685439 -0.01652429
v -0.00624040 -0.03049696 -0.01789838
v -0.00678452 -0.01025830 -0.01212415
v -0.00554865 -0.00359776 -0.01135787
v -0.00530080 -0.00035380 -0.01090880
v -0.00352928 0.00006653 -0.01117076
v -0.00372327 0.00328917 -0.01008830
v -0.00224880 0.00328645 -0.01072766
v -0.00074545 0.00750890 -0.00988922
v -0.00098993 0.00453432 -0.01081136
v -0.00904740 -0.02408036 -0.01532635
v -0.00806599 -0.01948923 -0.01418701
v -0.00277870 0.00744872 -0.00959271
v -0.00437561 0.00629389 -0.00939384
v -0.00374957 0.01191870 -0.00878401
v -0.00264064 0.01172951 -0.00922359
v -0.00248258 0.01370876 -0.00858303
v -0.00126464 0.00891932 -0.00943774
v -0.00043185 0.01254158 -0.00897095
v -0.00121034 0.01314639 -0.00857731
v -0.00147824 0.01859974 -0.00750108
v -0.00066022 0.01789593 -0.00803216
v -0.00013183 0.02078284 -0.00776348
v -0.00776137 -0.02907456 -0.01730613
v -0.00767756 -0.03233094 -0.01832093
v -0.00608237 -0.03439755 -0.01927666
v -0.00695666 -0.03595268 -0.01949566
v -0.00639357 -0.04068651 -0.02126587
v -0.00745844 -0.03941054 -0.02047633
v -0.00822893 -0.04219743 -0.02133488
v -0.00693624 -0.04525437 -0.02232614
v -0.00870848 -0.04610947 -0.02221018
v 0.00073329 0.00664399 -0.01127835
v -0.00773592 -0.04892974 -0.02297219
v -0.00693127 -0.04944139 -0.02377520
v -0.00764318 -0.05285733 -0.02405319
v 0.00013861 0.02300868 -0.00702419
v -0.00147984 0.02236151 -0.00654805
v 0.00040626 0.02614163 -0.00649676
v -0.00013583 0.02855754 -0.00578900
v -0.00325284 0.01857480 -0.00727326
v -0.00408973 0.01559763 -0.00793809
v -0.00194264 0.02701438 -0.00581963
v -0.00337271 0.02547925 -0.00564298
v -0.00369686 0.02909814 -0.00508580
v -0.00245907 0.03096162 -0.00486788
v 0.00112266 0.03006622 -0.00585103
v 0.00172764 0.03176073 -0.00528080
v -0.00438377 0.01253959 -0.00881995
v -0.00679372 -0.00607363 -0.01195929
v -0.00914653 -0.05285375 -0.02412042
v -0.00969386 -0.05659358 -0.02477570
v -0.00751214 -0.05612767 -0.02481749
v -0.00755655 -0.06019407 -0.02541736
v -0.00962660 -0.05944435 -0.02531662
v -0.00791206 -0.06628642 -0.02531566
v -0.00416056 0.02259434 -0.00664886
v -0.00819205 -0.02601398 -0.01637078
v -0.00918495 -0.02562488 -0.01594427
v -0.01018689 -0.02461390 -0.01498877
v -0.00902683 -0.02177156 -0.01516408
v -0.01041812 -0.02982290 -0.01648513
v -0.01169182 -0.02900620 -0.01569158
v -0.01164710 -0.03321466 -0.01668728
v -0.00740795 -0.06627019 -0.02578944
v -0.00970630 -0.06446444 -0.02543170
v -0.00870777 -0.06924148 -0.02472342
v -0.00723736 -0.07005921 -0.02477623
v -0.00782855 -0.01596839 -0.01345047
v -0.00440132 0.03061144 -0.00513719
v -0.00410791 0.03163962 -0.00470479
v -0.00783512 -0.03571181 -0.01961287
v -0.00254625 0.01094209 -0.00966371
v -0.00926111 -0.04965699 -0.02365300
v -0.00971785 -0.06886720 -0.02490558
v -0.00430295 0.01915712 -0.00748390
v 0.00056266 0.00903566 -0.01129560
v -0.00627886 -0.00221260 -0.01148418
v 0.00047592 0.02896250 -0.00646008
v 0.00407516 0.03098888 -0.00455976
v 0.00262970 0.02729898 -0.00572949
v 0.00448190 0.03020470 -0.00490683
v 0.00466695 0.02694110 -0.00590298
v 0.00494493 0.03119855 -0.00443044
v 0.00425565 0.02536879 -0.00572974
v 0.00563342 0.02169883 -0.00640623
v 0.00479828 0.02040319 -0.00624131
v 0.00334344 0.02274932 -0.00619632
v 0.00558173 0.01580090 -0.00774123
v 0.00305612 -0.07154289 -0.02491770
v 0.00061898 -0.07292772 -0.02455593
v 0.00335809 -0.07431734 -0.02382163
v 0.00042679 -0.07009295 -0.02534800
v 0.00289152 -0.06926136 -0.02535899
v 0.00053196 -0.07585847 -0.02304313
v 0.00300168 -0.07761749 -0.02183522
v 0.00047441 -0.07841436 -0.02136985
v -0.00030347 -0.08081124 -0.01946153
v 0.00212159 -0.08131946 -0.01927244
v -0.00072347 -0.08247370 -0.01725718
v 0.00206848 -0.08325604 -0.01655978
v -0.00072102 -0.08439593 -0.01438703
v 0.00234372 -0.08490989 -0.01373522
v 0.00114973 -0.08592072 -0.01114600
v -0.00087418 -0.08608198 -0.01150503
v 0.00321328 -0.08606568 -0.01201276
v 0.02809403 -0.05981841 -0.00716860
v 0.02724480 -0.06040571 -0.00725238
v 0.02694598 -0.06587330 -0.00772278
v 0.02660367 -0.05593977 -0.00698464
v 0.02778683 -0.06737814 -0.00766588
v 0.02764989 -0.05279181 -0.00712921
v 0.02689640 -0.06908222 -0.00727203
v 0.02741171 -0.07026969 -0.00718320
v 0.02585202 -0.07186109 -0.00694959
v 0.02695044 -0.05041851 -0.00682532
v 0.02609590 -0.05088200 -0.00665221
v 0.02591736 -0.04638679 -0.00643090
v 0.02424556 -0.04565818 -0.00644003
v 0.02878708 -0.06302725 -0.00785066
v 0.02550026 -0.07433704 -0.00619586
v 0.02473261 -0.04924761 -0.00712674
v 0.02570913 -0.05414901 -0.00767722
v 0.02674513 -0.06049481 -0.00798029
v 0.02759022 -0.07119608 -0.00869265
v 0.02592712 -0.07467593 -0.00665689
v 0.02878226 -0.06468569 -0.00876800
v 0.02625227 -0.07421681 -0.00842347
v 0.02876643 -0.05865142 -0.00920467
v 0.02868670 -0.05780722 -0.00791816
v 0.02389179 -0.07770860 -0.00580373
v 0.02249286 -0.07890685 -0.00512249
v 0.02181108 -0.08029728 -0.00573901
v -0.01691186 -0.07817713 -0.01698595
v -0.01677001 -0.07910044 -0.01700999
v -0.01543379 -0.08067521 -0.01545501
v -0.01830842 -0.07597588 -0.01870473
v -0.01868447 -0.07370629 -0.01878914
v -0.01560842 -0.08100609 -0.01651107
v -0.01363803 -0.08341890 -0.01375179
v -0.01928694 -0.07036432 -0.02088108
v -0.01320903 -0.08252549 -0.01371113
v -0.01182634 -0.08490116 -0.01090672
v -0.01204499 -0.08557290 -0.01096031
v -0.01078187 -0.08663976 -0.00875134
v -0.01013014 -0.08680633 -0.00740957
v -0.01904999 -0.07047208 -0.01985141
v -0.01928675 -0.06689772 -0.02053561
v -0.01942852 -0.06618672 -0.02182693
v -0.01895177 -0.06107489 -0.02091487
v -0.01878568 -0.05790712 -0.02050584
v -0.01669263 -0.07830117 -0.01866866
v -0.00909390 -0.02198067 -0.01621394
v -0.01008066 -0.02247917 -0.01547208
v -0.00902683 -0.02177156 -0.01516408
v -0.01070188 -0.02381528 -0.01655678
v -0.01097146 -0.02384366 -0.01542846
v -0.01144660 -0.02529657 -0.01680663
v -0.01580165 -0.04034860 -0.01851840
v -0.01642784 -0.04309938 -0.02003595
v -0.01646829 -0.04351572 -0.01845554
v -0.01716066 -0.04616412 -0.01896300
v -0.01716500 -0.04637749 -0.02052222
v -0.01788499 -0.04930544 -0.01968923
v -0.01804204 -0.05055132 -0.02114049
v -0.01849763 -0.05248232 -0.01986731
v -0.01857672 -0.05327696 -0.02116324
v -0.01525692 -0.03880028 -0.01928457
v -0.01495956 -0.03763338 -0.01772410
v -0.01406198 -0.03429972 -0.01820406
v -0.01863062 -0.05723944 -0.02228828
v -0.01401846 -0.03496670 -0.01714642
v -0.01287741 -0.03185315 -0.01639401
v -0.01254569 -0.02968049 -0.01789757
v -0.01229525 -0.02825537 -0.01625905
v -0.01159860 -0.02623905 -0.01540407
v -0.01898317 -0.06330849 -0.02294108
v -0.01907302 -0.06761337 -0.02261618
v -0.01872644 -0.07172333 -0.02154653
v -0.01329083 -0.03687916 -0.01708172
v -0.01164710 -0.03321466 -0.01668728
v -0.01169182 -0.02900620 -0.01569158
v -0.01255685 -0.03797361 -0.01775473
v -0.01495721 -0.04078183 -0.01767876
v -0.01417535 -0.04358620 -0.01878974
v -0.01604510 -0.04510229 -0.01849910
v -0.01501861 -0.04709655 -0.01914020
v -0.01737073 -0.04941731 -0.01920565
v -0.01688063 -0.05231350 -0.01977315
v -0.01818171 -0.05387528 -0.01980870
v -0.01665181 -0.05812352 -0.02086569
v -0.01722503 -0.06242077 -0.02097994
v -0.01845667 -0.06593502 -0.02060128
v -0.01733525 -0.06716529 -0.02075386
v -0.01731062 -0.07050372 -0.02004940
v -0.01803122 -0.07329397 -0.01887432
v -0.01585548 -0.07591552 -0.01808550
v -0.01018689 -0.02461390 -0.01498877
v -0.01491388 -0.07819976 -0.01732051
v -0.01670584 -0.07391512 -0.01903123
v -0.01395563 -0.08030245 -0.01589740
v 0.02215932 -0.04953482 0.01379716
v 0.02339625 -0.05430071 0.01319091
v 0.02333276 -0.05492563 0.01452273
v 0.02409021 -0.05867150 0.01343525
v 0.02420885 -0.05958324 0.01543540
v 0.02432044 -0.06257797 0.01465486
v 0.02459033 -0.06293696 0.01345045
v 0.02463536 -0.06596873 0.01564807
v 0.02415393 -0.06777088 0.01484086
v 0.02273035 -0.05084381 0.01464087
v 0.01882004 -0.03742520 0.01243844
v 0.02034723 -0.04117043 0.01117755
v 0.02026468 -0.04279840 0.01302358
v 0.01906364 -0.03736252 0.01139295
v 0.02150218 -0.04503324 0.01156710
v 0.02161154 -0.04676278 0.01232571
v 0.02119205 -0.04546073 0.01371220
v 0.02286941 -0.05051125 0.01257310
v 0.01963459 -0.03607843 0.01054421
v 0.02359491 -0.04899671 0.01227982
v 0.02469691 -0.05411778 0.01290706
v -0.01560441 -0.00783251 0.00664962
v -0.01629261 -0.01042511 0.00629185
v -0.01500083 -0.00963831 0.00684600
v -0.01827114 -0.01656232 0.00545400
v -0.01693392 -0.01529497 0.00592101
v -0.01422731 -0.00447722 0.00684778
v -0.01486192 -0.00358252 0.00629820
v -0.01732782 -0.01790095 0.00542918
v -0.01936709 -0.02010739 0.00530049
v -0.01922331 -0.02386711 0.00558386
v -0.01576517 -0.01504468 0.00574055
v -0.01360879 -0.00391423 0.00647891
v -0.01296511 0.00072222 0.00601074
v -0.01368507 0.00229312 0.00562643
v -0.01216402 0.00570754 0.00537260
v -0.01287820 0.00595837 0.00485492
v -0.01203331 0.00955332 0.00501969
v -0.01117559 0.00674122 0.00536550
v -0.01070869 0.01106409 0.00538266
v -0.01020338 0.01837823 0.00475589
v -0.00972675 0.01675835 0.00511879
v -0.00837995 0.01983640 0.00499620
v -0.01001394 0.00835353 0.00600799
v -0.00810497 0.02415580 0.00473863
v -0.00879228 0.02432253 0.00423996
v -0.00790198 0.02993796 0.00414948
v -0.00705188 0.02920216 0.00469368
v -0.00632801 0.03341558 0.00474813
v -0.00688226 0.03493208 0.00425268
v -0.00498929 0.03352426 0.00564447
v -0.01099492 0.00428663 0.00630183
v -0.00985323 0.00425208 0.00660264
v -0.01069639 -0.00001761 0.00710249
v -0.01170301 -0.00058356 0.00691734
v -0.01176261 -0.00253652 0.00746281
v -0.00476888 0.03660532 0.00637283
v -0.00691956 0.03690488 0.00435889
v -0.00742625 0.02316401 0.00472422
v -0.00441256 0.03153918 0.00497242
v -0.00543750 0.03180372 0.00443295
v -0.00922524 0.00994181 0.00535929
v -0.00961365 0.01255531 0.00505576
v -0.00653659 0.02343269 0.00410502
v -0.00868495 0.01656386 0.00468164
v -0.01448341 -0.01139515 0.00615199
v -0.01333126 -0.00666123 0.00641750
v -0.01384785 -0.00857746 0.00622640
v -0.01797584 -0.07828928 0.01667419
v -0.02148645 -0.07356187 0.01804039
v -0.01869059 -0.07877095 0.01590538
v -0.01504853 -0.08246654 0.01426269
v -0.01963829 -0.07430466 0.01803721
v -0.02169212 -0.07212482 0.01862412
v -0.01820975 -0.07654505 0.01704401
v -0.01600280 -0.07995190 0.01522113
v -0.01472504 -0.08177211 0.01406663
v -0.01251964 -0.08384242 0.01328822
v 0.01218602 -0.00763668 -0.00577883
v 0.01137014 -0.00635204 -0.00645504
v 0.01204677 -0.01023543 -0.00715511
v 0.01287931 -0.01156878 -0.00663527
v 0.01137705 -0.00240938 -0.00498340
v 0.01296220 -0.01404576 -0.00809495
v 0.01082144 -0.00284195 -0.00617250
v 0.01018549 0.00055543 -0.00551955
v 0.01390016 -0.01494069 -0.00746942
v 0.01356668 -0.01721299 -0.00901894
v 0.01143673 -0.00019749 -0.00443570
v 0.01004829 0.00394794 -0.00385818
v 0.00927205 0.00620334 -0.00460293
v 0.00927678 0.01060176 -0.00342549
v 0.01435760 -0.01804735 -0.00876930
v 0.01415519 -0.02051872 -0.00974263
v 0.01904973 -0.02047336 -0.00349195
v 0.01782823 -0.02068212 -0.00372494
v 0.01891356 -0.02371689 -0.00377802
v 0.01695022 -0.01646369 -0.00376703
v 0.01992791 -0.02502290 -0.00381458
v 0.01967571 -0.02760135 -0.00429511
v 0.02101478 -0.02751354 -0.00421940
v 0.02135179 -0.03140271 -0.00456752
v 0.01793340 -0.01539146 -0.00375564
v 0.01633284 -0.01148518 -0.00368564
v 0.01521725 -0.01140247 -0.00422836
v 0.01430804 -0.00620920 -0.00402892
v 0.01530960 -0.00717639 -0.00386124
v 0.01467630 -0.00355749 -0.00398792
v 0.01315078 -0.00115396 -0.00396240
v 0.01268513 -0.00525826 -0.00511879
v 0.01259809 0.00253691 -0.00385012
v 0.01300078 -0.00844772 -0.00573168
v 0.01064206 0.01002679 -0.00318733
v 0.00884184 0.01433283 -0.00293740
v 0.01017250 0.01431006 -0.00290364
v 0.00852920 0.01683013 -0.00237105
v 0.01775865 -0.07515766 0.01912197
v 0.01641530 -0.07505267 0.02080789
v 0.01640215 -0.07777226 0.01903399
v 0.01825435 -0.07246244 0.02135990
v 0.01718749 -0.07062289 0.02214227
v 0.01902630 -0.06823776 0.02225532
v 0.01829510 -0.06624651 0.02281614
v 0.01854531 -0.06237006 0.02297811
v 0.01790820 -0.07415523 0.01872447
v 0.01664550 -0.07773220 0.01734801
v 0.01868283 -0.07118325 0.01976722
v 0.01840245 -0.05614947 0.02196670
v 0.01887714 -0.06323354 0.02251399
v 0.01879256 -0.06253833 0.02100533
v 0.01900395 -0.06789211 0.02042104
v 0.01832675 -0.05836150 0.02055123
v 0.01815916 -0.05410275 0.01990140
v 0.01786546 -0.05153218 0.02130570
v 0.01730361 -0.04941107 0.01901646
v 0.01680664 -0.04565872 0.01921751
v 0.01641214 -0.04441282 0.01798375
v 0.01585326 -0.04111580 0.01910887
v 0.01515806 -0.03878411 0.01678091
v 0.01449527 -0.03620895 0.01844388
v 0.01402116 -0.03437405 0.01675097
v 0.01253737 -0.03045006 0.01786418
v 0.01681059 -0.04663935 0.02042956
v 0.01170012 -0.02634395 0.01716957
v 0.01178723 -0.02628709 0.01557386
v 0.01070254 -0.02314284 0.01653703
v 0.01078578 -0.02295563 0.01531229
v 0.00933798 -0.02032078 0.01582383
v 0.01759019 -0.05459164 0.02210392
v -0.00866532 -0.00670128 0.01246873
v -0.00827246 -0.00633841 0.01133028
v -0.00886747 -0.01034535 0.01202304
v -0.00830365 -0.00285274 0.01093447
v -0.00938596 -0.01445255 0.01336353
v -0.00898462 -0.01517433 0.01285192
v -0.00957479 -0.01918307 0.01411046
v -0.00937452 -0.01731366 0.01494715
v -0.01017628 -0.02278733 0.01573093
v -0.00902682 -0.01364941 0.01391912
v -0.00959889 -0.02088909 0.01609790
v -0.01030032 -0.02536072 0.01686761
v -0.00778195 -0.00274164 0.01198764
v -0.00759124 0.00203361 0.01050839
v -0.00776160 0.00041997 0.00989470
v -0.00680715 0.00303864 0.00882714
v -0.00671992 0.00508084 0.01033867
v -0.00596829 0.00799561 0.00902854
v -0.00600173 0.00784838 0.01057196
v -0.00544936 0.01071864 0.01060414
v -0.00541726 0.00992967 0.00894594
v -0.00743788 0.00119407 0.01108365
v -0.00849069 -0.00799194 0.01305532
v -0.00613759 0.01202264 0.00951312
v -0.00588888 0.01389205 0.00795735
v -0.00611248 0.01460196 0.00837426
v -0.00519498 0.02106688 0.00684276
v -0.00545754 0.02144400 0.00762264
v -0.00482336 0.02609852 0.00773081
v -0.00474394 0.02952586 0.00654878
v -0.00430043 0.03084390 0.00736746
v -0.00498929 0.03352426 0.00564447
v -0.00476888 0.03660532 0.00637283
v -0.00439146 0.02841093 0.00569692
v -0.00441256 0.03153918 0.00497242
v -0.00755374 -0.00236208 0.00995327
v -0.00503280 0.01545355 0.00720213
v -0.00493909 0.01029044 0.00845542
v -0.00423674 0.01998234 0.00655512
v -0.00431388 0.02355855 0.00624943
v 0.01190923 -0.06958351 -0.02548227
v 0.01312648 -0.06855536 -0.02516413
v 0.01269608 -0.07322271 -0.02346354
v 0.01269441 -0.06619335 -0.02609887
v 0.01319405 -0.07153065 -0.02377835
v 0.01071504 -0.07258006 -0.02419330
v 0.01092384 -0.07519326 -0.02250992
v 0.01235486 -0.07674693 -0.02130834
v 0.01052872 -0.06996215 -0.02541193
v 0.00978800 -0.07690065 -0.02152365
v 0.01026396 -0.08101587 -0.01846653
v 0.00921407 -0.07860885 -0.02023888
v 0.00805986 -0.08203424 -0.01789949
v 0.00917534 -0.08387854 -0.01584551
v 0.00650262 -0.08367441 -0.01642606
v 0.00533243 -0.08539475 -0.01464430
v 0.00900473 -0.08568289 -0.01293937
v 0.00846055 -0.08020625 -0.01880829
v 0.01134563 -0.08063722 -0.01790750
v 0.01276339 -0.07718816 -0.02008089
v -0.01954569 -0.07811171 0.01427721
v -0.01779639 -0.08073978 0.01301328
v -0.01869059 -0.07877095 0.01590538
v -0.02109858 -0.07556370 0.01541945
v -0.01672046 -0.08257408 0.01224164
v -0.02148645 -0.07356187 0.01804039
v -0.02251046 -0.07208436 0.01651775
v -0.02169212 -0.07212482 0.01862412
v -0.02270772 -0.06914530 0.01926785
v -0.02371435 -0.06631158 0.01883716
v -0.02281336 -0.07070354 0.01659813
v -0.02370129 -0.06649490 0.01738474
v -0.01606945 -0.08329908 0.01114600
v -0.02394325 -0.06100106 0.01759553
v -0.02377912 -0.05968960 0.01892589
v -0.02058727 -0.07526455 0.01516002
v -0.02354029 -0.05612227 0.01752466
v -0.02307962 -0.05437344 0.01656962
v -0.02229756 -0.04887742 0.01632782
v 0.00667298 0.00275258 -0.01173563
v 0.00796563 -0.00253039 -0.01236997
v 0.00734435 -0.00485631 -0.01286858
v 0.00860411 -0.00779110 -0.01321621
v 0.00901604 -0.01384691 -0.01401301
v 0.00749250 0.00359146 -0.01127277
v 0.00627576 0.00726185 -0.01117061
v 0.00683998 0.01009618 -0.01002525
v 0.00635414 0.01182660 -0.01023319
v 0.00889536 -0.00734237 -0.01275104
v 0.00958130 -0.01288098 -0.01307275
v 0.00983011 -0.01786656 -0.01463095
v 0.00971629 -0.02094507 -0.01598228
v 0.00798818 -0.01767456 -0.01481595
v 0.00888374 -0.02343489 -0.01680029
v 0.00962308 -0.02695535 -0.01803808
v 0.00862669 -0.02977707 -0.01883739
v 0.00716316 -0.01376991 -0.01362041
v 0.00940914 -0.03142609 -0.01976234
v 0.01003028 -0.02589855 -0.01737914
v 0.01035282 -0.02960197 -0.01843651
v 0.00845742 0.01345160 0.00542265
v 0.00857654 0.01528432 0.00366731
v 0.00923106 0.01173956 0.00413757
v 0.00788966 0.01740433 0.00487071
v 0.00794638 0.01855118 0.00333707
v 0.00722170 0.02145445 0.00487048
v 0.00872719 0.01036882 0.00559494
v 0.00926240 0.00705567 0.00543605
v 0.00922675 0.00665094 0.00671545
v 0.00935552 0.00363651 0.00612173
v 0.01010182 0.00592368 0.00491927
v 0.00926815 0.00155796 0.00624382
v 0.01003140 0.01001752 0.00446997
v 0.00950789 0.01472576 0.00378041
v 0.00904535 0.01605379 0.00337003
v -0.01218225 -0.00060954 0.00548463
v -0.01296511 0.00072222 0.00601074
v -0.01304280 -0.00324992 0.00572134
v -0.01216402 0.00570754 0.00537260
v -0.01168725 0.00403926 0.00500449
v -0.01360879 -0.00391423 0.00647891
v -0.01365344 -0.00656854 0.00579748
v -0.01117559 0.00674122 0.00536550
v 0.01740800 -0.06590591 0.02065600
v 0.01699699 -0.07112297 0.01983101
v 0.01696670 -0.06818456 0.02099706
v 0.01660838 -0.07146360 0.02031202
v 0.01582940 -0.07420556 0.01926975
v 0.01665510 -0.06057148 0.02181789
v 0.01732929 -0.07461864 0.01840868
v 0.01480449 -0.07661520 0.01785040
v 0.01868283 -0.07118325 0.01976722
v 0.01900395 -0.06789211 0.02042104
v 0.01879256 -0.06253833 0.02100533
v 0.01449871 -0.07894500 0.01681032
v 0.01664550 -0.07773220 0.01734801
v 0.01790820 -0.07415523 0.01872447
v 0.01526097 -0.08017600 0.01572289
v 0.01355242 -0.08226208 0.01403269
v 0.01832675 -0.05836150 0.02055123
v 0.01432206 -0.08223673 0.01473993
v 0.01481878 -0.02455513 -0.01029828
v 0.01451894 -0.02589609 -0.01140435
v 0.01581737 -0.03035089 -0.01145971
v 0.01415519 -0.02051872 -0.00974263
v 0.01850549 -0.04457580 -0.01500642
v 0.01821413 -0.04471096 -0.01592440
v 0.01938483 -0.04781021 -0.01544684
v 0.01913106 -0.04838947 -0.01696711
v 0.02004815 -0.05134463 -0.01615777
v 0.01974746 -0.05196337 -0.01758410
v 0.02030674 -0.05652631 -0.01732997
v 0.02018301 -0.05705306 -0.01835834
v 0.01689755 -0.04136755 -0.01506659
v 0.02023175 -0.06112788 -0.01807219
v 0.01780836 -0.04106282 -0.01402190
v 0.01689926 -0.03779549 -0.01353308
v 0.01642344 -0.03681199 -0.01409576
v 0.01631749 -0.03375139 -0.01251965
v 0.01624070 -0.03367680 -0.01378775
v 0.01576410 -0.03181132 -0.01280787
v 0.01508842 -0.02817758 -0.01240633
v -0.01156437 -0.03450388 -0.01857563
v -0.01126426 -0.03486561 -0.01815380
v -0.01255685 -0.03797361 -0.01775473
v -0.01022434 -0.02926936 -0.01740042
v -0.01041812 -0.02982290 -0.01648513
v -0.00918495 -0.02562488 -0.01594427
v -0.01287331 -0.03891087 -0.01917110
v -0.00922038 -0.02557608 -0.01658174
v -0.01349239 -0.04180253 -0.01941297
v -0.01417535 -0.04358620 -0.01878974
v -0.01407352 -0.04392050 -0.02009845
v -0.01501861 -0.04709655 -0.01914020
v -0.01497949 -0.04828289 -0.01962440
v -0.01164710 -0.03321466 -0.01668728
v -0.01688063 -0.05231350 -0.01977315
v -0.01579702 -0.05169832 -0.02036182
v -0.01665181 -0.05812352 -0.02086569
v -0.01658900 -0.06068763 -0.02294424
v -0.01711743 -0.06580263 -0.02176824
v -0.01719267 -0.06584577 -0.02292684
v -0.01691117 -0.06989065 -0.02212499
v -0.01733525 -0.06716529 -0.02075386
v -0.01722503 -0.06242077 -0.02097994
v -0.01622962 -0.05567344 -0.02203196
v -0.01564850 -0.05159260 -0.02123645
v -0.01492156 -0.04750589 -0.02071931
v -0.01656056 -0.07207905 -0.02051700
v -0.01613321 -0.07412793 -0.02093569
v -0.01529483 -0.07623697 -0.02007359
v -0.01473516 -0.07790597 -0.01956382
v -0.01491388 -0.07819976 -0.01732051
v -0.01585548 -0.07591552 -0.01808550
v -0.01670584 -0.07391512 -0.01903123
v -0.01316725 -0.08052737 -0.01768148
v -0.01731062 -0.07050372 -0.02004940
v -0.01874353 -0.03253924 0.01311628
v -0.01969499 -0.03702861 0.01341510
v -0.01927522 -0.03550528 0.01404279
v -0.02038509 -0.04115903 0.01547465
v -0.02064589 -0.04200569 0.01448845
v -0.02139709 -0.04499218 0.01604216
v -0.01823892 -0.03162321 0.01172438
v -0.01749266 -0.02809723 0.01154212
v -0.01757947 -0.02880461 0.01272778
v -0.01679146 -0.02535523 0.01169408
v -0.01639692 -0.02511946 0.01060196
v -0.02138835 -0.04698509 0.01520633
v -0.01534481 -0.01982164 0.01009251
v -0.01570887 -0.02179352 0.01155268
v -0.01468707 -0.01837041 0.01088869
v -0.01441114 -0.01508581 0.00895957
v -0.01434493 -0.01651284 0.00838964
v -0.01405398 -0.01334742 0.00750259
v -0.01380911 -0.01289347 0.00884114
v -0.01364079 -0.01002062 0.00708667
v -0.01323583 -0.01083727 0.00841216
v -0.01290448 -0.00661522 0.00764339
v -0.01333126 -0.00666123 0.00641750
v -0.01260082 -0.00321369 0.00623324
v -0.01176261 -0.00253652 0.00746281
v -0.01170301 -0.00058356 0.00691734
v -0.01218225 -0.00060954 0.00548463
v -0.01166757 0.00048583 0.00594834
v -0.01099492 0.00428663 0.00630183
v -0.01168725 0.00403926 0.00500449
v -0.01117559 0.00674122 0.00536550
v -0.02229756 -0.04887742 0.01632782
v -0.01329543 -0.01041212 0.00637366
v -0.01224855 -0.00527960 0.00558972
v -0.02164524 -0.04779094 0.01703139
v -0.02265502 -0.05293080 0.01821470
v -0.02354029 -0.05612227 0.01752466
v -0.02377912 -0.05968960 0.01892589
v -0.01384785 -0.00857746 0.00622640
v -0.01352887 -0.01575080 0.01000251
v -0.02032955 -0.04417290 0.01649242
v -0.01240410 -0.00845017 0.00814123
v -0.01239018 -0.01088632 0.00838954
v -0.00525627 -0.08065909 -0.02034123
v -0.00463856 -0.08110705 -0.01917086
v -0.00453270 -0.08314120 -0.01827443
v -0.00618100 -0.07791612 -0.02255286
v -0.00384611 -0.08471724 -0.01616557
v -0.00715340 -0.05111096 -0.02549676
v -0.00693127 -0.04944139 -0.02377520
v -0.00720542 -0.05492543 -0.02542035
v -0.00738402 -0.05578161 -0.02640094
v -0.00696953 -0.04448133 -0.02386633
v -0.00755655 -0.06019407 -0.02541736
v -0.00719336 -0.06932059 -0.02642724
v -0.00750507 -0.06296494 -0.02711331
v -0.00654937 -0.04213376 -0.02288570
v -0.00756819 -0.05812035 -0.02687584
v -0.00693624 -0.04525437 -0.02232614
v -0.00639357 -0.04068651 -0.02126587
v -0.00609266 -0.03487706 -0.02111638
v -0.00608237 -0.03439755 -0.01927666
v -0.00597151 -0.03074575 -0.01894307
v -0.00627369 -0.02947123 -0.01928822
v -0.00623524 -0.02526063 -0.01739210
v -0.00624040 -0.03049696 -0.01789838
v -0.00626352 -0.02591393 -0.01662665
v -0.00633007 -0.02011146 -0.01571902
v -0.00740795 -0.06627019 -0.02578944
v -0.00723736 -0.07005921 -0.02477623
v -0.00679397 -0.07403067 -0.02486188
v -0.00688042 -0.07294502 -0.02350781
v -0.00661129 -0.07550013 -0.02262817
v -0.00634771 -0.07759376 -0.02103062
v -0.00568519 -0.07952483 -0.01960770
v -0.00751214 -0.05612767 -0.02481749
v -0.00764318 -0.05285733 -0.02405319
v -0.00721909 -0.04048522 -0.02303869
v -0.00446744 -0.08253709 -0.01643783
v -0.00675237 -0.00819318 0.01292709
v -0.00770507 -0.00665597 0.01306330
v -0.00766168 -0.01114312 0.01379836
v -0.00694418 -0.00244849 0.01192583
v -0.00712403 -0.01345601 0.01371313
v -0.00902682 -0.01364941 0.01391912
v -0.00778195 -0.00274164 0.01198764
v -0.00743788 0.00119407 0.01108365
v -0.00601028 0.00021347 0.01098801
v -0.00761482 -0.01485941 0.01427993
v -0.00937452 -0.01731366 0.01494715
v -0.00756682 -0.01823508 0.01505651
v -0.00835587 -0.02118556 0.01626280
v -0.00959889 -0.02088909 0.01609790
v -0.00938051 -0.02517199 0.01746935
v -0.00853846 -0.02745119 0.01774618
v -0.00560795 0.00503192 0.01101511
v -0.00849069 -0.00799194 0.01305532
v -0.00931616 -0.03009028 0.01876395
v -0.00866532 -0.00670128 0.01246873
v -0.01030032 -0.02536072 0.01686761
v -0.01045626 -0.02853372 0.01826865
v -0.00643293 -0.00467310 0.01171150
v -0.02155190 -0.02968640 0.00659189
v -0.02241549 -0.03080714 0.00587135
v -0.02269386 -0.03487469 0.00731385
v -0.02159164 -0.02700283 0.00505195
v -0.02058869 -0.02415542 0.00552937
v -0.02362776 -0.03595788 0.00715852
v -0.02036697 -0.02345096 0.00424824
v -0.01990439 -0.02146405 0.00476385
v -0.01936709 -0.02010739 0.00530049
v -0.01893868 -0.01852242 0.00434501
v -0.01827114 -0.01656232 0.00545400
v -0.01734944 -0.01353960 0.00535976
v -0.01629261 -0.01042511 0.00629185
v -0.01622290 -0.00977909 0.00585999
v -0.01560441 -0.00783251 0.00664962
v -0.01497305 -0.00551691 0.00569529
v -0.01486192 -0.00358252 0.00629820
v -0.01426497 -0.00009994 0.00558381
v -0.01368507 0.00229312 0.00562643
v -0.01338305 0.00358595 0.00471820
v -0.01287820 0.00595837 0.00485492
v -0.01386245 -0.00000989 0.00480115
v -0.01690729 -0.01396759 0.00475766
v -0.01086507 -0.07823079 0.02093143
v -0.01165224 -0.07966033 0.01860777
v -0.01026000 -0.08120782 0.01839459
v -0.01195146 -0.07656968 0.02172865
v -0.01124775 -0.08151542 0.01596239
v -0.01247392 -0.07564938 0.02174578
v -0.01173718 -0.07292490 0.02417024
v -0.01069881 -0.08302642 0.01563897
v -0.01229694 -0.06906557 0.02543553
v -0.01262381 -0.07416450 0.02189950
v -0.01256347 -0.06940071 0.02446176
v -0.01247749 -0.06343751 0.02510308
v -0.01228568 -0.06503849 0.02648531
v -0.01139918 -0.08000867 0.01722788
v -0.01246855 -0.05765556 0.02576365
v -0.01241171 -0.05538027 0.02433860
v -0.01192803 -0.07704278 0.01976239
v -0.01228734 -0.05213297 0.02421536
v -0.01232721 -0.04671141 0.02167923
v -0.01236374 -0.04444133 0.02173780
v -0.01214040 -0.04167570 0.02050145
v -0.01153881 -0.03852898 0.02088277
v -0.01166288 -0.04008594 0.01938727
v -0.01156847 -0.03554661 0.01889588
v -0.01108836 -0.03246712 0.01879972
v -0.01056561 -0.03144018 0.01728432
v -0.01082656 -0.02949204 0.01755847
v -0.01042689 -0.02709897 0.01618792
v -0.01030032 -0.02536072 0.01686761
v -0.01017628 -0.02278733 0.01573093
v -0.00993129 -0.08348914 0.01457738
v -0.00963301 -0.02296035 0.01495947
v -0.00957479 -0.01918307 0.01411046
v -0.00943331 -0.08432173 0.01427997
v -0.00808780 -0.08537813 0.01224832
v -0.00788516 -0.08643768 0.01221762
v -0.00814508 -0.08653722 0.01068355
v -0.00820141 -0.08600529 0.01046632
v -0.01045626 -0.02853372 0.01826865
v -0.01241636 -0.07214361 0.02289138
v -0.01202839 -0.05855509 0.02656376
v -0.01181090 -0.05327367 0.02528800
v -0.01168043 -0.04889626 0.02400137
v -0.01041717 -0.03264354 0.01950925
v -0.01167203 -0.04425437 0.02229377
v -0.01148387 -0.06128115 0.02708856
v -0.01246803 -0.06829935 0.02423575
v 0.01172757 0.00776193 -0.00363865
v 0.01259809 0.00253691 -0.00385012
v 0.01320682 0.00374900 -0.00444248
v 0.01441751 -0.00121865 -0.00432284
v 0.01064206 0.01002679 -0.00318733
v 0.01109654 0.01358273 -0.00369601
v 0.01017250 0.01431006 -0.00290364
v 0.01315078 -0.00115396 -0.00396240
v 0.01467630 -0.00355749 -0.00398792
v 0.01055224 0.01663728 -0.00389240
v -0.00817752 -0.01551338 -0.01423178
v -0.00848739 -0.01939765 -0.01543918
v -0.00806599 -0.01948923 -0.01418701
v -0.00782855 -0.01596839 -0.01345047
v -0.00753650 -0.01066067 -0.01273841
v -0.00902683 -0.02177156 -0.01516408
v -0.00904740 -0.02408036 -0.01532635
v -0.00678452 -0.01025830 -0.01212415
v -0.00679372 -0.00607363 -0.01195929
v -0.00627886 -0.00221260 -0.01148418
v -0.00677608 -0.00438663 -0.01258986
v -0.00593192 0.00004994 -0.01231036
v -0.00591552 0.00165849 -0.01133494
v -0.00713727 -0.00923472 -0.01383672
v -0.00511214 0.00663158 -0.01117076
v -0.00539857 0.00552111 -0.01002475
v -0.00482627 0.00997236 -0.01019162
v -0.00473168 0.01237144 -0.00934398
v -0.00425520 0.01410494 -0.00981345
v -0.00799323 -0.01773019 -0.01579349
v -0.00909390 -0.02198067 -0.01621394
v -0.00469228 0.01569748 -0.00858861
v -0.00397293 0.01781783 -0.00917855
v -0.00614521 -0.00354872 -0.01319833
v -0.00456679 0.02171036 -0.00771537
v -0.00413957 0.02146258 -0.00835912
v -0.00423336 0.02434789 -0.00776767
v -0.00450703 0.02700473 -0.00685381
v -0.00449102 0.02647656 -0.00609824
v -0.00416056 0.02259434 -0.00664886
v -0.00444179 0.03270226 -0.00616548
v -0.00440132 0.03061144 -0.00513719
v -0.00410791 0.03163962 -0.00470479
v -0.00430295 0.01915712 -0.00748390
v -0.00408973 0.01559763 -0.00793809
v -0.00438377 0.01253959 -0.00881995
v -0.00437561 0.00629389 -0.00939384
v -0.00337271 0.02547925 -0.00564298
v -0.00369686 0.02909814 -0.00508580
v -0.00530080 -0.00035380 -0.01090880
v -0.01570887 -0.02179352 0.01155268
v -0.01679146 -0.02535523 0.01169408
v -0.01601685 -0.02441600 0.01227901
v -0.01757947 -0.02880461 0.01272778
v -0.01649655 -0.02790372 0.01292129
v -0.01776555 -0.03229315 0.01373206
v -0.01874353 -0.03253924 0.01311628
v -0.01927522 -0.03550528 0.01404279
v -0.01866975 -0.03674901 0.01468190
v -0.02038509 -0.04115903 0.01547465
v -0.01530482 -0.02455697 0.01228966
v -0.01436262 -0.01982158 0.01137050
v -0.01468707 -0.01837041 0.01088869
v -0.01256430 -0.01493999 0.00922915
v 0.00781251 -0.01378092 0.01304766
v 0.00826580 -0.01561236 0.01468017
v 0.00779982 -0.01725575 0.01374145
v 0.00765603 -0.01079895 0.01308661
v 0.00718834 -0.00927040 0.01201860
v 0.00695756 -0.00648957 0.01336651
v 0.00690952 -0.00347532 0.01196545
v 0.00743782 -0.01111482 0.01437882
v 0.00650487 -0.00265027 0.01302691
v 0.00570743 0.00221924 0.01230653
v 0.00621951 -0.00018382 0.01127700
v 0.00597203 0.00241500 0.01109570
v 0.00552026 0.00627478 0.01115556
v 0.00528481 0.00840350 0.00985385
v 0.00490569 0.01071853 0.01068400
v 0.00478486 0.01487143 0.01000423
v 0.00480070 0.01591824 0.00880745
v 0.00449928 0.01971253 0.00907556
v 0.00452955 0.02217697 0.00792327
v 0.00418638 0.02668957 0.00755027
v 0.00415581 0.02621030 0.00622890
v 0.00410617 0.02840827 0.00630929
v 0.00797798 -0.01540880 0.01548283
v 0.00860222 -0.01905646 0.01467666
v 0.00419944 0.03154112 0.00665418
v 0.00424621 0.02998917 0.00572780
v 0.00428898 0.03167409 0.00516989
v 0.00461054 0.03377544 0.00626215
v 0.00357121 0.02857012 0.00808918
v 0.00637009 -0.00615159 0.01124176
v 0.00410823 0.02236512 0.00644846
v 0.00402474 0.01992250 0.00715174
v 0.00426943 0.01653249 0.00789578
v 0.00412812 0.01338215 0.00843678
v 0.00431647 0.00831644 0.00913980
v 0.00490672 0.00531307 0.00969739
v 0.00556459 0.00132665 0.01072546
v 0.00310725 0.02786226 0.00571692
v 0.01161461 -0.08559054 0.00796920
v 0.01079176 -0.08686828 0.00778008
v 0.01319601 -0.08656129 0.00780970
v 0.01453116 -0.08426172 0.00832441
v 0.01625378 -0.08497323 0.00764374
v 0.01685509 -0.08379521 0.00844467
v 0.01676557 -0.08300191 0.00902306
v 0.01990005 -0.08113633 0.01032625
v 0.01936683 -0.08014767 0.01136681
v 0.02269527 -0.07779715 0.01244450
v 0.02067967 -0.07830919 0.01222280
v 0.02304042 -0.07452420 0.01426450
v 0.02408063 -0.07545651 0.01350693
v 0.02451736 -0.07399376 0.01422329
v 0.02482483 -0.07150332 0.01513991
v 0.02357433 -0.07153589 0.01504347
v 0.02463536 -0.06596873 0.01564807
v 0.01706091 -0.08223124 0.00917631
v 0.02630872 -0.06468551 0.01554208
v 0.02588113 -0.05843910 0.01546078
v 0.01897792 -0.07979361 0.01103906
v 0.02414305 -0.05600371 0.01537835
v 0.02420885 -0.05958324 0.01543540
v 0.02143885 -0.07693488 0.01264904
v 0.02333276 -0.05492563 0.01452273
v 0.02273035 -0.05084381 0.01464087
v 0.02403862 -0.05188427 0.01500216
v 0.02244156 -0.04788081 0.01437117
v 0.02215932 -0.04953482 0.01379716
v 0.02119205 -0.04546073 0.01371220
v 0.02164806 -0.04411914 0.01370860
v 0.02026468 -0.04279840 0.01302358
v 0.01976492 -0.03929641 0.01311410
v 0.01882004 -0.03742520 0.01243844
v 0.01812673 -0.03391006 0.01247386
v 0.01938713 -0.03210937 0.01214036
v 0.02110377 -0.03801926 0.01282104
v 0.01832783 -0.03108306 0.01220207
v 0.01701461 -0.03082340 0.01171290
v 0.01607889 -0.02649919 0.01153123
v 0.01770257 -0.02637186 0.01158598
v 0.01621818 -0.02160925 0.01096604
v 0.01457383 -0.02149407 0.01088925
v 0.01538707 -0.01727173 0.01025331
v 0.01364334 -0.01493611 0.01015068
v 0.01306609 -0.01546008 0.00990872
v 0.01164849 -0.01011485 0.00915209
v 0.01312197 -0.00924874 0.00935507
v 0.01216166 -0.00612208 0.00900217
v 0.01103683 -0.00659717 0.00813509
v 0.01137853 -0.00206689 0.00830877
v 0.00996572 0.00307869 0.00758097
v 0.01077035 0.00368383 0.00793290
v 0.01017221 0.00754186 0.00737021
v 0.00922675 0.00665094 0.00671545
v 0.00910617 0.01083667 0.00664427
v 0.01001425 0.01175444 0.00664981
v 0.01007251 -0.00279122 0.00706873
v 0.00926815 0.00155796 0.00624382
v 0.00921873 0.01595378 0.00602926
v 0.00845742 0.01345160 0.00542265
v 0.01190145 0.00001892 0.00818517
v 0.01272445 -0.00464011 0.00874204
v 0.00935552 0.00363651 0.00612173
v 0.00872719 0.01036882 0.00559494
v 0.02375045 -0.04857468 0.01432962
v 0.01490898 -0.01433605 0.00971000
v 0.02252028 -0.04323777 0.01325610
v 0.01170567 0.00319577 0.00762805
v 0.01091086 0.00751526 0.00697414
v 0.01987349 -0.07332319 -0.01599135
v 0.02028770 -0.07026295 -0.01695137
v 0.01983272 -0.07233941 -0.01770055
v 0.02031877 -0.06653061 -0.01788783
v 0.02030889 -0.06877484 -0.01907883
v 0.02017298 -0.06260100 -0.01991595
v 0.02023175 -0.06112788 -0.01807219
v 0.02038372 -0.05552579 -0.01891452
v 0.02018301 -0.05705306 -0.01835834
v 0.01974746 -0.05196337 -0.01758410
v 0.01978517 -0.04988211 -0.01759227
v 0.01890388 -0.07459004 -0.01665023
v 0.01913106 -0.04838947 -0.01696711
v 0.01846997 -0.04377996 -0.01637884
v 0.01821413 -0.04471096 -0.01592440
v 0.01689755 -0.04136755 -0.01506659
v 0.01689240 -0.03888683 -0.01516388
v 0.01642344 -0.03681199 -0.01409576
v 0.01791331 -0.07666365 -0.01473038
v 0.01729836 -0.07779498 -0.01538201
v 0.01643777 -0.08029373 -0.01208292
v 0.01824554 -0.03199515 -0.01328747
v 0.01635831 -0.02597842 -0.01248774
v 0.01696874 -0.02559737 -0.01205423
v 0.01589588 -0.02119607 -0.01156738
v 0.01592444 -0.02879220 -0.01294562
v 0.01765859 -0.03258264 -0.01362809
v 0.01462838 -0.02277086 -0.01192425
v 0.01511476 -0.01818567 -0.01087710
v 0.01624070 -0.03367680 -0.01378775
v 0.01716491 -0.03657828 -0.01463274
v 0.01961020 -0.03807442 -0.01470872
v 0.02032744 -0.04133691 -0.01549381
v 0.02121919 -0.04662144 -0.01702976
v 0.02144389 -0.05271811 -0.01828344
v 0.02143800 -0.05760609 -0.01954680
v 0.02241390 -0.05861121 -0.01958585
v 0.02165386 -0.06400524 -0.02001545
v 0.02239083 -0.05169475 -0.01775786
v 0.01404204 -0.01987324 -0.01072019
v 0.01414467 -0.01645105 -0.01007517
v 0.01502646 -0.01519926 -0.00940679
v 0.01305453 -0.01332486 -0.00835058
v 0.01444236 -0.01336452 -0.00840400
v 0.01508842 -0.02817758 -0.01240633
v 0.01576410 -0.03181132 -0.01280787
v 0.02221118 -0.06355947 -0.01978680
v 0.02267173 -0.06653436 -0.01921319
v 0.02165386 -0.06400524 -0.02001545
v 0.02247208 -0.07062806 -0.01852316
v 0.02241390 -0.05861121 -0.01958585
v 0.02023482 -0.07337822 -0.01758329
v 0.02147826 -0.07472397 -0.01663942
v 0.01962904 -0.07721096 -0.01583136
v 0.01726156 -0.07896684 -0.01529643
v 0.02030889 -0.06877484 -0.01907883
v 0.02017298 -0.06260100 -0.01991595
v 0.01983272 -0.07233941 -0.01770055
v 0.01890388 -0.07459004 -0.01665023
v 0.01729836 -0.07779498 -0.01538201
v 0.01573375 -0.08044854 -0.01406988
v 0.01618277 -0.08227591 -0.01305990
v 0.01500598 -0.08209846 -0.01366524
v -0.02770385 -0.07166444 0.00840914
v -0.02560388 -0.07586791 0.00702821
v -0.02641741 -0.07443657 0.00853523
v -0.02400406 -0.07812186 0.00689366
v -0.02334222 -0.07858576 0.00783771
v -0.02144695 -0.08117754 0.00594515
v -0.02023602 -0.08144613 0.00774097
v -0.01880404 -0.08358421 0.00584267
v -0.01880968 -0.08403969 0.00320576
v -0.01644991 -0.08577221 0.00305668
v -0.01585958 -0.08557250 0.00540365
v -0.01573832 -0.08522039 0.00758607
v -0.01158759 -0.08758382 0.00614648
v -0.01693685 -0.08350445 0.00856520
v -0.01354525 -0.08617159 0.00817861
v -0.01553282 -0.08636913 0.00185139
v -0.01346448 -0.08664910 0.00323648
v -0.01121432 -0.08791875 0.00404144
v -0.01138503 -0.08838684 0.00164914
v -0.00822195 -0.08879616 0.00571128
v -0.00961670 -0.08764751 0.00700940
v -0.01212770 -0.08612846 0.00842731
v -0.01037316 -0.08685799 0.00979856
v -0.01246709 -0.08565003 0.00935201
v -0.00854595 -0.08801559 0.00796676
v -0.00628147 -0.08790258 0.00920944
v -0.00557627 -0.08874260 0.00791958
v -0.00310186 -0.08810895 0.00978593
v -0.00265303 -0.08895097 0.00849087
v -0.00814508 -0.08653722 0.01068355
v -0.00967146 -0.08595147 0.01119711
v -0.00788516 -0.08643768 0.01221762
v -0.00552596 -0.08706593 0.01255168
v -0.00866861 -0.08446395 0.01548466
v -0.00943331 -0.08432173 0.01427997
v -0.01069881 -0.08302642 0.01563897
v -0.01026000 -0.08120782 0.01839459
v -0.00596574 -0.08554249 0.01459756
v 0.00035176 -0.08905750 0.00870146
v 0.00023958 -0.08803776 0.01121820
v -0.00280325 -0.08741437 0.01197201
v -0.00334548 -0.08721184 0.01180651
v -0.00229116 -0.08593349 0.01466296
v -0.00334110 -0.08653793 0.01200027
v -0.01130521 -0.08554612 0.01214331
v -0.01312241 -0.08471252 0.01282771
v -0.01393577 -0.08510297 0.01020437
v -0.01672046 -0.08257408 0.01224164
v -0.01504853 -0.08246654 0.01426269
v -0.01869059 -0.07877095 0.01590538
v -0.01606945 -0.08329908 0.01114600
v -0.00631803 -0.08428067 0.01568931
v -0.02818367 -0.06930501 0.00950688
v -0.01251964 -0.08384242 0.01328822
v -0.01627719 -0.08547211 0.00230393
v -0.01610358 -0.08535090 0.00152270
v -0.00730368 -0.08251581 0.01688606
v -0.00885755 -0.08030531 0.01918303
v -0.01086507 -0.07823079 0.02093143
v -0.00916271 -0.07818815 0.02093512
v -0.01029675 -0.07564126 0.02239354
v -0.01195146 -0.07656968 0.02172865
v -0.01173718 -0.07292490 0.02417024
v -0.01042951 -0.07220368 0.02459177
v -0.01118270 -0.06890281 0.02595346
v -0.01229694 -0.06906557 0.02543553
v -0.01228568 -0.06503849 0.02648531
v -0.01151496 -0.08446141 0.01267759
v 0.00341757 0.00869441 0.01094625
v 0.00272639 0.01000009 0.00984471
v 0.00332045 0.00591736 0.01005331
v 0.00366012 0.01504940 0.01028784
v 0.00285574 0.01353741 0.00929900
v 0.00262040 0.01610659 0.00907594
v 0.00354188 0.01927292 0.00952218
v 0.00262545 0.01744033 0.00869610
v 0.00361764 0.02388999 0.00881365
v 0.00212978 0.01357760 0.00896878
v 0.00236982 0.02271769 0.00831793
v 0.00348919 0.00439133 0.01109039
v 0.00401033 0.00490076 0.01163217
v 0.00419166 -0.00179735 0.01187707
v 0.00460915 0.00245693 0.01234649
v 0.00526453 -0.00238973 0.01308129
v 0.00505573 -0.00591869 0.01270392
v 0.00569067 -0.00878308 0.01363762
v 0.00568233 -0.01098601 0.01277793
v 0.00219750 0.01648110 0.00916406
v -0.00352928 0.00006653 -0.01117076
v -0.00443843 -0.00272441 -0.01149018
v -0.00483009 -0.00201533 -0.01288573
v -0.00321449 0.00228287 -0.01114605
v -0.00224880 0.00328645 -0.01072766
v 0.02920423 -0.05207223 0.00399650
v 0.03013854 -0.05727489 0.00401981
v 0.03053938 -0.05708574 0.00332750
v 0.03082288 -0.06264481 0.00358037
v 0.03032468 -0.06734953 0.00414281
v 0.02186820 -0.02685435 0.00319687
v 0.02264780 -0.03011219 0.00356723
v 0.02439454 -0.03546424 0.00350679
v 0.02412936 -0.03561518 0.00389608
v 0.02579811 -0.04047927 0.00388834
v 0.02320340 -0.03117727 0.00220209
v 0.02153384 -0.02522049 0.00211130
v 0.02005045 -0.01954797 0.00274115
v 0.02466230 -0.03657826 0.00211176
v 0.02602184 -0.04094403 0.00206200
v 0.02726915 -0.04543541 0.00393140
v 0.02712761 -0.04490521 0.00202716
v 0.02817224 -0.04824721 0.00214121
v 0.02917432 -0.05164175 0.00197645
v 0.01962035 -0.01830460 0.00146260
v 0.02984264 -0.05469778 0.00162743
v 0.01881521 -0.01477296 0.00188451
v 0.03078626 -0.05937428 0.00180191
v 0.03097029 -0.06248620 0.00218204
v 0.03061305 -0.06807717 0.00276421
v 0.03026354 -0.06905125 0.00134986
v 0.02982985 -0.07044794 0.00388558
v 0.02031492 -0.02173504 0.00319784
v 0.02106525 -0.08086199 -0.00440756
v 0.01975920 -0.08095381 -0.00444952
v 0.01932653 -0.08284747 -0.00374364
v 0.01682759 -0.08448045 -0.00329288
v 0.02249286 -0.07890685 -0.00512249
v 0.01764309 -0.08449557 -0.00341557
v 0.02133243 -0.07824981 -0.00634844
v 0.02340042 -0.07592737 -0.00628544
v 0.02550026 -0.07433704 -0.00619586
v 0.02522919 -0.07326148 -0.00671933
v 0.02585202 -0.07186109 -0.00694959
v 0.02596083 -0.06850213 -0.00893514
v 0.01841713 -0.08159871 -0.00522210
v 0.02689640 -0.06908222 -0.00727203
v 0.01621533 -0.08320952 -0.00659315
v 0.01590439 -0.08499895 -0.00382943
v 0.01732895 -0.08160897 -0.00785207
v 0.01962039 -0.07935061 -0.00862913
v 0.02125028 -0.07770440 -0.00856828
v 0.02353855 -0.07505169 -0.00906745
v 0.02518948 -0.07258795 -0.00928999
v 0.01554325 -0.08385875 -0.00738360
v 0.02694598 -0.06587330 -0.00772278
v -0.01224972 0.00403219 0.00428082
v -0.01168725 0.00403926 0.00500449
v -0.01218225 -0.00060954 0.00548463
v -0.01294763 -0.00089636 0.00500141
v -0.01304280 -0.00324992 0.00572134
v -0.01397123 -0.00317854 0.00512704
v -0.01365344 -0.00656854 0.00579748
v -0.01386245 -0.00000989 0.00480115
v -0.01622290 -0.00977909 0.00585999
v -0.01453068 -0.01091372 0.00566635
v -0.01497305 -0.00551691 0.00569529
v -0.01690729 -0.01396759 0.00475766
v -0.01545727 -0.01390305 0.00544674
v -0.01718766 -0.01796823 0.00422743
v -0.01893868 -0.01852242 0.00434501
v -0.01895296 -0.02171293 0.00379017
v -0.01792562 -0.02115056 0.00419786
v -0.01963877 -0.02743734 0.00460153
v -0.02104521 -0.02893893 0.00436981
v -0.02126984 -0.03168399 0.00477901
v 0.01235285 -0.02957530 0.01565166
v 0.01402116 -0.03437405 0.01675097
v 0.01347439 -0.03303648 0.01613398
v 0.01409949 -0.03650806 0.01636471
v 0.01178723 -0.02628709 0.01557386
v 0.01103016 -0.02562367 0.01491639
v 0.01078578 -0.02295563 0.01531229
v 0.01515806 -0.03878411 0.01678091
v 0.00903428 -0.02148878 0.01477438
v 0.00933798 -0.02032078 0.01582383
v 0.00860222 -0.01905646 0.01467666
v 0.00779982 -0.01725575 0.01374145
v 0.00797798 -0.01540880 0.01548283
v -0.01737809 -0.08532603 -0.00278352
v -0.01395952 -0.08618465 -0.00191371
v -0.01544857 -0.08638105 -0.00208928
v -0.01881169 -0.08378988 -0.00305909
v -0.01333360 -0.08675072 -0.00250724
v -0.01886048 -0.08482166 -0.00189011
v 0.00732713 0.02337596 -0.00147097
v 0.00715571 0.02078246 -0.00207761
v 0.00795511 0.02095285 -0.00166272
v 0.00852920 0.01683013 -0.00237105
v 0.00804553 0.01657199 -0.00294218
v 0.00884184 0.01433283 -0.00293740
v 0.00644473 0.02470947 -0.00239587
v 0.00707764 0.02594402 -0.00109700
v 0.00649676 0.02661445 -0.00053662
v 0.00739563 0.02646518 -0.00041632
v -0.02934681 -0.07170809 -0.00311277
v -0.02682279 -0.07587657 -0.00330598
v -0.02656649 -0.07691244 -0.00260680
v -0.02781257 -0.07517761 -0.00068036
v -0.02400666 -0.08010642 -0.00078148
v -0.02155003 -0.08193103 -0.00320651
v -0.02171683 -0.08238998 -0.00107313
v -0.01886048 -0.08482166 -0.00189011
v -0.01832928 -0.08524564 -0.00007367
v -0.01426612 -0.08743617 -0.00020475
v -0.01737809 -0.08532603 -0.00278352
v -0.01544857 -0.08638105 -0.00208928
v -0.01553282 -0.08636913 0.00185139
v -0.01138503 -0.08838684 0.00164914
v -0.01997808 -0.08344054 0.00008301
v -0.01150363 -0.08854531 -0.00006847
v -0.03050485 -0.06874892 -0.00284943
v -0.00066476 -0.02222931 0.01858351
v -0.00119257 -0.02675940 0.01934903
v -0.00053333 -0.02586969 0.01950219
v -0.00117624 -0.02041724 0.01783939
v -0.00126323 -0.03114243 0.02065987
v -0.00006115 -0.01899947 0.01781435
v -0.00065904 -0.01484559 0.01668102
v 0.00052972 -0.03005519 0.02076568
v -0.00135961 -0.03502129 0.02190169
v 0.00019323 -0.03681859 0.02245997
v -0.00163805 -0.03777842 0.02260482
v -0.00181321 -0.04057576 0.02347417
v -0.00003963 -0.04151981 0.02376435
v -0.00217983 -0.04568965 0.02459489
v -0.00042533 -0.04677439 0.02482557
v -0.00150044 -0.04994226 0.02582077
v -0.00245043 -0.04896686 0.02547104
v -0.00247566 -0.05197717 0.02640567
v -0.00021816 -0.05214735 0.02641394
v -0.00031431 -0.05560506 0.02699265
v -0.00245448 -0.05538740 0.02699272
v 0.00075827 -0.02223465 0.01850335
v 0.00070899 -0.02636979 0.01951228
v -0.00044220 -0.06073939 0.02763617
v -0.00244392 -0.06102706 0.02758570
v -0.00017553 -0.04947914 0.02538524
v 0.00072470 -0.01850192 0.01747015
v -0.00003546 -0.01367431 0.01651480
v -0.00039061 -0.01062419 0.01590447
v -0.00268531 -0.06644413 0.02747553
v -0.00037380 -0.06783183 0.02736954
v -0.00284866 -0.06863882 0.02724682
v 0.00080777 -0.01353335 0.01609522
v 0.00064399 -0.00760366 0.01488397
v -0.00059544 -0.00724852 0.01511798
v -0.00057062 -0.00308574 0.01431300
v 0.00069021 -0.00239584 0.01352502
v -0.00011503 0.00027148 0.01384052
v 0.00090688 0.00288447 0.01312891
v 0.00070175 -0.03386429 0.02159121
v 0.01603388 -0.08330287 -0.00939499
v 0.01400326 -0.08491120 -0.00783480
v 0.01419704 -0.08549291 -0.00902737
v 0.01640841 -0.08324670 -0.01012294
v 0.01726812 -0.08122999 -0.01101192
v 0.01847804 -0.08034689 -0.01161469
v 0.01890210 -0.07894480 -0.01190983
v -0.01984908 -0.03979740 -0.01140028
v -0.02110430 -0.04561932 -0.01178575
v -0.02004395 -0.04235830 -0.01210259
v -0.01908760 -0.03865833 -0.01300939
v -0.01829003 -0.03549893 -0.01173193
v -0.02084643 -0.07852630 -0.01251651
v -0.01884418 -0.08053471 -0.01103036
v -0.01914253 -0.08122848 -0.01111456
v -0.01567171 -0.08377288 -0.00851870
v 0.01076902 -0.08640299 0.00823755
v 0.01211042 -0.08551141 0.01105987
v 0.01104947 -0.08625950 0.01110009
v 0.01234303 -0.08425046 0.01420312
v 0.01432206 -0.08223673 0.01473993
v 0.01447756 -0.08104910 0.01708303
v 0.01614201 -0.07885401 0.01735054
v 0.01640215 -0.07777226 0.01903399
v 0.01664550 -0.07773220 0.01734801
v 0.01775865 -0.07515766 0.01912197
v 0.01526097 -0.08017600 0.01572289
v 0.01169701 -0.08527940 0.01003347
v 0.01250891 -0.08392841 0.01227273
v 0.01355242 -0.08226208 0.01403269
v 0.01079176 -0.08686828 0.00778008
v 0.01161461 -0.08559054 0.00796920
v 0.00789559 -0.08143647 0.01734213
v 0.00740428 -0.08193343 0.01797775
v 0.00736770 -0.08367856 0.01609473
v 0.00824809 -0.07902722 0.01989510
v 0.00756420 -0.07881707 0.02153835
v 0.00850205 -0.07591499 0.02400261
v 0.00747956 -0.08342848 0.01537999
v 0.00645250 -0.08556829 0.01341698
v 0.00607809 -0.08557873 0.01437755
v 0.00628852 -0.07833661 0.02274887
v 0.00444749 -0.08399030 0.01708233
v 0.00496415 -0.08169951 0.01921086
v 0.00338575 -0.08570108 0.01461518
v 0.00295285 -0.08656897 0.01256281
v 0.00683160 -0.08637898 0.01182009
v 0.00536371 -0.07959626 0.02135205
v 0.00232421 -0.08699232 0.01102002
v 0.00606025 -0.08719257 0.01035430
v 0.00555940 -0.08880125 0.00828195
v 0.00761246 -0.08703750 0.00977955
v 0.00035176 -0.08905750 0.00870146
v 0.00085319 -0.08687906 0.01153529
v 0.00766408 -0.08831802 0.00723754
v 0.00857271 -0.08782605 0.00867404
v 0.00856336 -0.08640332 0.01174648
v 0.00966935 -0.08486337 0.01368768
v 0.01180370 -0.08244547 0.01604453
v 0.01475430 -0.07937699 0.01838299
v 0.01485594 -0.07722834 0.01972495
v 0.01641530 -0.07505267 0.02080789
v 0.01009866 -0.08792006 0.00617422
v 0.01146381 -0.08758429 0.00625437
v 0.01319601 -0.08656129 0.00780970
v 0.01395183 -0.08658093 0.00541592
v 0.01625378 -0.08497323 0.00764374
v 0.01292942 -0.08712441 0.00221630
v 0.01150892 -0.08806717 0.00237485
v 0.01249614 -0.08777427 0.00035567
v 0.01388895 -0.08692193 0.00172547
v 0.01432253 -0.08604853 0.00395868
v 0.01643037 -0.08563412 0.00278493
v 0.01677747 -0.08463682 0.00584743
v 0.01569600 -0.08544137 0.00510192
v 0.01880065 -0.08312931 0.00719213
v 0.01990005 -0.08113633 0.01032625
v 0.02543802 -0.07071481 0.01489585
v 0.02482483 -0.07150332 0.01513991
v 0.02451736 -0.07399376 0.01422329
v 0.02630872 -0.06468551 0.01554208
v 0.02602836 -0.06950542 0.01324185
v 0.02484511 -0.07325081 0.01212156
v 0.02408063 -0.07545651 0.01350693
v 0.02400294 -0.07587065 0.01173865
v 0.02269527 -0.07779715 0.01244450
v 0.02232875 -0.07902553 0.01011014
v 0.01990005 -0.08113633 0.01032625
v 0.02098757 -0.08016461 0.00866589
v 0.01880065 -0.08312931 0.00719213
v 0.01942850 -0.08165839 0.00721823
v 0.02312532 -0.07685565 0.01078330
v 0.01677747 -0.08463682 0.00584743
v 0.02348024 -0.07477203 0.01156991
v 0.02559769 -0.07000706 0.01296325
v 0.02612385 -0.05905237 0.01339761
v 0.01663944 -0.08291249 0.00647498
v 0.01569600 -0.08544137 0.00510192
v 0.02005194 -0.07939659 0.00909335
v 0.02346570 -0.07159819 0.01257019
v 0.02426598 -0.06778661 0.01321194
v 0.02459033 -0.06293696 0.01345045
v -0.00483009 -0.00201533 -0.01288573
v -0.00431819 -0.00245261 -0.01226448
v -0.00481190 -0.00624323 -0.01300012
v -0.00568535 -0.00618051 -0.01382032
v -0.00573340 -0.01087162 -0.01415837
v -0.01327789 -0.08502498 -0.00774625
v -0.01177370 -0.08589353 -0.00701252
v -0.01325775 -0.08629046 -0.00736905
v -0.01567171 -0.08377288 -0.00851870
v -0.01013014 -0.08680633 -0.00740957
v 0.00763346 -0.08611563 0.00989959
v 0.00645250 -0.08556829 0.01341698
v 0.00683160 -0.08637898 0.01182009
v 0.00607809 -0.08557873 0.01437755
v 0.00761246 -0.08703750 0.00977955
v -0.00489066 -0.08591266 0.01270344
v -0.00596574 -0.08554249 0.01459756
v -0.00552596 -0.08706593 0.01255168
v -0.00334548 -0.08721184 0.01180651
v -0.00334110 -0.08653793 0.01200027
v -0.00608296 -0.08437478 0.01412470
v -0.00631803 -0.08428067 0.01568931
v 0.00285574 0.01353741 0.00929900
v 0.00323221 0.01354520 0.00855624
v 0.00272639 0.01000009 0.00984471
v 0.00332984 0.00932992 0.00918780
v 0.00332045 0.00591736 0.01005331
v -0.00157332 -0.03707226 0.02127996
v 0.00013578 -0.03794717 0.02117000
v -0.00156805 -0.04120999 0.02219516
v -0.00054849 -0.04222085 0.02230225
v -0.00138461 -0.04664361 0.02325114
v -0.00214597 -0.04532879 0.02316565
v -0.00218532 -0.04933962 0.02408956
v -0.00132339 -0.03429389 0.02031726
v 0.00018044 -0.03510861 0.02042901
v -0.00043477 -0.03075489 0.01931750
v -0.00113780 -0.02733898 0.01860957
v 0.00073142 -0.03016390 0.01928202
v -0.00041874 -0.02517389 0.01748952
v 0.00083092 -0.02147194 0.01678722
v -0.00020502 -0.02139366 0.01652888
v 0.00015485 -0.01565728 0.01502102
v -0.00104359 -0.01646191 0.01556270
v -0.00076192 -0.01290208 0.01438648
v 0.00082950 -0.00958855 0.01381676
v -0.00061367 -0.00821040 0.01343787
v 0.00012404 -0.00509890 0.01266265
v -0.00069789 -0.00427085 0.01253067
v 0.00105068 -0.00421193 0.01271228
v -0.00006463 -0.00082565 0.01188383
v 0.00095096 -0.00015139 0.01196838
v -0.00062114 0.00441247 0.01134513
v 0.00091981 0.00412838 0.01134387
v 0.00022638 0.00717686 0.01068942
v -0.00085920 0.00012524 0.01200988
v 0.00144288 0.00666160 0.01096857
v 0.00018804 0.01110329 0.00991141
v 0.00170642 0.01022083 0.00994602
v -0.00117304 -0.02172800 0.01697925
v 0.00081076 -0.01530831 0.01514008
v 0.00102827 0.01226328 0.00903914
v 0.00212978 0.01357760 0.00896878
v 0.00132053 0.01468715 0.00838013
v 0.00293353 0.01555809 0.00834642
v 0.00115081 0.01792593 0.00779426
v 0.00260933 0.01957621 0.00746440
v -0.00013944 0.02248006 0.00697443
v 0.00215995 0.02274991 0.00687472
v -0.00054349 0.02573393 0.00627791
v 0.00160238 0.02649781 0.00617527
v -0.00091268 0.02904945 0.00575748
v 0.00310725 0.02786226 0.00571692
v 0.00239748 0.03060245 0.00565858
v 0.00426943 0.01653249 0.00789578
v 0.00402474 0.01992250 0.00715174
v 0.00412812 0.01338215 0.00843678
v 0.00431647 0.00831644 0.00913980
v 0.00490672 0.00531307 0.00969739
v 0.00404193 0.00275080 0.01047845
v 0.00556459 0.00132665 0.01072546
v 0.00425398 -0.00026767 0.01119811
v 0.00320195 0.02168192 0.00641221
v 0.00621951 -0.00018382 0.01127700
v -0.00157086 0.03106101 0.00583837
v 0.00428898 0.03167409 0.00516989
v 0.00424621 0.02998917 0.00572780
v 0.00578323 -0.00395440 0.01127690
v 0.00410823 0.02236512 0.00644846
v 0.00022265 0.01932519 0.00797320
v -0.00182197 0.02878643 0.00630998
v 0.00041217 0.01541827 0.00879687
v -0.00053551 0.00972284 0.01097305
v -0.00117673 -0.00939166 0.01424189
v 0.00419166 -0.00179735 0.01187707
v 0.00554418 -0.00748236 0.01178822
v 0.00637009 -0.00615159 0.01124176
v 0.00645997 -0.01018514 0.01199957
v 0.00568233 -0.01098601 0.01277793
v 0.00646409 -0.01451566 0.01315842
v 0.00781251 -0.01378092 0.01304766
v 0.00779982 -0.01725575 0.01374145
v 0.00721945 -0.01914106 0.01429191
v 0.00903428 -0.02148878 0.01477438
v 0.00707744 -0.02290140 0.01582749
v 0.00905173 -0.02486115 0.01538680
v 0.01103016 -0.02562367 0.01491639
v 0.01089105 -0.02838755 0.01545574
v 0.01235285 -0.02957530 0.01565166
v 0.01250603 -0.03253417 0.01589028
v 0.01135149 -0.03241862 0.01652678
v 0.01264491 -0.03587119 0.01683149
v 0.01409949 -0.03650806 0.01636471
v 0.01504308 -0.04123328 0.01693125
v 0.01382729 -0.04043177 0.01761098
v 0.01493603 -0.04560789 0.01845773
v 0.01593007 -0.04582551 0.01817905
v 0.01566133 -0.05088208 0.01981421
v 0.01730361 -0.04941107 0.01901646
v 0.01685683 -0.05573922 0.02020841
v 0.01815916 -0.05410275 0.01990140
v 0.01832675 -0.05836150 0.02055123
v 0.01699811 -0.06146367 0.02101752
v 0.01740800 -0.06590591 0.02065600
v 0.01653675 -0.05661073 0.02064817
v 0.01641214 -0.04441282 0.01798375
v 0.00718834 -0.00927040 0.01201860
v 0.01347439 -0.03303648 0.01613398
v 0.01515806 -0.03878411 0.01678091
v 0.00955017 -0.02649022 0.01617694
v 0.00791621 -0.02424418 0.01606683
v 0.00650756 -0.02623688 0.01682313
v 0.00799973 -0.02575257 0.01674674
v 0.00796540 -0.02982967 0.01797513
v 0.00732692 -0.03006644 0.01794204
v 0.00640986 -0.02990954 0.01837825
v 0.00629874 -0.03449177 0.01956877
v 0.00791674 -0.03441114 0.01949472
v 0.00641031 -0.03933065 0.02061840
v 0.00801948 -0.03901105 0.02047320
v 0.00695468 -0.04359754 0.02161220
v 0.00836231 -0.04317052 0.02156393
v 0.00703960 -0.04842782 0.02295029
v 0.00849836 -0.04838392 0.02298926
v 0.00780534 -0.05488439 0.02440334
v 0.00916917 -0.05281084 0.02408562
v 0.00961454 -0.05648202 0.02485879
v 0.00768103 -0.06062718 0.02541617
v 0.00940324 -0.06084934 0.02544036
v 0.00733383 -0.05640049 0.02496162
v 0.00688607 -0.05135005 0.02411984
v 0.00754029 -0.06437534 0.02521847
v 0.00926555 -0.06402583 0.02521992
v 0.00950333 -0.06835622 0.02494680
v 0.00732239 -0.06858229 0.02485339
v 0.00929126 -0.07263632 0.02386203
v 0.00682258 -0.07323358 0.02361839
v 0.00662282 -0.02213005 0.01632521
v 0.00653630 -0.04555781 0.02296528
v 0.00656021 -0.01762000 0.01458367
v 0.00859709 -0.07626982 0.02217819
v 0.00598587 -0.07658901 0.02230187
v 0.00690952 -0.00347532 0.01196545
v 0.00348919 0.00439133 0.01109039
v 0.01665510 -0.06057148 0.02181789
v 0.00505573 -0.00591869 0.01270392
v -0.00717339 0.02063943 0.00253185
v -0.00769695 0.01854809 0.00391268
v -0.00788009 0.01869353 0.00284857
v -0.00868661 0.01608891 0.00340381
v -0.00653659 0.02343269 0.00410502
v -0.00620959 0.02615733 0.00189999
v -0.00569246 0.02884988 0.00367765
v -0.00568488 0.03110351 0.00215914
v -0.00525197 0.03179304 0.00369129
v -0.00562679 0.02948657 0.00037733
v -0.00567287 0.03107957 -0.00087062
v -0.00571038 0.03024332 -0.00209203
v -0.00634775 0.02618502 0.00024951
v -0.00628723 0.02670098 0.00124321
v -0.00543750 0.03180372 0.00443295
v -0.00868495 0.01656386 0.00468164
v -0.00918968 0.01156223 0.00430343
v -0.00514821 0.03173142 -0.00271555
v -0.00953745 0.01248208 0.00361997
v -0.01006296 0.00605283 0.00402704
v -0.00837995 0.01983640 0.00499620
v -0.00903981 0.00447084 0.00517063
v -0.01017749 0.00174132 0.00469178
v -0.00983508 0.00052603 0.00556748
v -0.01078327 -0.00354971 0.00582814
v 0.00013578 -0.03794717 0.02117000
v -0.00004402 -0.04287235 0.02265516
v -0.00054849 -0.04222085 0.02230225
v -0.00035431 -0.04723362 0.02357838
v -0.00138461 -0.04664361 0.02325114
v -0.00218532 -0.04933962 0.02408956
v -0.00220371 -0.05369921 0.02506539
v -0.00040153 -0.05166028 0.02473311
v -0.00037896 -0.05432949 0.02523081
v -0.00037056 -0.06051718 0.02559417
v -0.00226804 -0.05717597 0.02548905
v -0.00041689 -0.07006326 0.02543464
v -0.00258796 -0.06638999 0.02561490
v -0.00251056 -0.04972140 0.02485256
v -0.00273490 -0.07004126 0.02542527
v 0.01632290 -0.00610215 0.00221667
v 0.01729881 -0.01019675 0.00229281
v 0.01775039 -0.01076492 0.00171714
v 0.01799761 -0.01422228 0.00254360
v 0.01881521 -0.01477296 0.00188451
v 0.02005045 -0.01954797 0.00274115
v 0.00822395 -0.08535752 -0.01182573
v 0.00845580 -0.08586492 -0.01035727
v 0.00900473 -0.08568289 -0.01293937
v 0.00933691 -0.08409307 -0.01414547
v 0.00848660 -0.08637501 -0.01113080
v 0.00917534 -0.08387854 -0.01584551
v -0.02015704 -0.08238114 0.00372797
v -0.01627719 -0.08547211 0.00230393
v -0.01880968 -0.08403969 0.00320576
v -0.02415733 -0.07737945 0.00625986
v -0.02263804 -0.07937258 0.00550573
v -0.02400406 -0.07812186 0.00689366
v -0.02560388 -0.07586791 0.00702821
v -0.02187427 -0.08030878 0.00491538
v -0.02144695 -0.08117754 0.00594515
v -0.02015704 -0.08238114 0.00372797
v -0.01880968 -0.08403969 0.00320576
v -0.01011705 -0.08365765 -0.01473652
v -0.00776059 -0.08625222 -0.01148170
v -0.00888080 -0.08548905 -0.01317836
v -0.01126997 -0.08252162 -0.01674834
v -0.01360879 -0.00391423 0.00647891
v -0.01333126 -0.00666123 0.00641750
v -0.01365344 -0.00656854 0.00579748
v -0.01260906 -0.00917722 0.00605253
v -0.01168725 0.00403926 0.00500449
v -0.01120953 0.00387449 0.00482757
v -0.01166757 0.00048583 0.00594834
v 0.00904535 0.01605379 0.00337003
v 0.00857654 0.01528432 0.00366731
v 0.00897847 0.01511964 0.00257650
v 0.00930662 0.01749148 0.00281366
v 0.00843906 0.02052583 0.00274460
v -0.01397547 -0.08556765 -0.00333520
v -0.01333360 -0.08675072 -0.00250724
v -0.01395952 -0.08618465 -0.00191371
v -0.01374936 -0.08026994 -0.01824239
v -0.01316725 -0.08052737 -0.01768148
v -0.01126997 -0.08252162 -0.01674834
v -0.01473516 -0.07790597 -0.01956382
v -0.01669263 -0.07830117 -0.01866866
v -0.01560842 -0.08100609 -0.01651107
v 0.00791621 -0.02424418 0.01606683
v 0.00878402 -0.02466299 0.01656007
v 0.00799890 -0.02391803 0.01697369
v 0.00905173 -0.02486115 0.01538680
v 0.00955017 -0.02649022 0.01617694
v 0.01526276 -0.08552100 0.00312135
v 0.01488673 -0.08535444 0.00221233
v 0.01432253 -0.08604853 0.00395868
v 0.01702060 -0.08430460 0.00279629
v 0.01696649 -0.08375665 -0.00071820
v 0.01426770 -0.08508633 -0.00192639
v 0.01084029 -0.08618874 -0.00177158
v 0.01885869 -0.08234067 0.00327287
v 0.01901472 -0.08239048 0.00044840
v 0.02104901 -0.08051305 0.00336582
v 0.02148873 -0.08028797 0.00090002
v 0.02308474 -0.07849655 0.00130377
v 0.02429382 -0.07716658 0.00396016
v 0.02525644 -0.07610164 0.00128167
v 0.02636305 -0.07416464 0.00399517
v 0.02731472 -0.07258231 0.00130740
v 0.02276824 -0.07905420 0.00409800
v 0.01562753 -0.08526514 -0.00319758
v 0.01451102 -0.08597333 -0.00298677
v 0.01400326 -0.08491120 -0.00783480
v 0.01448565 -0.08551199 -0.00741106
v 0.01419704 -0.08549291 -0.00902737
v 0.01554325 -0.08385875 -0.00738360
v 0.02982985 -0.07044794 0.00388558
v 0.02820756 -0.07350678 0.00406500
v 0.02707362 -0.07574081 0.00150920
v 0.02869750 -0.07280131 0.00132090
v 0.03026354 -0.06905125 0.00134986
v 0.03061305 -0.06807717 0.00276421
v 0.02637879 -0.07589226 0.00437028
v 0.02452906 -0.07870563 0.00395076
v 0.02442031 -0.07890595 0.00127023
v 0.02188999 -0.08134326 0.00343398
v 0.02285185 -0.08028933 0.00084514
v 0.02084585 -0.08250466 0.00059024
v 0.01863781 -0.08443877 0.00266973
v 0.01968937 -0.08348204 0.00044423
v 0.01730945 -0.08538242 -0.00023661
v 0.01643037 -0.08563412 0.00278493
v 0.01388895 -0.08692193 0.00172547
v 0.01249614 -0.08777427 0.00035567
v 0.01489821 -0.08662004 -0.00165738
v 0.01663122 -0.08497852 -0.00241574
v 0.01562753 -0.08526514 -0.00319758
v 0.01733443 -0.08423347 -0.00107787
v 0.01133505 -0.08800246 -0.00242908
v 0.01451102 -0.08597333 -0.00298677
v 0.01203503 -0.08716556 -0.00398679
v 0.01116824 -0.08850287 0.00000455
v 0.01008830 -0.08769781 -0.00509271
v 0.00805551 -0.08878648 -0.00544559
v 0.00860733 -0.08803832 -0.00719072
v 0.01059501 -0.08692056 -0.00648424
v 0.02639088 -0.07583609 0.00099639
v 0.01146520 -0.08622238 -0.01004040
v 0.01439841 -0.08601732 -0.00663338
v 0.01664698 -0.08487533 -0.00507093
v 0.01653827 -0.08414823 -0.00738728
v 0.01854119 -0.08289246 -0.00725914
v 0.01764309 -0.08449557 -0.00341557
v 0.01932653 -0.08284747 -0.00374364
v 0.02181108 -0.08029728 -0.00573901
v 0.02149667 -0.07958080 -0.00798888
v 0.02342720 -0.07803511 -0.00797731
v 0.02389179 -0.07770860 -0.00580373
v 0.02592712 -0.07467593 -0.00665689
v 0.02625227 -0.07421681 -0.00842347
v 0.02106525 -0.08086199 -0.00440756
v 0.01382176 -0.08418275 -0.01179640
v 0.01618277 -0.08227591 -0.01305990
v 0.01640841 -0.08324670 -0.01012294
v 0.01847804 -0.08034689 -0.01161469
v 0.01908903 -0.07877365 -0.01419393
v 0.01962904 -0.07721096 -0.01583136
v 0.02043840 -0.07681581 -0.01475727
v 0.02147826 -0.07472397 -0.01663942
v 0.02211644 -0.07447241 -0.01536200
v 0.02247208 -0.07062806 -0.01852316
v 0.02420177 -0.07591934 -0.00905728
v 0.02616460 -0.07279341 -0.00987744
v 0.02759327 -0.07043389 -0.00980177
v 0.02759022 -0.07119608 -0.00869265
v 0.02249286 -0.07890685 -0.00512249
v 0.01590439 -0.08499895 -0.00382943
v 0.01682759 -0.08448045 -0.00329288
v 0.01890210 -0.07894480 -0.01190983
v 0.01981842 -0.07674919 -0.01397740
v 0.01500598 -0.08209846 -0.01366524
v 0.01836228 -0.08142881 -0.00840141
v 0.02859698 -0.06477251 -0.00972833
v 0.02878226 -0.06468569 -0.00876800
v 0.02876643 -0.05865142 -0.00920467
v 0.01962039 -0.07935061 -0.00862913
v 0.00200869 -0.08622946 0.01101390
v 0.00085319 -0.08687906 0.01153529
v 0.00232421 -0.08699232 0.01102002
v 0.01291807 -0.00418685 -0.00582780
v 0.01335624 -0.00590041 -0.00528190
v 0.01268513 -0.00525826 -0.00511879
v 0.01782823 -0.02068212 -0.00372494
v 0.01835830 -0.02350173 -0.00449973
v 0.01891356 -0.02371689 -0.00377802
v 0.01967571 -0.02760135 -0.00429511
v 0.01943021 -0.02773004 -0.00559225
v 0.02075748 -0.03199320 -0.00485949
v 0.02030373 -0.03205621 -0.00638990
v 0.02162418 -0.03606419 -0.00595930
v 0.01772534 -0.02106630 -0.00499799
v 0.01696315 -0.01784214 -0.00506354
v 0.01695022 -0.01646369 -0.00376703
v 0.01623833 -0.01592978 -0.00500761
v 0.01550397 -0.01342742 -0.00491196
v 0.01521725 -0.01140247 -0.00422836
v 0.01480224 -0.01125419 -0.00497440
v 0.01399770 -0.00771402 -0.00504140
v 0.01430804 -0.00620920 -0.00402892
v 0.02151950 -0.03569882 -0.00714193
v 0.02188289 -0.03832556 -0.00692211
v 0.02306806 -0.04184376 -0.00646351
v 0.02294849 -0.04184601 -0.00763110
v 0.02424556 -0.04565818 -0.00644003
v 0.02399586 -0.04581921 -0.00766542
v 0.01856929 -0.02328615 -0.00544040
v 0.01472461 -0.00969715 -0.00572692
v 0.01407667 -0.00525014 -0.00600250
v 0.01727250 -0.01721848 -0.00552190
v 0.01966458 -0.02656758 -0.00608398
v 0.02135179 -0.03140271 -0.00456752
v 0.02241408 -0.03657498 -0.00542436
v 0.02304099 -0.03677530 -0.00537666
v 0.02447133 -0.04235570 -0.00583600
v 0.02591736 -0.04638679 -0.00643090
v -0.00820141 -0.08600529 0.01046632
v -0.00967146 -0.08595147 0.01119711
v -0.00814508 -0.08653722 0.01068355
v -0.00944665 -0.08559886 0.01058870
v -0.01087490 -0.08490007 0.01082228
v -0.01151496 -0.08446141 0.01267759
v -0.01313399 -0.08403843 0.01109756
v -0.01246709 -0.08565003 0.00935201
v 0.01432253 -0.08604853 0.00395868
v 0.01488673 -0.08535444 0.00221233
v 0.01412125 -0.08590401 0.00489454
v 0.01395183 -0.08658093 0.00541592
v -0.00091268 0.02904945 0.00575748
v -0.00126816 0.02923830 0.00663315
v -0.00182197 0.02878643 0.00630998
v -0.00147205 0.03276530 0.00731004
v 0.00212978 0.01357760 0.00896878
v 0.00323221 0.01354520 0.00855624
v 0.00285574 0.01353741 0.00929900
v -0.00922038 -0.02557608 -0.01658174
v -0.00843275 -0.02556121 -0.01671505
v -0.00918495 -0.02562488 -0.01594427
v -0.00819205 -0.02601398 -0.01637078
v -0.00483009 -0.00201533 -0.01288573
v -0.00443843 -0.00272441 -0.01149018
v -0.00431819 -0.00245261 -0.01226448
v -0.01224972 0.00403219 0.00428082
v -0.01120953 0.00387449 0.00482757
v -0.01168725 0.00403926 0.00500449
v -0.00806681 0.07123138 0.00233712
v -0.00840404 0.05175846 -0.00031082
v -0.00833184 0.05098550 0.00229230
v -0.00816355 0.07067591 -0.00062714
v -0.00791849 0.08738914 -0.00047800
v -0.00781732 0.08815998 0.00254421
v -0.00862329 0.04283914 0.00260108
v -0.00880250 0.04320887 -0.00048466
v -0.00885758 0.03787610 -0.00021751
v -0.00858019 0.03768533 0.00244748
v -0.00764697 0.08906404 -0.00001609
v -0.00846790 0.03786874 -0.00268882
v -0.00801572 0.05310001 -0.00231181
v -0.00829682 0.04364704 -0.00264246
v -0.00775889 0.06944297 -0.00214076
v -0.00717124 0.08822127 -0.00266222
v -0.00813038 0.03677419 -0.00007623
v -0.00772874 0.03676632 -0.00227901
v -0.00791441 0.03691330 0.00207243
v -0.02124578 -0.03890497 -0.01313650
v -0.02320692 -0.04453942 -0.01117492
v -0.02121251 -0.03661443 -0.01061998
v -0.02239768 -0.04333424 -0.01344960
v -0.02040611 -0.03417969 -0.01179840
v -0.02399075 -0.04905548 -0.01411094
v -0.02014567 -0.03200288 -0.00995378
v -0.01953937 -0.03177714 -0.01205053
v -0.01821994 -0.02642613 -0.01154521
v -0.02401801 -0.04797843 -0.01127343
v -0.01926098 -0.02922713 -0.00998622
v -0.01824992 -0.02589385 -0.01001808
v -0.01678802 -0.02056762 -0.01058809
v -0.01679728 -0.02023769 -0.00944208
v -0.01566556 -0.01675915 -0.01017533
v -0.02483994 -0.05233104 -0.01210493
v -0.02256297 -0.04103745 -0.01066200
v 0.00933363 -0.02110485 -0.01381889
v 0.00778084 -0.02469957 -0.01527149
v 0.00869694 -0.02545333 -0.01514472
v 0.00773332 -0.01998283 -0.01410962
v 0.00906543 -0.01646813 -0.01258468
v 0.00846441 -0.02937926 -0.01663281
v 0.00718470 -0.01765498 -0.01394154
v 0.00758121 -0.01435779 -0.01249500
v 0.00849022 -0.01346877 -0.01209060
v 0.00770057 -0.00811413 -0.01129271
v 0.00678398 -0.00703977 -0.01148251
v 0.00993377 -0.02864891 -0.01622266
v 0.00968195 -0.03208904 -0.01719599
v 0.00870328 -0.03408354 -0.01817626
v 0.01099988 -0.03749870 -0.01880607
v 0.00931840 -0.03817295 -0.01916740
v 0.00980123 -0.04161726 -0.02007926
v 0.01132352 -0.04267064 -0.02008520
v 0.01058076 -0.04739872 -0.02174260
v 0.01185758 -0.04954266 -0.02230056
v 0.01061537 -0.05037687 -0.02260798
v 0.01126511 -0.05438950 -0.02374095
v 0.01048551 -0.05397681 -0.02387042
v 0.01064191 -0.05889416 -0.02479993
v 0.01191992 -0.06020578 -0.02477080
v 0.01056078 -0.06268457 -0.02542725
v 0.00848505 -0.00645609 -0.01145585
v 0.01157467 -0.06627639 -0.02437606
v 0.01280502 -0.06632476 -0.02419499
v 0.02511326 -0.05406043 0.01310885
v 0.02612385 -0.05905237 0.01339761
v 0.02459033 -0.06293696 0.01345045
v -0.01136059 -0.06859855 0.02417270
v -0.01016776 -0.07290166 0.02275898
v -0.01241636 -0.07214361 0.02289138
v 0.00479828 0.02040319 -0.00624131
v 0.00301131 0.02005150 -0.00710932
v 0.00486989 0.01660121 -0.00718817
v 0.00349638 0.01569316 -0.00808354
v 0.00334344 0.02274932 -0.00619632
v 0.00429593 0.01208103 -0.00836445
v 0.00231696 0.02442450 -0.00693765
v 0.00188268 0.02634936 -0.00644593
v 0.00262970 0.02729898 -0.00572949
v 0.00175694 0.02969612 -0.00624137
v 0.00286150 0.02031646 -0.00824750
v 0.01663944 -0.08291249 0.00647498
v 0.02005194 -0.07939659 0.00909335
v 0.01942850 -0.08165839 0.00721823
v 0.00429593 0.01208103 -0.00836445
v 0.00447512 0.00682996 -0.00929048
v 0.00562152 0.00473596 -0.00910641
v 0.00632805 0.00461185 -0.00911130
v 0.00706360 -0.00089405 -0.00997535
v 0.00591727 -0.00038274 -0.01003371
v 0.00632167 -0.00390206 -0.01102723
v 0.00757660 -0.00387562 -0.01070394
v 0.00678398 -0.00703977 -0.01148251
v -0.02718949 -0.05980727 0.00773986
v -0.02676465 -0.06126834 0.00836569
v -0.02725219 -0.06720678 0.00746911
v 0.02837156 -0.07034595 0.00401154
v 0.02808096 -0.07034872 0.00268230
v 0.02636305 -0.07416464 0.00399517
v -0.02889643 -0.06383646 0.00980600
v -0.02873343 -0.06668442 0.00862753
v -0.02818367 -0.06930501 0.00950688
v -0.01396546 -0.00875296 -0.00814262
v -0.01482642 -0.01318669 -0.00952840
v -0.01519960 -0.01407671 -0.00858772
v -0.01567395 -0.01729021 -0.00859895
v -0.01356008 -0.00956316 -0.00915303
v -0.01266568 -0.00465992 -0.00850007
v 0.02232726 -0.07625952 0.01143523
v 0.02312532 -0.07685565 0.01078330
v 0.02005194 -0.07939659 0.00909335
v 0.02348024 -0.07477203 0.01156991
v 0.02346570 -0.07159819 0.01257019
v -0.00033682 0.01598163 -0.00926209
v -0.00066022 0.01789593 -0.00803216
v -0.00043185 0.01254158 -0.00897095
v -0.00034378 0.01895499 -0.00938471
v -0.00003408 0.01251532 -0.00979173
v 0.00056266 0.00903566 -0.01129560
v -0.00013183 0.02078284 -0.00776348
v 0.00013861 0.02300868 -0.00702419
v -0.00005158 0.01146925 -0.01071587
v -0.02591084 -0.05823268 -0.01504148
v -0.02600056 -0.06143117 -0.01544406
v -0.02638969 -0.06367045 -0.01423367
v 0.01280502 -0.05592079 -0.02430254
v 0.01191992 -0.06020578 -0.02477080
v 0.01286134 -0.06113593 -0.02480169
v 0.01732895 -0.08160897 -0.00785207
v 0.01836228 -0.08142881 -0.00840141
v 0.01554325 -0.08385875 -0.00738360
v 0.01962039 -0.07935061 -0.00862913
v -0.01234401 -0.00263962 -0.00731195
v -0.01266568 -0.00465992 -0.00850007
v -0.01298529 -0.00573720 -0.00715699
v -0.01290448 -0.00661522 0.00764339
v -0.01240410 -0.00845017 0.00814123
v -0.01143024 -0.00577883 0.00757377
v -0.01123569 0.00362556 -0.00662785
v -0.01028594 0.00451655 -0.00766360
v -0.01160267 0.00161061 -0.00723253
v 0.01291807 -0.00418685 -0.00582780
v 0.01268513 -0.00525826 -0.00511879
v 0.01300078 -0.00844772 -0.00573168
v 0.01480449 -0.07661520 0.01785040
v 0.01449871 -0.07894500 0.01681032
v 0.01356050 -0.07947701 0.01738387
v 0.01554325 -0.08385875 -0.00738360
v 0.01653827 -0.08414823 -0.00738728
v 0.01448565 -0.08551199 -0.00741106
v 0.00112266 0.03006622 -0.00585103
v 0.00175694 0.02969612 -0.00624137
v 0.00262970 0.02729898 -0.00572949
v 0.01412125 -0.08590401 0.00489454
v 0.01569600 -0.08544137 0.00510192
v 0.01395183 -0.08658093 0.00541592
v -0.01347932 0.00649149 -0.00169651
v -0.01404619 0.00348587 -0.00226494
v -0.01445937 0.00192077 -0.00079828
v -0.01236746 0.00773454 -0.00246799
v -0.01510919 0.00011115 -0.00141882
v -0.01583746 -0.00502935 -0.00062848
v -0.01445864 -0.00020862 -0.00237341
v -0.01301731 0.00721269 -0.00086833
v -0.01553564 -0.00296388 -0.00223455
v -0.01624597 -0.00483563 -0.00141710
v -0.01235822 0.00999465 -0.00198517
v -0.01666007 -0.00758448 -0.00237621
v -0.01753264 -0.00982666 -0.00169308
v -0.01829695 -0.01316878 -0.00231893
v -0.01848391 -0.01436783 -0.00085871
v -0.01965019 -0.01783141 -0.00152752
v -0.01939609 -0.01717901 -0.00270288
v -0.02069041 -0.02147673 -0.00287930
v -0.02056444 -0.02157827 -0.00134635
v -0.02192860 -0.02644752 -0.00247770
v -0.02134771 -0.02564384 -0.00338358
v -0.02127493 -0.02576142 -0.00133757
v -0.02228055 -0.02869203 -0.00152521
v -0.02363673 -0.03248551 -0.00194786
v -0.02314182 -0.03106846 -0.00340644
v -0.01222781 0.00989772 -0.00072584
v -0.01168968 0.01396380 -0.00190084
v -0.01145193 0.01411191 -0.00081152
v -0.01090919 0.01764067 -0.00200095
v -0.01063630 0.01767197 -0.00092086
v -0.01017748 0.02077002 -0.00094998
v -0.00972164 0.02213416 -0.00218030
v -0.00961622 0.02370876 -0.00121841
v -0.00870801 0.02718431 -0.00192804
v -0.00894017 0.02744365 -0.00004816
v -0.00811846 0.03136053 -0.00203292
v -0.00909080 0.02260604 -0.00025092
v -0.00775488 0.02730642 -0.00306507
v -0.00835835 0.03001541 0.00031116
v -0.00794344 0.03354125 -0.00021741
v -0.00772874 0.03676632 -0.00227901
v -0.00813038 0.03677419 -0.00007623
v -0.00844995 0.02268890 -0.00296110
v -0.00734394 0.03133454 -0.00316088
v -0.00816522 0.02414854 -0.00436512
v -0.00885504 0.02133201 -0.00443510
v -0.00923402 0.01970764 -0.00431214
v -0.00892536 0.01720042 -0.00539994
v -0.00971383 0.01705597 -0.00450781
v -0.00883677 0.01656427 -0.00345737
v -0.00904706 0.01632030 -0.00280323
v -0.00911259 0.01565194 -0.00340420
v -0.00974071 0.01140281 -0.00648328
v -0.01049537 0.01246110 -0.00513771
v -0.00982246 0.01142784 -0.00278378
v -0.00962065 0.01111631 -0.00359504
v -0.00753136 0.03202689 0.00175110
v -0.01041330 0.00984413 -0.00650253
v -0.01064096 0.00793426 -0.00563300
v -0.01123569 0.00362556 -0.00662785
v -0.01028594 0.00451655 -0.00766360
v -0.00615173 0.03422657 -0.00433618
v -0.00717749 0.03692717 -0.00322839
v -0.01733765 -0.01023651 -0.00077053
v -0.00791441 0.03691330 0.00207243
v -0.00758992 0.03355396 0.00272064
v -0.00688226 0.03493208 0.00425268
v -0.00691956 0.03690488 0.00435889
v -0.00774555 0.03082457 0.00269581
v -0.00682432 0.02775563 0.00159463
v -0.00846287 0.02736837 0.00297356
v -0.00880786 0.02451265 0.00275472
v -0.01000712 0.02027026 0.00386015
v -0.00879228 0.02432253 0.00423996
v -0.01020338 0.01837823 0.00475589
v -0.01122517 0.01581569 0.00408794
v -0.01203331 0.00955332 0.00501969
v -0.01179993 0.01270276 0.00420216
v -0.01231728 0.00883474 0.00420817
v -0.01287820 0.00595837 0.00485492
v -0.01234255 0.00651788 0.00397848
v -0.01338305 0.00358595 0.00471820
v -0.01123891 0.01406572 0.00344207
v -0.00972361 0.01978119 0.00302015
v -0.00790198 0.02993796 0.00414948
v -0.00728590 0.02882684 -0.00442477
v -0.00694511 0.02797050 0.00074641
v -0.02455875 -0.03601650 -0.00344919
v -0.02599930 -0.04061075 -0.00354830
v -0.02457552 -0.03624212 -0.00147060
v -0.02540846 -0.03935550 -0.00118830
v -0.02669554 -0.04306634 -0.00136868
v -0.02815827 -0.04826385 -0.00145855
v -0.02736491 -0.04567941 -0.00354633
v -0.02889123 -0.05051160 -0.00375187
v -0.02892911 -0.05125751 -0.00113560
v -0.03034573 -0.05590085 -0.00352150
v -0.02984733 -0.05498924 -0.00114082
v -0.03066549 -0.05830489 -0.00135749
v -0.03081856 -0.06005461 -0.00356998
v -0.03099532 -0.06353449 -0.00204274
v -0.03065272 -0.06691517 -0.00097933
v -0.03050485 -0.06874892 -0.00284943
v -0.02978923 -0.07043798 -0.00074691
v -0.02781257 -0.07517761 -0.00068036
v -0.00682432 0.02775563 0.00159463
v -0.00694511 0.02797050 0.00074641
v -0.00628723 0.02670098 0.00124321
v -0.00634775 0.02618502 0.00024951
v -0.00982246 0.01142784 -0.00278378
v -0.00962065 0.01111631 -0.00359504
v -0.01026113 0.00704584 -0.00264006
v -0.00975281 0.00743472 -0.00435148
v -0.00970170 0.00622337 -0.00353050
v -0.01014136 0.00567889 -0.00283711
v 0.01361221 0.00663979 0.00153184
v 0.01485737 -0.00023929 0.00226525
v 0.01467349 0.00254144 0.00150275
v 0.01346314 0.00375948 0.00245969
v 0.01295324 0.00694403 0.00236174
v 0.01445759 0.00162424 0.00068366
v 0.01286994 0.00760713 0.00052229
v 0.01265182 0.01094748 0.00149886
v 0.01587541 -0.00352232 0.00142473
v 0.01248860 0.01092430 0.00210187
v 0.01185338 0.01513845 0.00144298
v 0.01148620 0.01461481 0.00285965
v 0.01134461 0.01845167 0.00173339
v 0.01058944 0.01843648 0.00273498
v 0.01069175 0.02133187 0.00200660
v 0.01051789 0.02088943 0.00082334
v 0.00998985 0.02308288 0.00203770
v 0.00997691 0.02474660 0.00085295
v 0.00980690 0.02512274 0.00162300
v 0.00934672 0.02958740 0.00031768
v 0.00945467 0.02519225 0.00028049
v 0.00890236 0.02962421 0.00168523
v 0.00795513 0.03420902 0.00196345
v 0.00857103 0.03513140 0.00026685
v 0.00770944 0.03686225 0.00348159
v 0.00862097 0.03705895 0.00007428
v 0.00787786 0.03462020 -0.00132852
v 0.00777016 0.03689630 -0.00292218
v 0.00767007 0.03394477 -0.00302063
v 0.00740862 0.03108541 -0.00166541
v 0.00794661 0.03056825 -0.00307670
v 0.00796925 0.02940103 -0.00380017
v 0.00760446 0.03044458 -0.00113373
v 0.00720339 0.02887118 -0.00141105
v 0.00739563 0.02646518 -0.00041632
v 0.00707764 0.02594402 -0.00109700
v 0.00846438 0.02738138 -0.00238077
v 0.00679373 0.03402272 -0.00432400
v 0.00858239 0.03760084 -0.00287816
v 0.00916724 0.03763259 0.00008162
v 0.00700022 0.03443249 0.00428942
v 0.00744604 0.03328178 0.00352186
v 0.00788104 0.02975732 0.00421213
v 0.00774996 0.02824445 0.00239139
v 0.00878964 0.02996002 -0.00053862
v 0.01103145 0.01571576 0.00072716
v 0.01632290 -0.00610215 0.00221667
v 0.01659395 -0.00736356 0.00086426
v 0.01775039 -0.01076492 0.00171714
v 0.00907261 0.02420165 -0.00355211
v 0.00885632 0.02361838 -0.00236478
v 0.00989994 0.02010728 -0.00312248
v 0.01030731 0.01720430 -0.00438273
v 0.01055224 0.01663728 -0.00389240
v 0.01109654 0.01358273 -0.00369601
v 0.01090434 0.01373416 -0.00493219
v 0.01183933 0.01021685 -0.00451137
v 0.01172757 0.00776193 -0.00363865
v 0.01248256 0.00685412 -0.00483197
v 0.01320682 0.00374900 -0.00444248
v 0.01257270 0.00460240 -0.00547311
v 0.00848719 0.02572335 0.00419714
v 0.00825903 0.02335822 0.00258205
v 0.00911871 0.02233917 0.00414519
v 0.00912546 0.02022328 0.00526126
v 0.00978898 0.01688283 0.00504892
v 0.00950789 0.01472576 0.00378041
v 0.00904535 0.01605379 0.00337003
v 0.01058892 0.01192975 0.00507041
v 0.00921873 0.01595378 0.00602926
v 0.01001425 0.01175444 0.00664981
v 0.00843906 0.02052583 0.00274460
v 0.01039131 0.01259585 0.00587337
v 0.01003140 0.01001752 0.00446997
v 0.01010182 0.00592368 0.00491927
v 0.01053434 0.00312640 0.00519906
v 0.00878018 0.03764894 0.00280013
v 0.00908142 0.05454197 0.00010523
v 0.00870099 0.05736873 0.00277042
v 0.00914354 0.07825945 0.00018414
v 0.00879467 0.07480258 -0.00193351
v 0.00850132 0.08855757 -0.00274055
v 0.00913669 0.08898917 0.00042276
v 0.00849499 0.06165770 -0.00282119
v 0.00879116 0.07661602 0.00278821
v 0.00871773 0.08806791 0.00323520
v 0.00820012 0.07142861 0.00412862
v 0.00862640 0.04331486 -0.00273671
v 0.01091086 0.00751526 0.00697414
v 0.01108972 0.00742929 0.00611013
v 0.01120785 -0.00032943 0.00587148
v 0.01187110 0.00328020 0.00699957
v 0.01253807 -0.00293252 0.00675858
v 0.01251251 -0.00059720 0.00729434
v 0.01326941 -0.00470800 0.00783303
v 0.01272445 -0.00464011 0.00874204
v 0.01190145 0.00001892 0.00818517
v 0.01170567 0.00319577 0.00762805
v 0.01375293 -0.00903560 0.00787094
v 0.01362694 -0.00860382 0.00884451
v 0.01312197 -0.00924874 0.00935507
v 0.01490898 -0.01433605 0.00971000
v 0.01457763 -0.01276918 0.00848375
v 0.01392651 -0.01322845 0.00793851
v 0.01510257 -0.01821472 0.00856931
v 0.01585526 -0.01889170 0.00913284
v 0.01538707 -0.01727173 0.01025331
v 0.01692431 -0.02313889 0.00999231
v 0.01621818 -0.02160925 0.01096604
v 0.01770257 -0.02637186 0.01158598
v 0.01778190 -0.02707023 0.00968785
v 0.01906896 -0.03073436 0.01050056
v 0.01938713 -0.03210937 0.01214036
v 0.02028440 -0.03509739 0.01073839
v 0.02110377 -0.03801926 0.01282104
v 0.02153248 -0.04082410 0.01079873
v 0.01640831 -0.02275636 0.00921753
v 0.00878964 0.02996002 -0.00053862
v 0.00945467 0.02519225 0.00028049
v 0.00739563 0.02646518 -0.00041632
v 0.01091086 0.00751526 0.00697414
v 0.01170567 0.00319577 0.00762805
v 0.01108972 0.00742929 0.00611013
vt 0.12033141 0.75950146
vt 0.13406581 0.72360873
vt 0.18737113 0.76147580
vt 0.15567189 0.79096723
vt 0.13349672 0.78334218
vt 0.12043767 0.74287701
vt 0.16374095 0.71926045
vt 0.18259789 0.73490214
vt 0.14715272 0.71742606
vt 0.17160839 0.78542238
vt 0.18178731 0.78037900
vt 0.12408782 0.73151642
vt 0.12068859 0.77141619
vt 0.17650081 0.72282267
vt 0.18997085 0.74575722
vt 0.17119181 0.79096723
vt 0.11549322 0.75548893
vt 0.19154608 0.75982767
vt 0.19079307 0.76997977
vt 0.12875341 0.71998358
vt 0.11538462 0.74067163
vt 0.47372043 0.26498801
vt 0.47939727 0.26904249
vt 0.45427111 0.26725334
vt 0.50233507 0.26613197
vt 0.49947253 0.27249509
vt 0.53808075 0.26786667
vt 0.53069240 0.27087066
vt 0.48072353 0.27369288
vt 0.46197128 0.27378097
vt 0.44364053 0.27369288
vt 0.46105316 0.76242119
vt 0.47383121 0.76081073
vt 0.48512405 0.76554310
vt 0.50914800 0.76646292
vt 0.50449830 0.77134806
vt 0.52512103 0.77246052
vt 0.44363913 0.75393081
vt 0.43527555 0.75562441
vt 0.44249541 0.74511367
vt 0.52897352 0.77733046
vt 0.54834491 0.77244896
vt 0.55174583 0.77672654
vt 0.56176358 0.77100861
vt 0.56241250 0.77461129
vt 0.58073115 0.77222830
vt 0.48427004 0.76997370
vt 0.56506962 0.78261846
vt 0.43450868 0.74011391
vt 0.42324692 0.75402683
vt 0.42251688 0.73761427
vt 0.42273006 0.76752275
vt 0.44593820 0.76401323
vt 0.43235046 0.73229617
vt 0.44948438 0.73119217
vt 0.46140093 0.73384964
vt 0.46480414 0.72807938
vt 0.48068276 0.72668874
vt 0.42269704 0.72421372
vt 0.45607510 0.74700946
vt 0.47541007 0.73402286
vt 0.49452516 0.72380567
vt 0.45726341 0.74359459
vt 0.46100324 0.75122273
vt 0.41795772 0.76695549
vt 0.41849473 0.75387955
vt 0.39223763 0.75365508
vt 0.33648026 0.75434905
vt 0.41776890 0.74264407
vt 0.31959343 0.74353743
vt 0.20068350 0.75390261
vt 0.41806293 0.73446226
vt 0.30120894 0.73518068
vt 0.22680016 0.73737371
vt 0.20042402 0.74393272
vt 0.19941963 0.72828561
vt 0.31310222 0.72796142
vt 0.19486706 0.74876618
vt 0.38039410 0.72552812
vt 0.41827476 0.72507662
vt 0.25998417 0.76581866
vt 0.33248809 0.76619351
vt 0.19832452 0.76682734
vt 0.35731360 0.72191322
vt 0.40513891 0.71817613
vt 0.20146087 0.72263664
vt 0.26968464 0.71575254
vt 0.19482920 0.72341657
vt 0.19919111 0.71462393
vt 0.36461532 0.71339184
vt 0.41877294 0.70693356
vt 0.42282376 0.70957565
vt 0.39409545 0.70623499
vt 0.31486824 0.70703405
vt 0.19835471 0.70737332
vt 0.47430885 0.75154853
vt 0.48938891 0.75445276
vt 0.52432489 0.76614016
vt 0.24637215 0.77623874
vt 0.32554856 0.77470928
vt 0.39029747 0.77846259
vt 0.41900155 0.78242350
vt 0.36259449 0.78173327
vt 0.25257197 0.78081155
vt 0.19902843 0.78267747
vt 0.19477417 0.77804410
vt 0.38441768 0.78924549
vt 0.25371939 0.78985077
vt 0.41788432 0.80055958
vt 0.39282924 0.80025411
vt 0.20002420 0.79571205
vt 0.35190469 0.80055958
vt 0.19459254 0.79538727
vt 0.28127277 0.80013889
vt 0.54174942 0.76913327
vt 0.85553670 0.81835008
vt 0.80639428 0.79839790
vt 0.82940912 0.85086191
vt 0.80085295 0.82711780
vt 0.85213137 0.78773141
vt 0.85445529 0.84423077
vt 0.82660049 0.77569902
vt 0.79935229 0.84629083
vt 0.78977966 0.81677765
vt 0.81269401 0.85735935
vt 0.86249954 0.83338886
vt 0.86961049 0.80590194
vt 0.78594279 0.82762939
vt 0.82141775 0.86386466
vt 0.83806652 0.86081213
vt 0.80042022 0.78651369
vt 0.79100716 0.80225921
vt 0.86922199 0.82174200
vt 0.84760213 0.77979684
vt 0.86461020 0.81385767
vt 0.86033577 0.77710378
vt 0.86573511 0.78268480
vt 0.81862247 0.77334571
vt 0.82849538 0.86531049
vt 0.80127746 0.86363202
vt 0.79463202 0.85493374
vt 0.78575665 0.84832114
vt 0.84177560 0.76016665
vt 0.87868100 0.81192982
vt 0.81774235 0.87062097
vt 0.81393749 0.87569946
vt 0.77791971 0.82403463
vt 0.87928408 0.80519795
vt 0.78335029 0.79182643
vt 0.78264755 0.79998493
vt 0.77020085 0.79373825
vt 0.77308446 0.80632740
vt 0.77319002 0.81963432
vt 0.76373291 0.81106699
vt 0.75576991 0.80710441
vt 0.75846034 0.82478255
vt 0.78782004 0.77882069
vt 0.77001899 0.77916938
vt 0.77345538 0.76541674
vt 0.77280378 0.78868634
vt 0.76042402 0.78908551
vt 0.79161400 0.86130667
vt 0.81838030 0.76484013
vt 0.76102179 0.81792396
vt 0.80459666 0.76355410
vt 0.81086546 0.75258720
vt 0.82331043 0.76139504
vt 0.82672995 0.76785582
vt 0.82084930 0.75123012
vt 0.80864710 0.74299324
vt 0.80386508 0.75056422
vt 0.79612643 0.74782336
vt 0.78687173 0.75989223
vt 0.79233420 0.76796025
vt 0.79106563 0.77399701
vt 0.81626290 0.73448539
vt 0.78303885 0.75003934
vt 0.82922262 0.75074279
vt 0.79759198 0.78001165
vt 0.82526904 0.73888475
vt 0.78268182 0.76925671
vt 0.77689332 0.73932761
vt 0.83223456 0.75684685
vt 0.84203541 0.74648863
vt 0.85843992 0.76101011
vt 0.85435927 0.74454486
vt 0.86638701 0.75539970
vt 0.85290688 0.72844082
vt 0.85804248 0.72256547
vt 0.80268341 0.72027868
vt 0.75543725 0.76394004
vt 0.76191503 0.75513256
vt 0.84914613 0.70672792
vt 0.84543639 0.72987849
vt 0.81493306 0.71958578
vt 0.78209472 0.72888428
vt 0.86301315 0.69759083
vt 0.85910118 0.74205011
vt 0.86165845 0.72245103
vt 0.85876983 0.75406647
vt 0.77062291 0.70996428
vt 0.77801400 0.71969104
vt 0.80368835 0.70376408
vt 0.81511003 0.70405221
vt 0.85748833 0.67806780
vt 0.74098152 0.75165051
vt 0.74899060 0.74614847
vt 0.77556074 0.76234239
vt 0.82028621 0.72214538
vt 0.76956165 0.72620642
vt 0.76200420 0.71146649
vt 0.75122845 0.82343733
vt 0.76345253 0.69521308
vt 0.85053408 0.69042635
vt 0.73848325 0.74053419
vt 0.72010660 0.74243987
vt 0.74273896 0.82702225
vt 0.72795320 0.73309863
vt 0.75043440 0.69437355
vt 0.86594307 0.68239254
vt 0.72945452 0.74959773
vt 0.86052608 0.66422004
vt 0.87063688 0.66165769
vt 0.86936629 0.64208502
vt 0.86613566 0.63988727
vt 0.87735325 0.60471624
vt 0.87928408 0.61697495
vt 0.09300549 0.77467799
vt 0.08636098 0.80879843
vt 0.06834128 0.79224771
vt 0.10840323 0.78139549
vt 0.11233816 0.79405802
vt 0.10181416 0.80819291
vt 0.10999841 0.76711488
vt 0.06626820 0.77299184
vt 0.06612619 0.80527031
vt 0.10130755 0.76233143
vt 0.07311047 0.76155531
vt 0.06283320 0.77840787
vt 0.06966594 0.81025970
vt 0.06731997 0.76533008
vt 0.06987295 0.76059151
vt 0.11216342 0.77476752
vt 0.06643278 0.81334931
vt 0.09232832 0.81334931
vt 0.07927481 0.81334358
vt 0.10984796 0.80552655
vt 0.10859580 0.80944520
vt 0.74020153 0.15658227
vt 0.71493882 0.17694633
vt 0.73399073 0.18660872
vt 0.72236997 0.15958773
vt 0.75113535 0.17508130
vt 0.71569520 0.19748506
vt 0.75622505 0.19578630
vt 0.74520028 0.21400496
vt 0.76616985 0.16973409
vt 0.70205414 0.16631784
vt 0.71097153 0.14920412
vt 0.69619614 0.18114772
vt 0.69499475 0.19599086
vt 0.73253369 0.14424762
vt 0.73064750 0.22269258
vt 0.74576473 0.22162271
vt 0.71132112 0.21019064
vt 0.76084447 0.15402122
vt 0.69546080 0.21090412
vt 0.75442380 0.21140963
vt 0.77400678 0.18097812
vt 0.73826277 0.23719957
vt 0.78562558 0.18321750
vt 0.77110642 0.19950199
vt 0.78931761 0.18664671
vt 0.78242540 0.20149544
vt 0.77759838 0.21276933
vt 0.76835293 0.21217367
vt 0.77520382 0.22490558
vt 0.77910662 0.22870266
vt 0.76640612 0.22750959
vt 0.75684422 0.22619881
vt 0.79142016 0.19829500
vt 0.79718506 0.18083580
vt 0.79657024 0.16829757
vt 0.77398223 0.15764752
vt 0.74976587 0.23398095
vt 0.76304495 0.23131992
vt 0.68199176 0.20238817
vt 0.67575896 0.22252835
vt 0.67032129 0.21681781
vt 0.68369502 0.23186165
vt 0.67183924 0.20324618
vt 0.70274609 0.22858240
vt 0.70812130 0.21910764
vt 0.72043610 0.23933448
vt 0.71292639 0.24073498
vt 0.73544472 0.23946099
vt 0.69609445 0.23579241
vt 0.71569699 0.24862400
vt 0.70212352 0.24764529
vt 0.66535121 0.21431853
vt 0.66563982 0.21777470
vt 0.68176800 0.18412676
vt 0.67107922 0.18675382
vt 0.66974479 0.19535932
vt 0.66284502 0.16950858
vt 0.70794773 0.24359331
vt 0.69321817 0.24294677
vt 0.72999036 0.24525699
vt 0.68805850 0.16900258
vt 0.67098820 0.17002040
vt 0.72644866 0.25544712
vt 0.76867223 0.23621750
vt 0.75494438 0.14426091
vt 0.77747035 0.14877418
vt 0.76696581 0.13628954
vt 0.74698848 0.13247132
vt 0.73283720 0.13461123
vt 0.78410083 0.15229681
vt 0.73336393 0.11688123
vt 0.76233470 0.12461836
vt 0.75177652 0.12354337
vt 0.77040273 0.13226607
vt 0.72788358 0.12453044
vt 0.72054261 0.13099270
vt 0.71090907 0.14129774
vt 0.70006996 0.13820212
vt 0.71202290 0.13232203
vt 0.70933896 0.13240947
vt 0.70406836 0.13130710
vt 0.74882388 0.11734049
vt 0.73987311 0.11924378
vt 0.78823572 0.14794880
vt 0.78381550 0.13522618
vt 0.69545025 0.16089791
vt 0.68529308 0.16171722
vt 0.68255043 0.14542867
vt 0.67728591 0.16475791
vt 0.68919283 0.14735545
vt 0.68622553 0.13518086
vt 0.77945888 0.12556265
vt 0.79339576 0.14123680
vt 0.69538289 0.12865925
vt 0.79845941 0.19627625
vt 0.80043197 0.18641202
vt 0.80429649 0.19653115
vt 0.79214019 0.21732919
vt 0.79446453 0.20865378
vt 0.78471893 0.21989606
vt 0.77570766 0.11234272
vt 0.75236452 0.23025864
vt 0.68192911 0.24374036
vt 0.66733360 0.18883763
vt 0.80130386 0.21788526
vt 0.78880489 0.15391354
vt 0.79801202 0.23137946
vt 0.80901629 0.22585608
vt 0.75708586 0.11987548
vt 0.76647973 0.11409837
vt 0.77218878 0.10670775
vt 0.77977574 0.23576337
vt 0.66703558 0.23860098
vt 0.67280000 0.14644487
vt 0.67299974 0.15382361
vt 0.66511345 0.15141013
vt 0.75032067 0.11974981
vt 0.70016193 0.12306995
vt 0.66749084 0.24577206
vt 0.77514428 0.24784398
vt 0.67025822 0.25103551
vt 0.73986882 0.10666462
vt 0.75090235 0.10496534
vt 0.65412563 0.20070256
vt 0.65903258 0.20984514
vt 0.79271996 0.12619521
vt 0.78771323 0.12431414
vt 0.65809608 0.23136789
vt 0.65899086 0.21514721
vt 0.68491566 0.11392595
vt 0.67991042 0.12479984
vt 0.73948604 0.09287488
vt 0.74993461 0.09126458
vt 0.74492145 0.24957195
vt 0.68223757 0.14297718
vt 0.65320420 0.13991056
vt 0.66279465 0.13482569
vt 0.64303446 0.21359563
vt 0.64063793 0.20149454
vt 0.67216378 0.11380652
vt 0.62413216 0.20640153
vt 0.64763409 0.24013799
vt 0.71686304 0.26562542
vt 0.72560853 0.27136588
vt 0.61957347 0.20568335
vt 0.62360197 0.21677513
vt 0.66566151 0.13172992
vt 0.65799314 0.12407930
vt 0.64417720 0.12978329
vt 0.64624017 0.12157630
vt 0.64726132 0.25571442
vt 0.65104359 0.26476863
vt 0.63926530 0.24631079
vt 0.69429356 0.11533774
vt 0.64748085 0.23432887
vt 0.64587939 0.19799820
vt 0.78834736 0.20159099
vt 0.64004350 0.13510387
vt 0.71110260 0.26364896
vt 0.81623107 0.24300237
vt 0.79190737 0.26299608
vt 0.79184771 0.24977699
vt 0.79832125 0.26336378
vt 0.77989429 0.25856534
vt 0.78619182 0.26970619
vt 0.78617501 0.23918919
vt 0.69287306 0.23797210
vt 0.72237545 0.28223747
vt 0.70878100 0.28420341
vt 0.70773548 0.27540156
vt 0.80488926 0.27722311
vt 0.79457623 0.28066432
vt 0.72682422 0.12110951
vt 0.73054701 0.10994639
vt 0.72054738 0.29866752
vt 0.70962054 0.30191976
vt 0.74861151 0.07300354
vt 0.75565201 0.08297184
vt 0.74018675 0.07916074
vt 0.66842836 0.10728280
vt 0.67220432 0.09914668
vt 0.66496140 0.09131278
vt 0.65646213 0.09476370
vt 0.75720072 0.06855237
vt 0.65879315 0.08167998
vt 0.74650037 0.06067332
vt 0.63438326 0.12409788
vt 0.64689296 0.08346520
vt 0.75782901 0.05370745
vt 0.82063973 0.24049965
vt 0.80365616 0.17971140
vt 0.78143573 0.11597780
vt 0.78880888 0.11533234
vt 0.79570311 0.10304493
vt 0.79205567 0.09544098
vt 0.78258377 0.10217649
vt 0.78530955 0.08761626
vt 0.79534572 0.07463803
vt 0.80613768 0.09167024
vt 0.80841702 0.08072723
vt 0.81208247 0.07530073
vt 0.80168009 0.07138214
vt 0.75264281 0.09373181
vt 0.73341340 0.09823398
vt 0.77820718 0.09316370
vt 0.81506467 0.05283139
vt 0.75431281 0.03902116
vt 0.74681771 0.04204579
vt 0.75777459 0.03666152
vt 0.81978464 0.05613297
vt 0.72056532 0.32341006
vt 0.71139413 0.32813749
vt 0.62716120 0.26839948
vt 0.62282270 0.28358498
vt 0.81223375 0.18851364
vt 0.72969621 0.26170963
vt 0.64104342 0.07522094
vt 0.74958825 0.02591181
vt 0.75627089 0.02551381
vt 0.65214276 0.07203071
vt 0.63734126 0.06128237
vt 0.64436591 0.06076435
vt 0.63281447 0.06194144
vt 0.82063973 0.03528887
vt 0.79705518 0.21035530
vt 0.75546265 0.01341449
vt 0.75030357 0.01318945
vt 0.80159938 0.70943248
vt 0.79702967 0.69600940
vt 0.80159938 0.68625098
vt 0.30765370 0.49038532
vt 0.32834998 0.48481658
vt 0.33417100 0.49003726
vt 0.35083827 0.48369908
vt 0.35339186 0.48631963
vt 0.36334667 0.47819880
vt 0.37282339 0.48148572
vt 0.38450000 0.47939706
vt 0.37507692 0.47374868
vt 0.41150451 0.47821817
vt 0.39020333 0.47139099
vt 0.44352743 0.47069296
vt 0.45310143 0.47973853
vt 0.46394169 0.47623885
vt 0.46858934 0.48459938
vt 0.48246661 0.48646706
vt 0.41263595 0.46882495
vt 0.49032354 0.49335182
vt 0.48576868 0.49611312
vt 0.49813688 0.50583935
vt 0.50374013 0.50594842
vt 0.35139817 0.48010099
vt 0.51347041 0.52760273
vt 0.29458317 0.49453929
vt 0.31258428 0.49678710
vt 0.28544402 0.50120336
vt 0.27776244 0.49784547
vt 0.26168025 0.50384486
vt 0.25943676 0.50853175
vt 0.24359824 0.50854260
vt 0.23597841 0.51440781
vt 0.22722878 0.51318336
vt 0.21297964 0.52091998
vt 0.20546879 0.51954287
vt 0.18550771 0.52778190
vt 0.17940722 0.52480513
vt 0.16452578 0.53498697
vt 0.15653306 0.53093988
vt 0.24032322 0.51671827
vt 0.13337527 0.53315806
vt 0.14671192 0.53847432
vt 0.12733881 0.53932887
vt 0.18821204 0.53029990
vt 0.21330862 0.52427572
vt 0.11086734 0.53653520
vt 0.11663376 0.54314339
vt 0.09712148 0.54305959
vt 0.10101096 0.54803658
vt 0.08622141 0.55279559
vt 0.07346392 0.55194080
vt 0.27840504 0.50535983
vt 0.08061823 0.54275280
vt 0.06676706 0.54618007
vt 0.04607768 0.55595523
vt 0.51798439 0.52873343
vt 0.51758528 0.52201658
vt 0.52320760 0.53245384
vt 0.52573144 0.54425609
vt 0.52133924 0.54296374
vt 0.53150403 0.54487401
vt 0.53655750 0.55595523
vt 0.12809964 0.54244661
vt 0.30031642 0.50072479
vt 0.06932288 0.55497938
vt 0.23224698 0.11727616
vt 0.25159097 0.10982270
vt 0.25182974 0.12050134
vt 0.23219778 0.11266447
vt 0.20338027 0.11347039
vt 0.19863787 0.11646216
vt 0.26736960 0.11155551
vt 0.26603544 0.10503860
vt 0.28656548 0.10318407
vt 0.28733712 0.10841656
vt 0.31160384 0.09957679
vt 0.30548310 0.10750411
vt 0.19360684 0.11839781
vt 0.17985268 0.11304621
vt 0.16858420 0.11663975
vt 0.16134861 0.11169422
vt 0.15306489 0.11760274
vt 0.13314675 0.11333675
vt 0.12536503 0.11727821
vt 0.11936238 0.11292682
vt 0.10609461 0.11504745
vt 0.11122721 0.11883738
vt 0.09433055 0.11788996
vt 0.09140786 0.11440018
vt 0.07936144 0.11940394
vt 0.26812601 0.11702649
vt 0.26822343 0.12082282
vt 0.08473064 0.11244768
vt 0.06509836 0.12327750
vt 0.07304310 0.11456065
vt 0.06994962 0.10835198
vt 0.08936431 0.10549841
vt 0.05421154 0.11277281
vt 0.10496629 0.10815625
vt 0.11685972 0.09955853
vt 0.12879387 0.09914758
vt 0.12384676 0.10573358
vt 0.13706788 0.10192439
vt 0.06197741 0.11680746
vt 0.05377984 0.12558337
vt 0.03935862 0.12653261
vt 0.04195932 0.12004344
vt 0.02336069 0.12021712
vt 0.02162165 0.13194922
vt 0.01577249 0.13128103
vt 0.20016482 0.11038215
vt 0.32002068 0.10268121
vt 0.32663333 0.10716887
vt 0.33799458 0.10185842
vt 0.35171419 0.10718189
vt 0.36747408 0.10034489
vt 0.37615001 0.10467462
vt 0.38545954 0.09557635
vt 0.41134822 0.10356899
vt 0.40627050 0.09396482
vt 0.41673419 0.09347595
vt 0.43570849 0.09809772
vt 0.00467686 0.12653668
vt 0.00556605 0.13744205
vt 0.43783140 0.09068451
vt 0.45625624 0.09932519
vt 0.03465291 0.11467723
vt 0.04344038 0.12899491
vt 0.46566337 0.08703588
vt 0.35563099 0.09835991
vt 0.48066539 0.09653132
vt 0.01626742 0.14241949
vt 0.14191389 0.10557996
vt 0.21913283 0.11043304
vt 0.48722911 0.08353318
vt 0.27860203 0.12945145
vt 0.28548339 0.12583400
vt 0.31011271 0.13282527
vt 0.26018280 0.12833527
vt 0.26692647 0.13206373
vt 0.28757241 0.13756463
vt 0.30413327 0.14015709
vt 0.33736363 0.14635508
vt 0.33028889 0.15107986
vt 0.35069099 0.15700960
vt 0.37175304 0.14978142
vt 0.39317834 0.15819335
vt 0.36625075 0.16087082
vt 0.38606238 0.16550286
vt 0.41816205 0.16885749
vt 0.43494302 0.15889445
vt 0.44711491 0.17118336
vt 0.45940432 0.16253766
vt 0.46766365 0.17226219
vt 0.30855843 0.14614753
vt 0.35467842 0.14537092
vt 0.01988165 0.13780814
vt 0.47912413 0.16179352
vt 0.48800221 0.17125657
vt 0.00652429 0.14956211
vt 0.50029600 0.15864512
vt 0.51980108 0.15245396
vt 0.39866173 0.16947988
vt 0.33081621 0.13914174
vt 0.49730474 0.09219950
vt 0.39116749 0.15334664
vt 0.41080761 0.15662780
vt 0.34441099 0.14182138
vt 0.52284843 0.16299467
vt 0.24167646 0.10729011
vt 0.13160244 0.09691100
vt 0.51254821 0.17226219
vt 0.00190404 0.13931850
vt 0.02652986 0.13733585
vt 0.00293325 0.15507826
vt 0.00799843 0.15367907
vt 0.02774238 0.13521869
vt 0.60856885 0.55430186
vt 0.60691887 0.56536347
vt 0.60859901 0.57839584
vt 0.60552555 0.55247992
vt 0.60846454 0.52534527
vt 0.60477567 0.52776355
vt 0.60553175 0.50812209
vt 0.60891092 0.49967256
vt 0.60406303 0.58066654
vt 0.60711724 0.59864801
vt 0.60769361 0.48264068
vt 0.60276663 0.60508871
vt 0.60891092 0.61399174
vt 0.60685581 0.63029575
vt 0.60129476 0.57071805
vt 0.60336912 0.48337096
vt 0.60689497 0.46394008
vt 0.60405892 0.46064419
vt 0.60744381 0.44324541
vt 0.60320383 0.44851488
vt 0.68452293 0.39701858
vt 0.68156618 0.40873531
vt 0.68238372 0.42662248
vt 0.67803824 0.36778197
vt 0.67722255 0.42731869
vt 0.67965966 0.44207412
vt 0.67678750 0.45875394
vt 0.67078215 0.45486063
vt 0.67371631 0.48027065
vt 0.66798955 0.48531058
vt 0.67064214 0.50488132
vt 0.66460842 0.52314067
vt 0.66370451 0.49352306
vt 0.66799545 0.53334832
vt 0.66293091 0.54664648
vt 0.65846491 0.54837847
vt 0.65932310 0.56967551
vt 0.68249178 0.36561072
vt 0.68493408 0.38021442
vt 0.68793565 0.36204183
vt 0.66657537 0.55893594
vt 0.68078768 0.45971757
vt 0.68542218 0.34865776
vt 0.67887992 0.33225593
vt 0.67037976 0.54009759
vt 0.69045413 0.34540141
vt 0.68877017 0.32835522
vt 0.68515670 0.28923842
vt 0.67408216 0.50442976
vt 0.67234522 0.52378869
vt 0.66733479 0.56738365
vt 0.66037261 0.58640999
vt 0.65442497 0.58663857
vt 0.65623575 0.60640371
vt 0.65232295 0.62065595
vt 0.65971071 0.63915849
vt 0.65580046 0.64914799
vt 0.66384214 0.66452593
vt 0.66317999 0.67234755
vt 0.67414039 0.68724871
vt 0.66821259 0.68445557
vt 0.68160784 0.70338094
vt 0.68638623 0.70013320
vt 0.68756157 0.71132851
vt 0.69421172 0.71902478
vt 0.66176969 0.59862125
vt 0.66056883 0.62155902
vt 0.68334115 0.43757212
vt 0.67819434 0.48213655
vt 0.67606860 0.68387032
vt 0.66540593 0.58149827
vt 0.68806750 0.37678823
vt 0.68764240 0.41094443
vt 0.67137325 0.66740906
vt 0.66798562 0.65462822
vt 0.69417387 0.32183191
vt 0.69071025 0.31143880
vt 0.68734848 0.31105155
vt 0.68909961 0.29128200
vt 0.69421172 0.28698257
vt 0.69335729 0.26978418
vt 0.26670253 0.53138185
vt 0.23201917 0.53685647
vt 0.26278681 0.52853149
vt 0.28948599 0.52330488
vt 0.28920263 0.52800202
vt 0.31103128 0.52332747
vt 0.31362092 0.51938462
vt 0.32124549 0.52137464
vt 0.33307141 0.51548833
vt 0.24264693 0.53910798
vt 0.33802736 0.51814944
vt 0.35055512 0.51247758
vt 0.23115072 0.54373825
vt 0.20860916 0.54400247
vt 0.35631916 0.51469362
vt 0.36525351 0.50921726
vt 0.37786618 0.51103514
vt 0.38023227 0.50680858
vt 0.39360982 0.50604010
vt 0.26091689 0.53640884
vt 0.21597344 0.53738415
vt 0.19802828 0.54120237
vt 0.18310770 0.54805791
vt 0.17990008 0.55082971
vt 0.16570073 0.54826719
vt 0.27614042 0.53555942
vt 0.40811452 0.50637370
vt 0.41383547 0.50399679
vt 0.45447871 0.51133323
vt 0.21349172 0.54916787
vt 0.19230925 0.55602050
vt 0.16914882 0.55576634
vt 0.14285035 0.55529481
vt 0.14290337 0.56020600
vt 0.11587925 0.56049246
vt 0.13344501 0.56756872
vt 0.10694225 0.56684464
vt 0.07947851 0.56627363
vt 0.09362074 0.57220995
vt 0.08286521 0.57515323
vt 0.07680932 0.57431734
vt 0.05678130 0.57252073
vt 0.05642300 0.56638300
vt 0.03916659 0.56686151
vt 0.25261822 0.54285556
vt 0.06019089 0.57838959
vt 0.03989339 0.58122492
vt 0.03685025 0.57023948
vt 0.03025924 0.57975131
vt 0.02932216 0.58393288
vt 0.17117134 0.55996513
vt 0.14654587 0.56644362
vt 0.43478283 0.51288748
vt 0.45602033 0.51930344
vt 0.46175033 0.51819342
vt 0.46974227 0.51970094
vt 0.48154697 0.53135043
vt 0.46808383 0.52607846
vt 0.48208806 0.53665537
vt 0.40918002 0.51266176
vt 0.49913847 0.54858738
vt 0.49137676 0.54718685
vt 0.49881527 0.55463815
vt 0.50811100 0.55798423
vt 0.50732136 0.56611156
vt 0.51400352 0.57594925
vt 0.51666355 0.57458901
vt 0.23829629 0.54836875
vt 0.22693165 0.55083215
vt 0.52249062 0.57886118
vt 0.52513331 0.58393288
vt 0.30717602 0.15611345
vt 0.30274004 0.16296467
vt 0.28382927 0.15523893
vt 0.32258141 0.16245814
vt 0.32410511 0.16926618
vt 0.34110421 0.16417418
vt 0.34560266 0.16938163
vt 0.35920534 0.16542560
vt 0.27825752 0.15945809
vt 0.25956696 0.15191136
vt 0.26973045 0.14821564
vt 0.24522427 0.14344311
vt 0.22293809 0.14541116
vt 0.22354968 0.13752890
vt 0.21298304 0.13990855
vt 0.21092235 0.14418943
vt 0.19779700 0.14072938
vt 0.20173274 0.13249587
vt 0.18228889 0.13548337
vt 0.16917734 0.12904061
vt 0.17272368 0.12555419
vt 0.36511329 0.17210409
vt 0.15029280 0.12270184
vt 0.13941376 0.12765506
vt 0.10330084 0.12940438
vt 0.10744751 0.12406126
vt 0.15541898 0.13081551
vt 0.09440176 0.12652166
vt 0.17100786 0.13435873
vt 0.36437437 0.17919308
vt 0.38738760 0.17983384
vt 0.38962844 0.17406395
vt 0.41265512 0.17837457
vt 0.40865988 0.18553746
vt 0.42311463 0.18784197
vt 0.42266446 0.17719448
vt 0.44552341 0.18512315
vt 0.44657400 0.19020689
vt 0.46088529 0.18923135
vt 0.47195524 0.18150438
vt 0.48555368 0.19064875
vt 0.48930973 0.18424772
vt 0.49940717 0.19357868
vt 0.47510561 0.19329834
vt 0.34348992 0.17337048
vt 0.08160698 0.13400562
vt 0.09493526 0.13309887
vt 0.07164494 0.14235877
vt 0.07907110 0.14253548
vt 0.06667356 0.15192275
vt 0.40433389 0.17236935
vt 0.43704629 0.17789069
vt 0.45494035 0.17764488
vt 0.50254494 0.18221982
vt 0.51055562 0.18505970
vt 0.37775961 0.16800730
vt 0.51214135 0.19357564
vt 0.52488226 0.19182815
vt 0.53417987 0.19464429
vt 0.11876430 0.13168393
vt 0.28430504 0.15046406
vt 0.31709501 0.15612064
vt 0.54024786 0.18811731
vt 0.05868812 0.15846549
vt 0.05990046 0.15068033
vt 0.04902888 0.16505820
vt 0.05278352 0.16667013
vt 0.04483346 0.17553623
vt 0.03806373 0.17712238
vt 0.03643132 0.18320438
vt 0.03073639 0.18488954
vt 0.03057143 0.19012414
vt 0.56092918 0.19222544
vt 0.51991308 0.18463418
vt 0.45963383 0.19400156
vt 0.26200730 0.15645684
vt 0.24552138 0.15290235
vt 0.23186666 0.14994191
vt 0.02703732 0.19464429
vt 0.04873893 0.16211459
vt 0.03483978 0.17499758
vt 0.11906829 0.41546831
vt 0.10339576 0.41723609
vt 0.11021571 0.41096106
vt 0.12869623 0.41162753
vt 0.14050591 0.41527310
vt 0.08425301 0.41410762
vt 0.14609058 0.40908349
vt 0.16424696 0.40840256
vt 0.08182920 0.41082427
vt 0.06283320 0.41101202
vt 0.13059884 0.40605298
vt 0.14771418 0.40521142
vt 0.16089544 0.40476033
vt 0.18160199 0.40574345
vt 0.18756159 0.40259239
vt 0.20534913 0.40951318
vt 0.20382321 0.40247801
vt 0.21670751 0.40332609
vt 0.22538638 0.40994197
vt 0.23493612 0.40559211
vt 0.25259024 0.40713957
vt 0.24982624 0.41443959
vt 0.27547327 0.41493827
vt 0.28354147 0.41213703
vt 0.28693426 0.41719243
vt 0.30502665 0.41766587
vt 0.18231280 0.40932441
vt 0.19279483 0.41151649
vt 0.23067366 0.41324645
vt 0.10822999 0.40518275
vt 0.21871960 0.41492647
vt 0.15970309 0.41337433
vt 0.14722814 0.41766587
vt 0.20017074 0.41528383
vt 0.18183452 0.41329816
vt 0.17237748 0.41417414
vt 0.59265119 0.04639391
vt 0.56788790 0.03785369
vt 0.59963232 0.04025773
vt 0.60864770 0.04794558
vt 0.62792134 0.04221430
vt 0.62527269 0.04838421
vt 0.63571566 0.04775365
vt 0.65315300 0.04916067
vt 0.64607161 0.03888332
vt 0.66679358 0.04702326
vt 0.56238818 0.04109184
vt 0.56666297 0.04482640
vt 0.55852842 0.04661884
vt 0.53983742 0.04481917
vt 0.53892016 0.04031092
vt 0.52086866 0.04246318
vt 0.51396495 0.03789325
vt 0.62107915 0.03722416
vt 0.49543032 0.03915717
vt 0.51126546 0.04424056
vt 0.59797591 0.03629386
vt 0.57999307 0.03557154
vt 0.51898003 0.04916067
vt 0.49807724 0.04685409
vt 0.36020577 0.19778864
vt 0.36550498 0.20260829
vt 0.34567299 0.19848025
vt 0.38831484 0.20480925
vt 0.38423225 0.19883797
vt 0.40300420 0.20349902
vt 0.33817443 0.19247761
vt 0.32644612 0.19680923
vt 0.30219319 0.18779714
vt 0.30538040 0.19283907
vt 0.29084757 0.19027573
vt 0.40523657 0.19985001
vt 0.43146634 0.20402600
vt 0.41407365 0.20714933
vt 0.43397540 0.20782600
vt 0.45931959 0.20931283
vt 0.32444522 0.18724334
vt 0.30244926 0.18295337
vt 0.28590235 0.17973882
vt 0.27138963 0.18167864
vt 0.26733863 0.17387603
vt 0.24278800 0.16957080
vt 0.23955505 0.17723805
vt 0.22672114 0.17248745
vt 0.21518597 0.16780536
vt 0.44896305 0.21232924
vt 0.47249621 0.21395522
vt 0.46682912 0.20839249
vt 0.49227944 0.21621597
vt 0.21933927 0.17378579
vt 0.20009695 0.16810042
vt 0.19531254 0.16285169
vt 0.18148181 0.16627820
vt 0.16217571 0.15829507
vt 0.16796316 0.16500466
vt 0.14400378 0.16523392
vt 0.11005681 0.16692916
vt 0.13932782 0.15627497
vt 0.12069891 0.17073083
vt 0.09701791 0.17488360
vt 0.10865369 0.17526828
vt 0.09723776 0.17995581
vt 0.08269738 0.19150500
vt 0.07212497 0.19506490
vt 0.07031416 0.20200738
vt 0.05922673 0.21352093
vt 0.48430309 0.21943648
vt 0.50962740 0.22342508
vt 0.51411951 0.22026505
vt 0.53229237 0.22431684
vt 0.53127569 0.21890841
vt 0.54632455 0.22211999
vt 0.54647171 0.22764999
vt 0.55982119 0.22524396
vt 0.41264972 0.21239112
vt 0.05649815 0.20839925
vt 0.39973477 0.20916782
vt 0.19750860 0.17177092
vt 0.04083921 0.22981615
vt 0.46774033 0.21749209
vt 0.05079521 0.22250481
vt 0.25144452 0.18159842
vt 0.26989198 0.18379866
vt 0.27537546 0.18861930
vt 0.34494337 0.20290153
vt 0.54926836 0.21708953
vt 0.43624461 0.21621485
vt 0.56549883 0.21928641
vt 0.07326384 0.18847512
vt 0.08890236 0.17670028
vt 0.50189239 0.21182963
vt 0.55112475 0.22981615
vt 0.03998477 0.22137259
vt 0.22842433 0.17893453
vt 0.12034899 0.16086347
vt 0.32430825 0.19929518
vt 0.38141465 0.20895210
vt 0.17485946 0.17255615
vt 0.09735190 0.18479840
vt 0.35802823 0.20580742
vt 0.14898571 0.16880308
vt 0.46822694 0.22420779
vt 0.48791936 0.22316912
vt 0.50429338 0.22445762
vt 0.30433428 0.19865271
vt 0.38573194 0.21248382
vt 0.66236305 0.88477439
vt 0.63602871 0.88288254
vt 0.63698137 0.87699813
vt 0.66377151 0.87920493
vt 0.67915219 0.88053471
vt 0.61003077 0.87344742
vt 0.68058646 0.88621718
vt 0.69213325 0.88346326
vt 0.62024736 0.88253206
vt 0.60181707 0.88176322
vt 0.58711433 0.87873054
vt 0.58875465 0.86988789
vt 0.56933397 0.87011075
vt 0.57100689 0.87724686
vt 0.55655557 0.87470704
vt 0.54153508 0.86835539
vt 0.54061437 0.87360734
vt 0.52024925 0.87136656
vt 0.51756984 0.87490720
vt 0.52658284 0.86370903
vt 0.50235581 0.86615217
vt 0.69398761 0.87920016
vt 0.49758303 0.87726355
vt 0.49491939 0.86985803
vt 0.47571641 0.87617886
vt 0.47343311 0.86898899
vt 0.55345434 0.86507660
vt 0.57655507 0.86731553
vt 0.70731890 0.88406342
vt 0.48593619 0.86797434
vt 0.61920404 0.87122029
vt 0.60735792 0.87033725
vt 0.71014291 0.88029081
vt 0.45656988 0.87040716
vt 0.45799658 0.88131285
vt 0.72244126 0.88139009
vt 0.72336274 0.88689047
vt 0.73781651 0.88445008
vt 0.64086521 0.87380701
vt 0.74002284 0.88065183
vt 0.75666416 0.88044250
vt 0.47445774 0.87967449
vt 0.45017698 0.87201154
vt 0.44226357 0.88095129
vt 0.43783706 0.87506646
vt 0.42764661 0.88689047
vt 0.32695431 0.17728308
vt 0.32142618 0.18161069
vt 0.29643404 0.17552921
vt 0.35462919 0.18420243
vt 0.29879427 0.17194524
vt 0.26553008 0.16933699
vt 0.27926731 0.16696414
vt 0.34485999 0.18679033
vt 0.25309414 0.16549698
vt 0.26198480 0.16209781
vt 0.24414097 0.16164871
vt 0.24968353 0.15948381
vt 0.36070019 0.19155484
vt 0.23720711 0.15609227
vt 0.21639961 0.15857834
vt 0.21451585 0.15204272
vt 0.19676131 0.15172921
vt 0.19994485 0.14871076
vt 0.18663263 0.14500096
vt 0.16626872 0.14644739
vt 0.17165232 0.14295724
vt 0.12337738 0.14263101
vt 0.12391736 0.15119895
vt 0.11383361 0.14402613
vt 0.09415706 0.15050550
vt 0.16411227 0.15034401
vt 0.37619448 0.19093394
vt 0.40093470 0.19228370
vt 0.39905241 0.19786540
vt 0.41845053 0.19875474
vt 0.41899395 0.19221124
vt 0.43492126 0.19680215
vt 0.14698491 0.14108713
vt 0.44751000 0.19519332
vt 0.46878701 0.19738095
vt 0.46062675 0.20050611
vt 0.46750662 0.20526153
vt 0.48158914 0.19968157
vt 0.49502203 0.20366541
vt 0.48676050 0.20808440
vt 0.50406659 0.20962191
vt 0.51723379 0.20699935
vt 0.51824725 0.21252429
vt 0.53271031 0.21435113
vt 0.54311669 0.20522363
vt 0.52890539 0.20163409
vt 0.43735781 0.20105937
vt 0.19860338 0.15548360
vt 0.17926292 0.15228719
vt 0.10805660 0.15282528
vt 0.09554762 0.15743814
vt 0.08493171 0.15806961
vt 0.08442122 0.16311011
vt 0.07189772 0.17217726
vt 0.06608381 0.16854472
vt 0.05503706 0.18106425
vt 0.06369843 0.17986113
vt 0.05117478 0.19527164
vt 0.04603637 0.19090803
vt 0.07747353 0.15999827
vt 0.04398324 0.20288293
vt 0.03934279 0.20295812
vt 0.23464489 0.16305149
vt 0.54820478 0.21188910
vt 0.54731399 0.21622702
vt 0.56321400 0.20710783
vt 0.03769992 0.21622702
vt 0.49545601 0.19935398
vt 0.51309657 0.19931069
vt 0.40393567 0.18801033
vt 0.38551310 0.18532516
vt 0.37059465 0.18207261
vt 0.35185125 0.18023184
vt 0.80480331 0.36290118
vt 0.80643415 0.35028186
vt 0.80300480 0.35186031
vt 0.80815017 0.32596663
vt 0.80161202 0.37521467
vt 0.80824500 0.37523541
vt 0.80474275 0.38809359
vt 0.80216783 0.40163493
vt 0.80542952 0.32847232
vt 0.80559945 0.29260767
vt 0.80157876 0.31814277
vt 0.80916959 0.39527327
vt 0.80365890 0.41149527
vt 0.80820429 0.40721023
vt 0.81145149 0.36222813
vt 0.81251532 0.30242032
vt 0.80917948 0.29056746
vt 0.81036264 0.27197668
vt 0.80802208 0.42424518
vt 0.80168158 0.43258831
vt 0.80416119 0.43957528
vt 0.80265415 0.45700714
vt 0.81313628 0.34307128
vt 0.80801278 0.44726074
vt 0.80626112 0.46464816
vt 0.79976600 0.47358501
vt 0.80144757 0.48459852
vt 0.81455231 0.32450166
vt 0.81881648 0.26724276
vt 0.81689847 0.29527807
vt 0.82063973 0.24740207
vt 0.79683352 0.48806745
vt 0.79791415 0.50249070
vt 0.79973578 0.50862581
vt 0.79398704 0.50995773
vt 0.79313302 0.51906192
vt 0.80514657 0.50494397
vt 0.80385911 0.52157509
vt 0.79873812 0.52632564
vt 0.80421978 0.53493804
vt 0.79999733 0.54608864
vt 0.80300361 0.55982280
vt 0.79733223 0.56896985
vt 0.80196905 0.57988918
vt 0.79229134 0.57048267
vt 0.79186743 0.58205378
vt 0.79713023 0.59590805
vt 0.78700906 0.56817454
vt 0.80463356 0.60970384
vt 0.78560549 0.55147022
vt 0.80262089 0.62629497
vt 0.79660165 0.61719829
vt 0.80328661 0.64383590
vt 0.81160319 0.63891906
vt 0.81476665 0.64808583
vt 0.81540757 0.65998697
vt 0.80683810 0.66598254
vt 0.81655651 0.68145484
vt 0.79470831 0.54707164
vt 0.79102188 0.59283668
vt 0.81928515 0.67387348
vt 0.79418445 0.51900494
vt 0.80842471 0.62644160
vt 0.79859895 0.45658338
vt 0.79977900 0.41778862
vt 0.79427105 0.55281055
vt 0.80742681 0.47798422
vt 0.82063973 0.67760032
vt 0.25184780 0.65011454
vt 0.26726463 0.66170365
vt 0.25189227 0.65964568
vt 0.26359630 0.65012890
vt 0.28440449 0.65313768
vt 0.28917119 0.66433376
vt 0.29646397 0.65566683
vt 0.31398898 0.66637021
vt 0.31817827 0.65698022
vt 0.34341028 0.66957003
vt 0.34554660 0.66033000
vt 0.37050942 0.66387916
vt 0.36476111 0.67202717
vt 0.38057056 0.67314231
vt 0.39946863 0.67213988
vt 0.22114211 0.64948040
vt 0.22105941 0.65932864
vt 0.20371394 0.66088563
vt 0.20005885 0.65020257
vt 0.39982182 0.67766434
vt 0.43146583 0.67835176
vt 0.18134308 0.66227758
vt 0.18028642 0.65121412
vt 0.42781168 0.68073982
vt 0.43847555 0.68649352
vt 0.41898867 0.68459040
vt 0.46269822 0.68252814
vt 0.39400458 0.68249846
vt 0.38154912 0.67705047
vt 0.37422296 0.67933536
vt 0.36135811 0.67623383
vt 0.32457930 0.67292106
vt 0.30272821 0.67119634
vt 0.28658324 0.66757542
vt 0.27220815 0.66533279
vt 0.26289943 0.66557831
vt 0.22095565 0.66521448
vt 0.20984784 0.66612726
vt 0.20026572 0.66664523
vt 0.18822141 0.66693038
vt 0.17162755 0.66635245
vt 0.17306082 0.66996205
vt 0.16014397 0.67143494
vt 0.46622929 0.68614769
vt 0.48221269 0.68352771
vt 0.48277348 0.68948525
vt 0.51301813 0.68495685
vt 0.52288854 0.69106132
vt 0.53212255 0.68776780
vt 0.56113213 0.69106030
vt 0.55589974 0.68625093
vt 0.57311499 0.68985051
vt 0.46869728 0.69006407
vt 0.45176929 0.69139111
vt 0.53261030 0.68330544
vt 0.15510683 0.67504120
vt 0.14622718 0.67494720
vt 0.14322390 0.68214679
vt 0.12959068 0.68504214
vt 0.12922639 0.68763965
vt 0.13250640 0.69090033
vt 0.12376238 0.69205958
vt 0.12454720 0.69584334
vt 0.16090073 0.66550386
vt 0.48842153 0.69299185
vt 0.51252675 0.69537520
vt 0.36499134 0.68192136
vt 0.35286123 0.67781216
vt 0.33608931 0.67699701
vt 0.53952116 0.69584334
vt 0.41092083 0.65711546
vt 0.41462263 0.66295600
vt 0.39608619 0.66063356
vt 0.43158418 0.66091543
vt 0.45512220 0.66102362
vt 0.38348204 0.65517032
vt 0.38236645 0.66078246
vt 0.36483938 0.65792930
vt 0.35107911 0.65140897
vt 0.34959653 0.65688443
vt 0.33906630 0.65468758
vt 0.32527310 0.65251112
vt 0.43989915 0.65669018
vt 0.36337599 0.64817733
vt 0.46176010 0.65641117
vt 0.47726750 0.66241163
vt 0.48680022 0.65905374
vt 0.49565777 0.66371697
vt 0.50304973 0.65889847
vt 0.51751530 0.66153514
vt 0.52627903 0.65365374
vt 0.53346807 0.65548044
vt 0.54352474 0.65680331
vt 0.55938178 0.65445268
vt 0.56675315 0.65891320
vt 0.58284509 0.65659267
vt 0.59138995 0.66055530
vt 0.61076015 0.65189308
vt 0.38988608 0.65044218
vt 0.40714303 0.65259415
vt 0.33932596 0.64559090
vt 0.30704388 0.64269555
vt 0.30954617 0.65237468
vt 0.29343113 0.65060508
vt 0.28007117 0.64723396
vt 0.28708610 0.64036620
vt 0.25890580 0.64288378
vt 0.26110908 0.63697100
vt 0.22606902 0.64116812
vt 0.24152555 0.63521427
vt 0.21984142 0.63429254
vt 0.20578019 0.63604861
vt 0.19506887 0.64476657
vt 0.42336980 0.65349990
vt 0.17276673 0.64330196
vt 0.16156468 0.65135878
vt 0.61188769 0.65620846
vt 0.61321551 0.66082364
vt 0.62423855 0.66134560
vt 0.63112700 0.65755683
vt 0.63480580 0.65180546
vt 0.57747042 0.65053838
vt 0.59002149 0.65144151
vt 0.47670159 0.66658837
vt 0.44486856 0.66706634
vt 0.15041244 0.64963055
vt 0.14505102 0.65974504
vt 0.56491852 0.66364533
vt 0.13850105 0.65561050
vt 0.13061690 0.66706634
vt 0.48986351 0.65385848
vt 0.88927555 0.65121257
vt 0.89272046 0.65450078
vt 0.89299315 0.63361907
vt 0.89004177 0.67254555
vt 0.88901597 0.63001883
vt 0.89191878 0.60661840
vt 0.88621998 0.60631096
vt 0.88674414 0.58763212
vt 0.89295381 0.58338475
vt 0.89090496 0.56714630
vt 0.87748128 0.74572462
vt 0.88314432 0.72725910
vt 0.87866277 0.72618389
vt 0.88221580 0.77000099
vt 0.88117290 0.70841491
vt 0.87699926 0.70161217
vt 0.88212043 0.68360382
vt 0.88579977 0.68799490
vt 0.88757569 0.71519786
vt 0.88727397 0.76333606
vt 0.88622665 0.78000629
vt 0.88251418 0.79261416
vt 0.88757527 0.73887074
vt 0.88526982 0.65314937
vt 0.88248271 0.64913321
vt 0.88005704 0.62360764
vt 0.88962400 0.79990929
vt 0.88500249 0.80446315
vt 0.89060622 0.81633306
vt 0.89175999 0.82933652
vt 0.88204503 0.81061423
vt 0.88889724 0.69339722
vt 0.89295381 0.78639507
vt 0.89193177 0.75754905
vt 0.90164286 0.26680470
vt 0.91134673 0.28101528
vt 0.91000098 0.25877258
vt 0.90690881 0.29020026
vt 0.91584158 0.31758222
vt 0.90683210 0.30663410
vt 0.91474128 0.33349565
vt 0.90945983 0.33420983
vt 0.91098464 0.35131896
vt 0.90879267 0.24099541
vt 0.90350962 0.23422199
vt 0.89832443 0.23080820
vt 0.90943974 0.22266950
vt 0.90118146 0.20847067
vt 0.91056782 0.20625597
vt 0.91301352 0.19393097
vt 0.90219212 0.19306985
vt 0.90630794 0.17802705
vt 0.91584158 0.17705835
vt 0.89859027 0.19512729
vt 0.89833599 0.26334792
vt 0.90220410 0.29763585
vt 0.90627027 0.32002485
vt 0.35571077 0.69519407
vt 0.35430962 0.70039755
vt 0.33758643 0.69691485
vt 0.37141144 0.69928938
vt 0.37251377 0.69382650
vt 0.39206129 0.70087838
vt 0.39105207 0.69475257
vt 0.40631536 0.69745058
vt 0.33685043 0.69296569
vt 0.31767079 0.69447583
vt 0.41253963 0.69270116
vt 0.42732716 0.69730633
vt 0.43069959 0.69351071
vt 0.43162549 0.70059973
vt 0.44972610 0.69489527
vt 0.32122469 0.70113915
vt 0.30806983 0.69947171
vt 0.29225454 0.69490880
vt 0.41349137 0.70221364
vt 0.28902212 0.70026898
vt 0.27077502 0.69825119
vt 0.26181439 0.69431287
vt 0.27941316 0.69237906
vt 0.24434195 0.70038611
vt 0.23267215 0.69606924
vt 0.21895394 0.70287663
vt 0.20996659 0.69861454
vt 0.19669032 0.70447487
vt 0.19010076 0.69849992
vt 0.18198231 0.70640707
vt 0.37862569 0.70284683
vt 0.44843128 0.70128703
vt 0.46224108 0.70067173
vt 0.46825120 0.69967937
vt 0.33706686 0.70344108
vt 0.35796174 0.70417541
vt 0.16964750 0.70160800
vt 0.16004942 0.70863307
vt 0.21129046 0.69383639
vt 0.17721047 0.69691998
vt 0.15659972 0.69887179
vt 0.15564129 0.70380014
vt 0.24955030 0.69136530
vt 0.46193492 0.69187623
vt 0.47485608 0.69579864
vt 0.49347430 0.70135808
vt 0.49754521 0.69730526
vt 0.50650442 0.69893223
vt 0.29873610 0.69024777
vt 0.48176768 0.70371991
vt 0.49529290 0.70863307
vt 0.50837034 0.70205116
vt 0.51648438 0.70527530
vt 0.53224522 0.69840145
vt 0.53547114 0.70239198
vt 0.55339950 0.69963509
vt 0.55998540 0.70632130
vt 0.57739532 0.70607793
vt 0.56967753 0.69749701
vt 0.59681177 0.70007986
vt 0.59183079 0.69468611
vt 0.60633504 0.69265884
vt 0.60738766 0.70073569
vt 0.60515332 0.70719999
vt 0.59451348 0.70757663
vt 0.30045158 0.70389289
vt 0.26037821 0.70350695
vt 0.13975628 0.70024669
vt 0.76464248 0.43898845
vt 0.75913244 0.44693664
vt 0.76233304 0.45457715
vt 0.75661451 0.45997605
vt 0.75823629 0.47417408
vt 0.76081878 0.43121246
vt 0.75421661 0.48178303
vt 0.75857520 0.48616692
vt 0.75231248 0.49821392
vt 0.74981189 0.50353360
vt 0.74999672 0.51447034
vt 0.76276785 0.49659130
vt 0.76002055 0.52540493
vt 0.75037456 0.52929115
vt 0.75561607 0.56520212
vt 0.74846727 0.54788828
vt 0.74878383 0.57272601
vt 0.75240529 0.58982205
vt 0.76925194 0.47592703
vt 0.76341236 0.46931878
vt 0.76967841 0.45871213
vt 0.77035135 0.41477591
vt 0.76749879 0.42360765
vt 0.76660168 0.40629923
vt 0.77389187 0.39795780
vt 0.77281654 0.39019555
vt 0.76567560 0.39087602
vt 0.77083409 0.37765563
vt 0.77448386 0.37145075
vt 0.77101010 0.36033711
vt 0.77482116 0.35387573
vt 0.77000326 0.34690568
vt 0.77400357 0.33067432
vt 0.76410764 0.42097679
vt 0.77106982 0.32902959
vt 0.77203101 0.31583583
vt 0.77494287 0.31751332
vt 0.77124852 0.31038293
vt 0.77318960 0.29402223
vt 0.76983762 0.29445478
vt 0.76676112 0.37171492
vt 0.74635613 0.53848016
vt 0.75250292 0.60983902
vt 0.74422944 0.58745170
vt 0.74413395 0.59935904
vt 0.75469911 0.63068044
vt 0.74727809 0.63370341
vt 0.75214857 0.65639323
vt 0.74508685 0.56116915
vt 0.76013052 0.64887190
vt 0.76495624 0.66275311
vt 0.76463735 0.37716252
vt 0.74704260 0.52082497
vt 0.76123530 0.67761457
vt 0.76548064 0.29043651
vt 0.75520724 0.66723514
vt 0.76404434 0.68922371
vt 0.77494287 0.69104719
vt 0.76668161 0.34248123
vt 0.76236516 0.40482515
vt 0.76413828 0.35517767
vt 0.76485378 0.33041370
vt 0.77096009 0.68183404
vt 0.76429105 0.30670846
vt 0.76311696 0.31443569
vt 0.77077919 0.29028711
vt 0.76903570 0.27757466
vt 0.76203918 0.27523148
vt 0.75991982 0.25908610
vt 0.76540291 0.26224700
vt 0.76477212 0.25901023
vt 0.75822991 0.24980016
vt 0.73928970 0.62085807
vt 0.74235326 0.65012407
vt 0.75894201 0.38879815
vt 0.73305410 0.59296465
vt 0.76120889 0.37256956
vt 0.73313344 0.56761146
vt 0.76141071 0.33858654
vt 0.73398000 0.54468679
vt 0.23043704 0.84920275
vt 0.23057102 0.85219157
vt 0.21288146 0.84605390
vt 0.24940298 0.85528892
vt 0.24866216 0.85930067
vt 0.26921070 0.86296785
vt 0.19085069 0.84629452
vt 0.19702883 0.84231132
vt 0.18453714 0.84089947
vt 0.15803073 0.84600639
vt 0.16588032 0.84023005
vt 0.14742139 0.84125715
vt 0.14355727 0.84780574
vt 0.23244841 0.85790253
vt 0.20759223 0.85288763
vt 0.25517428 0.86572999
vt 0.27338687 0.86700320
vt 0.28845203 0.86749953
vt 0.29639083 0.87250131
vt 0.31225482 0.87639761
vt 0.31292972 0.88359451
vt 0.32443255 0.88182598
vt 0.32318443 0.87780088
vt 0.33599064 0.88354367
vt 0.33981392 0.88946527
vt 0.34866828 0.89008790
vt 0.14816134 0.83861476
vt 0.12900341 0.84442687
vt 0.36138615 0.88826555
vt 0.27054366 0.85841298
vt 0.16722806 0.83432084
vt 0.18385184 0.83333331
vt 0.12789623 0.84032488
vt 0.11697884 0.84714288
vt 0.10985938 0.85142499
vt 0.34085587 0.87631553
vt 0.21730134 0.84073561
vt 0.32257655 0.87189108
vt 0.25193754 0.84883893
vt 0.29739907 0.86264658
vt 0.10599633 0.84818280
vt 0.08903663 0.86200953
vt 0.23106822 0.84130108
vt 0.27612880 0.85539663
vt 0.11859154 0.85651964
vt 0.10476520 0.85715169
vt 0.08446535 0.86869520
vt 0.07418275 0.87236381
vt 0.07000288 0.88135916
vt 0.06465116 0.88031137
vt 0.06313931 0.89008790
vt 0.05902513 0.88932216
vt 0.13073608 0.85137933
vt 0.27765259 0.87209833
vt 0.29731098 0.87913477
vt 0.82888120 0.56920004
vt 0.83538210 0.55808479
vt 0.83099276 0.54816246
vt 0.83463359 0.53218490
vt 0.82912320 0.53472114
vt 0.82966357 0.51483220
vt 0.83431739 0.50531673
vt 0.82816237 0.49476942
vt 0.83066493 0.48097658
vt 0.83496505 0.58413833
vt 0.82914311 0.59157705
vt 0.83536905 0.61110270
vt 0.82407892 0.47847664
vt 0.83155274 0.45870340
vt 0.82379407 0.45833465
vt 0.82661200 0.44900340
vt 0.83120519 0.61637038
vt 0.83739525 0.62708998
vt 0.83107573 0.43264934
vt 0.82409316 0.43603960
vt 0.82455188 0.41860706
vt 0.83182758 0.41497412
vt 0.82998061 0.39953619
vt 0.82140136 0.40642080
vt 0.82538962 0.39302588
vt 0.83068466 0.37986749
vt 0.82173288 0.38309157
vt 0.82224250 0.36562961
vt 0.83163500 0.36291471
vt 0.82285702 0.34997284
vt 0.83417159 0.34853381
vt 0.82441872 0.33990550
vt 0.83656698 0.30178007
vt 0.83012050 0.28914529
vt 0.82552952 0.52181357
vt 0.82438272 0.50299758
vt 0.83739525 0.27697840
vt 0.82606280 0.27997571
vt 0.82710147 0.55076963
vt 0.82915634 0.63669068
vt 0.82642829 0.29265741
vt 0.02087882 0.81606621
vt 0.03121762 0.82615930
vt 0.03069541 0.81310749
vt 0.02034993 0.83764982
vt 0.02988166 0.84224582
vt 0.02902573 0.85387403
vt 0.01789794 0.85387176
vt 0.02952713 0.87430066
vt 0.01858792 0.88132495
vt 0.02834889 0.88379318
vt 0.03151730 0.89968026
vt 0.01881287 0.89912838
vt 0.02089795 0.79896080
vt 0.03151730 0.79910737
vt 0.03160701 0.88475919
vt 0.59587115 0.32682770
vt 0.60113889 0.32018304
vt 0.59417081 0.29829630
vt 0.60230535 0.35014239
vt 0.59749776 0.29704306
vt 0.59576404 0.28409812
vt 0.59092957 0.26972157
vt 0.58667064 0.26190716
vt 0.58665186 0.24310184
vt 0.58112258 0.25683156
vt 0.57945532 0.22416402
vt 0.58553511 0.27835760
vt 0.58989710 0.30143797
vt 0.59687531 0.34624684
vt 0.60087126 0.36638108
vt 0.60700637 0.37404785
vt 0.60374677 0.38526079
vt 0.60971135 0.39273280
vt 0.60857469 0.41146708
vt 0.61430198 0.42376602
vt 0.61134344 0.43312001
vt 0.57691813 0.23324797
vt 0.57227141 0.21060461
vt 0.57660133 0.19471216
vt 0.57088667 0.18123782
vt 0.61506826 0.44615129
vt 0.62448692 0.44087654
vt 0.61517769 0.46323633
vt 0.62797081 0.45597249
vt 0.62055236 0.48348245
vt 0.63012028 0.48138633
vt 0.62271577 0.51141465
vt 0.63011146 0.50163788
vt 0.63116974 0.52437758
vt 0.62442631 0.53320128
vt 0.63098735 0.55378819
vt 0.62009382 0.41555911
vt 0.62170464 0.42729902
vt 0.57508069 0.17385443
vt 0.61740428 0.40251008
vt 0.61330247 0.38982072
vt 0.61199826 0.37777370
vt 0.60862499 0.35870785
vt 0.57764381 0.13890848
vt 0.57258213 0.13718218
vt 0.57901675 0.12125143
vt 0.58311796 0.11534974
vt 0.58751565 0.09507357
vt 0.58955270 0.10164464
vt 0.60298377 0.08023450
vt 0.61094213 0.06770173
vt 0.62304717 0.05935779
vt 0.57600343 0.11384720
vt 0.58255106 0.22194786
vt 0.57904780 0.20123617
vt 0.56702209 0.16653250
vt 0.60527194 0.33542952
vt 0.62006712 0.06636376
vt 0.63152391 0.47518820
vt 0.56742609 0.18560164
vt 0.63175935 0.46194577
vt 0.62465250 0.55066335
vt 0.63175935 0.05904171
vt 0.62585479 0.57434052
vt 0.56990749 0.12692210
vt 0.62151539 0.52953553
vt 0.61972767 0.51236963
vt 0.62172467 0.05235811
vt 0.01097094 0.57020175
vt 0.01927609 0.57528543
vt 0.01628442 0.56258333
vt 0.01558609 0.53815490
vt 0.01963424 0.59479237
vt 0.01229442 0.58588272
vt 0.01461910 0.61510491
vt 0.00760692 0.54488051
vt 0.00768902 0.52078909
vt 0.01491557 0.50979453
vt 0.00950556 0.50327784
vt 0.02025148 0.60720319
vt 0.02083890 0.62997085
vt 0.01587963 0.64554244
vt 0.02394805 0.65420496
vt 0.01254218 0.48430234
vt 0.00418888 0.48850343
vt 0.01412946 0.46681786
vt 0.00641575 0.46595871
vt 0.01101875 0.45276830
vt 0.01800229 0.45418319
vt 0.02368335 0.43717799
vt 0.02049757 0.65826803
vt 0.01474300 0.66636771
vt 0.02450162 0.67015958
vt 0.01937232 0.67421573
vt 0.02446968 0.68548411
vt 0.01986241 0.69547760
vt 0.02741724 0.70181054
vt 0.02305085 0.70489752
vt 0.03018717 0.71409589
vt 0.01682455 0.43470556
vt 0.02748742 0.43140560
vt 0.03313024 0.41926458
vt 0.01525966 0.68094838
vt 0.02291486 0.71519661
vt 0.02990293 0.73205692
vt 0.02520858 0.73871750
vt 0.02977946 0.74901938
vt 0.02444561 0.76002413
vt 0.03086693 0.75859964
vt 0.03313024 0.74124253
vt 0.02867716 0.77897680
vt 0.10551205 0.02561517
vt 0.12068480 0.02217138
vt 0.11576549 0.02615556
vt 0.10380458 0.01798561
vt 0.08968702 0.02522912
vt 0.07928608 0.01935967
vt 0.07062391 0.02924440
vt 0.03641131 0.03519615
vt 0.04985232 0.03693183
vt 0.03870848 0.04338517
vt 0.02090647 0.05039974
vt 0.13048428 0.02971643
vt 0.13873142 0.02982191
vt 0.14694896 0.03644368
vt 0.14651711 0.02943654
vt 0.15415250 0.03896684
vt 0.02414644 0.05223129
vt 0.01104341 0.05795364
vt 0.15554497 0.03302469
vt 0.16599414 0.04607658
vt 0.17091314 0.04663759
vt 0.17848366 0.05188132
vt 0.17496265 0.05489125
vt 0.13619229 0.02338858
vt 0.17597681 0.04371916
vt 0.12098131 0.01873840
vt 0.18545316 0.05795363
vt 0.18503329 0.05521107
vt 0.22743413 0.58111262
vt 0.24039723 0.57430357
vt 0.26108935 0.57532179
vt 0.26103649 0.57038462
vt 0.22709468 0.57207757
vt 0.27756661 0.57034075
vt 0.21367300 0.57567835
vt 0.20798889 0.58135784
vt 0.20102164 0.57779294
vt 0.18238427 0.58156353
vt 0.17462488 0.58712482
vt 0.16474262 0.58325350
vt 0.15695792 0.59142560
vt 0.13370955 0.58872765
vt 0.13369121 0.59393436
vt 0.15676455 0.59508324
vt 0.11364586 0.59088498
vt 0.17774655 0.57860899
vt 0.17496611 0.59461832
vt 0.12439039 0.58560926
vt 0.10889745 0.58601868
vt 0.09121899 0.59090745
vt 0.08744564 0.59605348
vt 0.07221693 0.59118456
vt 0.04319794 0.59453052
vt 0.05680012 0.59864771
vt 0.04582141 0.60434633
vt 0.18829980 0.59337395
vt 0.19261603 0.59096009
vt 0.21057561 0.59592050
vt 0.21272101 0.59006190
vt 0.07774619 0.58713984
vt 0.21715330 0.59418714
vt 0.23503062 0.59071314
vt 0.24335124 0.59442711
vt 0.24445203 0.58817673
vt 0.05478147 0.59016782
vt 0.03421281 0.59399855
vt 0.03592455 0.60377795
vt 0.02094440 0.59850717
vt 0.02295973 0.58435935
vt 0.02878132 0.60791367
vt 0.26321584 0.56735963
vt 0.29256436 0.56684500
vt 0.30329302 0.57242012
vt 0.31832069 0.56892765
vt 0.31781572 0.56426740
vt 0.33696243 0.56411082
vt 0.33876285 0.57026511
vt 0.35213450 0.56329733
vt 0.36700261 0.56608748
vt 0.38138530 0.56007481
vt 0.38981944 0.56359500
vt 0.41739875 0.55935407
vt 0.41146225 0.56542903
vt 0.43850660 0.56274390
vt 0.45411047 0.56127614
vt 0.45028323 0.55675459
vt 0.49541777 0.57322270
vt 0.47697785 0.56256312
vt 0.50119597 0.57073861
vt 0.51100093 0.57843417
vt 0.50651699 0.58004898
vt 0.38669071 0.56784010
vt 0.27792260 0.57665050
vt 0.28806910 0.57456362
vt 0.32737884 0.57497007
vt 0.34436345 0.57237095
vt 0.37220341 0.57223064
vt 0.19394425 0.58703780
vt 0.51029927 0.58379430
vt 0.52187586 0.59051472
vt 0.52558523 0.58721405
vt 0.54188883 0.60791367
vt 0.21043551 0.58624119
vt 0.47887737 0.57382667
vt 0.82140136 0.41047162
vt 0.81818163 0.44132715
vt 0.82004398 0.44079113
vt 0.81519920 0.45848462
vt 0.81947714 0.45841026
vt 0.82005340 0.47662520
vt 0.81598437 0.47219080
vt 0.82140136 0.48880896
vt 0.81632739 0.42296979
vt 0.81454682 0.44314662
vt 0.71176207 0.48302206
vt 0.70388067 0.49846846
vt 0.70678478 0.49932417
vt 0.70943731 0.47066054
vt 0.70179433 0.52771157
vt 0.71623546 0.44983417
vt 0.69972694 0.52068383
vt 0.69826567 0.53354549
vt 0.69506365 0.55579782
vt 0.70012224 0.54775876
vt 0.69774532 0.56744480
vt 0.69345248 0.56843060
vt 0.69345009 0.60223639
vt 0.69643134 0.60610372
vt 0.70130551 0.59363508
vt 0.70115823 0.61790866
vt 0.69744676 0.62577146
vt 0.70473021 0.63044077
vt 0.70662552 0.64585388
vt 0.71347302 0.65624660
vt 0.71132785 0.64318895
vt 0.71851319 0.65427202
vt 0.72647768 0.66504854
vt 0.71969163 0.66576993
vt 0.72755861 0.67152506
vt 0.73509485 0.67269015
vt 0.73620754 0.67792600
vt 0.74624240 0.68163162
vt 0.74089426 0.68417668
vt 0.72863060 0.67720872
vt 0.74824083 0.68927300
vt 0.75742573 0.68972051
vt 0.71456009 0.44535157
vt 0.72145659 0.44080538
vt 0.72120225 0.42707866
vt 0.72883451 0.41914052
vt 0.71674228 0.46626887
vt 0.72564155 0.41027158
vt 0.72635919 0.40020102
vt 0.73365790 0.39392874
vt 0.73369402 0.38169432
vt 0.73201925 0.37148416
vt 0.73780882 0.36182544
vt 0.73738593 0.34648010
vt 0.74019855 0.36673561
vt 0.74542880 0.34008327
vt 0.74177587 0.34051338
vt 0.74814934 0.30655831
vt 0.74273306 0.31239238
vt 0.74646866 0.28884822
vt 0.75286347 0.28093043
vt 0.75137603 0.31342861
vt 0.74835527 0.26799142
vt 0.75519085 0.26534045
vt 0.75351584 0.25139889
vt 0.71072996 0.49842539
vt 0.70731014 0.51756853
vt 0.70390695 0.53394020
vt 0.75653011 0.69264591
vt 0.75742573 0.26876721
vt 0.75568944 0.28550577
vt 0.77271736 0.54138887
vt 0.77091277 0.52264684
vt 0.76694041 0.53651464
vt 0.76888722 0.55729634
vt 0.77112079 0.56486678
vt 0.77002943 0.58722204
vt 0.77315378 0.58679444
vt 0.77162027 0.60212237
vt 0.77620292 0.52375519
vt 0.76900256 0.48800072
vt 0.77473348 0.49549496
vt 0.77331585 0.46181419
vt 0.77958131 0.47128546
vt 0.77652341 0.44577160
vt 0.77474535 0.42950034
vt 0.78238487 0.42486012
vt 0.77701902 0.60173082
vt 0.78054118 0.45391110
vt 0.78255904 0.44319090
vt 0.77932096 0.61655098
vt 0.77822769 0.62202781
vt 0.78200233 0.63418728
vt 0.77976757 0.63633764
vt 0.78255904 0.64743525
vt 0.78053951 0.65667468
vt 0.77960002 0.48812556
vt 0.77850163 0.51537567
vt 0.76504189 0.51291591
vt 0.77673638 0.54338938
vt 0.77593327 0.57302052
vt 0.21100496 0.89522219
vt 0.19618726 0.89168668
vt 0.22494267 0.89202046
vt 0.23715472 0.89732784
vt 0.18943393 0.90144342
vt 0.16646692 0.89575851
vt 0.22252396 0.90230852
vt 0.16155243 0.90339893
vt 0.14313288 0.89872485
vt 0.14135988 0.90776420
vt 0.12676735 0.90395182
vt 0.23973057 0.90682679
vt 0.12955900 0.91030240
vt 0.11301240 0.91029286
vt 0.19360811 0.90436655
vt 0.15232153 0.90867376
vt 0.16805674 0.90615672
vt 0.11270734 0.90265727
vt 0.09238839 0.90972632
vt 0.09984706 0.91313004
vt 0.07129379 0.91726619
vt 0.07180873 0.91259933
vt 0.05140899 0.91701919
vt 0.26036182 0.91139132
vt 0.25046831 0.90191704
vt 0.22165693 0.90544313
vt 0.25969094 0.91393441
vt 0.27151561 0.91726619
vt 0.07730389 0.73696226
vt 0.07044935 0.72702509
vt 0.07268219 0.71406591
vt 0.07507887 0.75899279
vt 0.07730389 0.70703435
vt 0.95015132 0.22372663
vt 0.96230006 0.22127047
vt 0.95121390 0.20165361
vt 0.96122020 0.20103180
vt 0.95969021 0.18592720
vt 0.95020217 0.19064385
vt 0.95322013 0.17746033
vt 0.96008730 0.24149987
vt 0.94902265 0.24420464
vt 0.94859099 0.17121296
vt 0.95044178 0.14907099
vt 0.95989197 0.15453957
vt 0.95952249 0.16850695
vt 0.96230006 0.14114693
vt 0.95114297 0.13754493
vt 0.95225352 0.12270184
vt 0.59800953 0.71998465
vt 0.61530042 0.72499150
vt 0.58535749 0.72027099
vt 0.62074620 0.71982414
vt 0.63587141 0.72281873
vt 0.59613872 0.73064226
vt 0.57285345 0.73075253
vt 0.56756455 0.72284305
vt 0.54830587 0.73169440
vt 0.54256630 0.72378510
vt 0.52613211 0.73181456
vt 0.52349842 0.72180861
vt 0.50304645 0.72250009
vt 0.62031877 0.72939247
vt 0.64195126 0.72911179
vt 0.65870100 0.72278708
vt 0.66247398 0.72830343
vt 0.67746121 0.72445971
vt 0.67738777 0.73181456
vt 0.69119006 0.73062837
vt 0.68921185 0.72376949
vt 0.70182121 0.72619396
vt 0.54444999 0.72061479
vt 0.71399677 0.72898054
vt 0.71496975 0.72194999
vt 0.72639704 0.72271824
vt 0.73121160 0.72639841
vt 0.73979759 0.72197795
vt 0.74471903 0.72696555
vt 0.75286156 0.72377503
vt 0.70208937 0.72301656
vt 0.72868091 0.73077172
vt 0.57066256 0.72002894
vt 0.76732671 0.72852677
vt 0.75468254 0.71982521
vt 0.30618596 0.47318429
vt 0.32246783 0.47495329
vt 0.29929379 0.48055726
vt 0.29300609 0.47651854
vt 0.28233597 0.48026642
vt 0.32147765 0.47150683
vt 0.33758608 0.46837544
vt 0.34500128 0.47149229
vt 0.35352719 0.46337306
vt 0.36843127 0.46677566
vt 0.37352794 0.46129239
vt 0.38945726 0.46243694
vt 0.38877985 0.45765808
vt 0.40915468 0.45769262
vt 0.27843800 0.48521441
vt 0.27451456 0.47811735
vt 0.26070464 0.48538104
vt 0.25862068 0.49092910
vt 0.39266208 0.45447496
vt 0.40571138 0.45216551
vt 0.42178324 0.44973484
vt 0.43248549 0.45495760
vt 0.44647723 0.45500505
vt 0.45854095 0.45214409
vt 0.46814129 0.45865241
vt 0.43599021 0.44724220
vt 0.47207928 0.45072412
vt 0.48400080 0.46149892
vt 0.48652932 0.45574743
vt 0.50184262 0.46524367
vt 0.49533734 0.46758649
vt 0.51603395 0.47746193
vt 0.36990803 0.45885095
vt 0.50754261 0.47641495
vt 0.52037364 0.48782906
vt 0.50568080 0.46565664
vt 0.25743937 0.47975156
vt 0.33972114 0.46556705
vt 0.52657956 0.48951742
vt 0.53281999 0.50261980
vt 0.53833997 0.50177711
vt 0.54436296 0.51337022
vt 0.32291016 0.46727380
vt 0.24155632 0.48465872
vt 0.24322835 0.49076822
vt 0.22936735 0.49001291
vt 0.22263801 0.48796368
vt 0.19878118 0.49273300
vt 0.20235425 0.49624789
vt 0.16710326 0.49586231
vt 0.17980663 0.49907941
vt 0.15634198 0.50202966
vt 0.14271818 0.49985686
vt 0.19260170 0.50229692
vt 0.13032128 0.50238401
vt 0.12817803 0.50760716
vt 0.11108714 0.50413966
vt 0.10072458 0.51075524
vt 0.15440635 0.51193404
vt 0.17725331 0.50957078
vt 0.09483238 0.50606722
vt 0.08076721 0.50637728
vt 0.11779887 0.51287788
vt 0.08830663 0.51930654
vt 0.07891430 0.51584315
vt 0.07199562 0.51168180
vt 0.06591297 0.52119458
vt 0.04668779 0.51938206
vt 0.05032792 0.50960088
vt 0.03846154 0.51112658
vt 0.05466335 0.52318144
vt 0.20774764 0.50248581
vt 0.22981587 0.49490321
vt 0.52533776 0.48295701
vt 0.53549659 0.49203908
vt 0.54656661 0.50792760
vt 0.54950494 0.52318144
vt 0.54552257 0.52000207
vt 0.48302093 0.46324274
vt 0.43310663 0.95257789
vt 0.40119228 0.95125335
vt 0.43494439 0.94815367
vt 0.39865473 0.94669235
vt 0.37912953 0.95134646
vt 0.45686278 0.95279264
vt 0.46824875 0.94486326
vt 0.37648538 0.94470704
vt 0.48418617 0.95323741
vt 0.49907410 0.94762862
vt 0.35981071 0.95125937
vt 0.35567692 0.94450533
vt 0.34082255 0.94758588
vt 0.50987935 0.95256519
vt 0.34393141 0.95323741
vt 0.52817976 0.95227772
vt 0.42129821 0.94374776
vt 0.43903151 0.94467491
vt 0.39365053 0.94284570
vt 0.34513947 0.37190199
vt 0.38467622 0.37184882
vt 0.37588912 0.37740719
vt 0.40170020 0.38323897
vt 0.40918991 0.37695873
vt 0.42565918 0.38211805
vt 0.42676455 0.38992295
vt 0.45872888 0.38873100
vt 0.45992374 0.39780489
vt 0.48506489 0.39730531
vt 0.50304645 0.39399922
vt 0.34558237 0.37918308
vt 0.32077765 0.37052384
vt 0.31784257 0.37615827
vt 0.37135738 0.38152072
vt 0.29725274 0.37028921
vt 0.39922822 0.38784060
vt 0.27407125 0.36916512
vt 0.27683052 0.36462051
vt 0.24925466 0.36520711
vt 0.27796796 0.36088935
vt 0.25229982 0.35947105
vt 0.27322829 0.35369438
vt 0.24621238 0.35110518
vt 0.29110074 0.35140336
vt 0.30888870 0.35354728
vt 0.23544040 0.35155141
vt 0.23479046 0.36667219
vt 0.27523100 0.34859002
vt 0.30278218 0.36327645
vt 0.32679927 0.35558701
vt 0.24871852 0.37625849
vt 0.23474562 0.37756270
vt 0.24534093 0.39082873
vt 0.24746844 0.38586220
vt 0.26634881 0.39535236
vt 0.25517675 0.38493782
vt 0.28188336 0.39446986
vt 0.23431996 0.39558417
vt 0.28446782 0.39862889
vt 0.30987847 0.39836779
vt 0.25938955 0.37780207
vt 0.23017859 0.37773314
vt 0.23016848 0.38803047
vt 0.22991778 0.40087929
vt 0.20271003 0.38876751
vt 0.14626119 0.40087929
vt 0.13833426 0.38702306
vt 0.08661981 0.39430290
vt 0.07668745 0.38688996
vt 0.01588307 0.39814728
vt 0.01374956 0.38876468
vt 0.34562361 0.32971543
vt 0.36841819 0.32641178
vt 0.36694461 0.33095464
vt 0.38242492 0.32443321
vt 0.35633421 0.32465801
vt 0.32540476 0.32796550
vt 0.32952040 0.33232617
vt 0.29422846 0.33120641
vt 0.30713809 0.32729632
vt 0.36946639 0.32186517
vt 0.32704425 0.32340699
vt 0.38213134 0.31817248
vt 0.40051568 0.31683564
vt 0.28652287 0.33750901
vt 0.31566289 0.33547235
vt 0.26583731 0.33822384
vt 0.26398778 0.33265761
vt 0.24897379 0.33632413
vt 0.25411516 0.34324148
vt 0.23465608 0.33651996
vt 0.26292762 0.32914713
vt 0.23598085 0.32570454
vt 0.28469044 0.32637590
vt 0.23030205 0.32738206
vt 0.22982651 0.33873990
vt 0.21263225 0.32584381
vt 0.15887791 0.33857536
vt 0.07203595 0.33758515
vt 0.12528536 0.32821119
vt 0.20048784 0.35133106
vt 0.08096512 0.35073268
vt 0.01499038 0.33675012
vt 0.01399427 0.35001433
vt 0.23019458 0.35152811
vt 0.09250218 0.36221600
vt 0.01556719 0.36300662
vt 0.21077727 0.36426374
vt 0.23015660 0.36389190
vt 0.16331865 0.36259672
vt 0.01556945 0.32792112
vt 0.01051715 0.36295938
vt 0.05651580 0.32136354
vt 0.15662332 0.32407081
vt 0.08384017 0.37099782
vt 0.13565806 0.37713739
vt 0.01046261 0.33652928
vt 0.06546846 0.37736636
vt 0.01384298 0.37552541
vt 0.20089640 0.37781817
vt 0.20887895 0.31603268
vt 0.23052011 0.31380188
vt 0.01618010 0.31480506
vt 0.15377609 0.31646970
vt 0.01070450 0.31869891
vt 0.07875849 0.31102788
vt 0.16770779 0.30859479
vt 0.20862162 0.30022138
vt 0.23473951 0.31185591
vt 0.23069718 0.30030635
vt 0.01611078 0.30114260
vt 0.08807317 0.29969695
vt 0.17392494 0.29936051
vt 0.01028180 0.30367783
vt 0.23550008 0.30030295
vt 0.30549380 0.32078964
vt 0.21278669 0.99231476
vt 0.19119525 0.99181795
vt 0.20144010 0.98515445
vt 0.23004612 0.99417144
vt 0.23187301 0.98676139
vt 0.25095201 0.99880093
vt 0.21600276 0.98099291
vt 0.24070780 0.98536992
vt 0.20241968 0.98041564
vt 0.18860914 0.98463506
vt 0.18156143 0.98480600
vt 0.17179327 0.99588579
vt 0.17071430 0.98539340
vt 0.14766942 0.99880093
vt 0.15514569 0.98832780
vt 0.13463883 0.99655998
vt 0.13442498 0.98553562
vt 0.14076239 0.98529243
vt 0.86112529 0.21958236
vt 0.86316448 0.22968945
vt 0.86853391 0.22378215
vt 0.86709714 0.20324308
vt 0.85753083 0.23507337
vt 0.86708868 0.24181487
vt 0.87401974 0.23854391
vt 0.87180477 0.25969753
vt 0.86398065 0.27117613
vt 0.85363406 0.21222357
vt 0.85884517 0.20959978
vt 0.85706782 0.18784362
vt 0.86754328 0.27949807
vt 0.86304224 0.17939022
vt 0.86010027 0.15965606
vt 0.85300970 0.16438544
vt 0.85363752 0.15361255
vt 0.86531013 0.13751329
vt 0.86867017 0.19074979
vt 0.86847150 0.17261155
vt 0.86925292 0.15635653
vt 0.84969091 0.24128856
vt 0.85697591 0.24240185
vt 0.87422985 0.13503246
vt 0.86890101 0.13149481
vt 0.86095876 0.13333872
vt 0.87771344 0.13154452
vt 0.86362076 0.28756657
vt 0.86762875 0.29601860
vt 0.85266846 0.18577275
vt 0.87363833 0.28118891
vt 0.85354972 0.24459663
vt 0.84907943 0.25603515
vt 0.84348822 0.24874300
vt 0.84508878 0.26344299
vt 0.84758902 0.21395862
vt 0.86681116 0.31541941
vt 0.87087256 0.31518409
vt 0.86761862 0.33838555
vt 0.87396449 0.35185707
vt 0.86761951 0.36233270
vt 0.86945421 0.37183982
vt 0.87566179 0.37490731
vt 0.87290704 0.39223957
vt 0.86620498 0.39305410
vt 0.87636268 0.41509429
vt 0.87695426 0.43487325
vt 0.87184662 0.44699436
vt 0.87727910 0.44878080
vt 0.87201202 0.46836144
vt 0.87511498 0.14373669
vt 0.87776083 0.13381425
vt 0.87265164 0.16491868
vt 0.87771344 0.46717206
vt 0.87695295 0.48800960
vt 0.86165851 0.23854671
vt 0.87423253 0.21207845
vt 0.84941816 0.26270419
vt 0.87561518 0.26113781
vt 0.68272227 0.92877495
vt 0.65546483 0.92738962
vt 0.66916376 0.92230153
vt 0.63744652 0.92286307
vt 0.65001863 0.91726619
vt 0.69481903 0.92378128
vt 0.70721531 0.93119627
vt 0.71746308 0.92837489
vt 0.73563147 0.93794918
vt 0.73526418 0.93177891
vt 0.75133896 0.93913668
vt 0.74770558 0.93244809
vt 0.77113843 0.93974608
vt 0.76818478 0.94393760
vt 0.78877515 0.94386619
vt 0.67042518 0.91827750
vt 0.62347555 0.91795945
vt 0.61137080 0.92421329
vt 0.61274469 0.92843360
vt 0.72083503 0.93887508
vt 0.59380788 0.93266928
vt 0.69135493 0.93193024
vt 0.74537265 0.94319135
vt 0.78045446 0.94910097
vt 0.80569327 0.94881469
vt 0.70375693 0.93734366
vt 0.66982162 0.93172842
vt 0.59955120 0.92146862
vt 0.58966994 0.92760038
vt 0.57139349 0.93878549
vt 0.59910780 0.93451422
vt 0.58078998 0.93944269
vt 0.56435263 0.94572538
vt 0.81447834 0.95483613
vt 0.82901752 0.95174152
vt 0.76784784 0.94914871
vt 0.64145625 0.93309188
vt 0.60931468 0.93442357
vt 0.72114462 0.94408089
vt 0.69594622 0.94036502
vt 0.56997746 0.94855970
vt 0.55445838 0.95158190
vt 0.54950494 0.95483613
vt 0.66537011 0.93803895
vt 0.58222669 0.94227731
vt 0.60315722 0.93948513
vt 0.63519627 0.93661964
vt 0.26542270 0.58631653
vt 0.28827748 0.58654934
vt 0.27408698 0.59201890
vt 0.30587426 0.59151423
vt 0.31075323 0.58533311
vt 0.32542536 0.59055132
vt 0.32129714 0.58518887
vt 0.33858916 0.58379674
vt 0.34492463 0.58834648
vt 0.35749418 0.58283228
vt 0.36653197 0.58652824
vt 0.37968206 0.58071911
vt 0.38328975 0.58434671
vt 0.40108687 0.58725351
vt 0.41175726 0.58279222
vt 0.42151549 0.58585304
vt 0.43789837 0.58021617
vt 0.44236729 0.58275920
vt 0.43938446 0.58931112
vt 0.46390483 0.58642179
vt 0.46047935 0.57993603
vt 0.41814554 0.59210998
vt 0.40160346 0.59285635
vt 0.38540104 0.59352517
vt 0.36307716 0.59321445
vt 0.46360859 0.59260958
vt 0.47447768 0.58075583
vt 0.48172125 0.59352517
vt 0.27693075 0.20752952
vt 0.27434531 0.20389998
vt 0.29955766 0.20500694
vt 0.26276389 0.20851175
vt 0.29178372 0.21075940
vt 0.31815392 0.20819938
vt 0.24859606 0.20464471
vt 0.24963084 0.20088595
vt 0.23257630 0.20255068
vt 0.23812139 0.20815389
vt 0.21488389 0.20521413
vt 0.22075731 0.20023981
vt 0.20047137 0.20132262
vt 0.19463171 0.20365529
vt 0.17792863 0.20466825
vt 0.31293979 0.21276139
vt 0.33636534 0.20928097
vt 0.34011698 0.21478422
vt 0.34721258 0.21048628
vt 0.36966333 0.21332671
vt 0.18797986 0.20940782
vt 0.15519065 0.20986706
vt 0.15947203 0.20385183
vt 0.15120147 0.21490605
vt 0.12249713 0.21596046
vt 0.14009744 0.21059464
vt 0.12441409 0.20922005
vt 0.11437824 0.21185456
vt 0.10175146 0.21872732
vt 0.09216853 0.21398026
vt 0.37357196 0.21922484
vt 0.30557135 0.21707256
vt 0.21729015 0.21147774
vt 0.26162568 0.21365586
vt 0.24266714 0.21170044
vt 0.27653143 0.21574806
vt 0.08796649 0.21926580
vt 0.34109697 0.22022381
vt 0.13794667 0.21972278
vt 0.12509646 0.22022381
vt 0.14019704 0.20611858
vt 0.15465336 0.97472346
vt 0.16772267 0.96797848
vt 0.17829232 0.97081590
vt 0.13395153 0.97423363
vt 0.13575934 0.97812247
vt 0.11479065 0.98013842
vt 0.19829981 0.96693408
vt 0.11074204 0.97514701
vt 0.17310400 0.96455932
vt 0.19090675 0.96156454
vt 0.21472289 0.96475065
vt 0.15355565 0.96743375
vt 0.10151438 0.98049897
vt 0.21155998 0.95738471
vt 0.22481640 0.95643485
vt 0.23760699 0.96191877
vt 0.25711831 0.95826697
vt 0.26609769 0.96814162
vt 0.27269346 0.96629930
vt 0.28404960 0.97391677
vt 0.09369452 0.98565793
vt 0.08563189 0.98359752
vt 0.07491347 0.99013495
vt 0.28051805 0.96492308
vt 0.29415143 0.97661805
vt 0.07385480 0.98444855
vt 0.06664128 0.98879170
vt 0.06799547 0.99320543
vt 0.29921857 0.98189884
vt 0.13176082 0.97051102
vt 0.29838875 0.97349238
vt 0.31035796 0.99320543
vt 0.24742582 0.96681017
vt 0.23384993 0.96476644
vt 0.47071689 0.02119624
vt 0.46749926 0.01840494
vt 0.48568055 0.01786862
vt 0.49001712 0.02345168
vt 0.49715886 0.01803751
vt 0.51045918 0.02183368
vt 0.45192894 0.01916806
vt 0.44977909 0.02275551
vt 0.43154529 0.01957361
vt 0.42756847 0.02420972
vt 0.41852540 0.01939205
vt 0.40645221 0.02246151
vt 0.51191902 0.02614331
vt 0.52657974 0.02182181
vt 0.53681487 0.02563974
vt 0.54574883 0.02019574
vt 0.55350673 0.02587667
vt 0.56882519 0.01809502
vt 0.40595520 0.01699406
vt 0.39247391 0.02390103
vt 0.39601845 0.01734867
vt 0.38410160 0.02005568
vt 0.36971986 0.02335469
vt 0.36952072 0.01907488
vt 0.35669151 0.02214929
vt 0.57056814 0.02595066
vt 0.58851796 0.01967586
vt 0.58478868 0.02584134
vt 0.60691404 0.02774599
vt 0.60839677 0.01860219
vt 0.62651330 0.02501391
vt 0.62085277 0.02774591
vt 0.63769400 0.02917666
vt 0.51230204 0.01680545
vt 0.53695977 0.01623425
vt 0.43057457 0.01523132
vt 0.35432139 0.01432652
vt 0.39339110 0.01452007
vt 0.34354335 0.01539333
vt 0.34108290 0.01988773
vt 0.34194604 0.02457802
vt 0.64927649 0.02700884
vt 0.33761603 0.01478771
vt 0.59456813 0.02863316
vt 0.47312462 0.01318945
vt 0.45142308 0.01445330
vt 0.32102057 0.01622248
vt 0.33937323 0.02917666
vt 0.43564114 0.25752991
vt 0.42617276 0.26598504
vt 0.41472882 0.25863007
vt 0.44832870 0.26382092
vt 0.45540148 0.25769189
vt 0.40303564 0.26658672
vt 0.39313000 0.25800890
vt 0.38790122 0.26574263
vt 0.47727558 0.25993323
vt 0.47206226 0.25642288
vt 0.36961171 0.26592889
vt 0.37368977 0.25713477
vt 0.36344856 0.26235214
vt 0.34913933 0.26654667
vt 0.35593793 0.25688615
vt 0.33508381 0.25707915
vt 0.33377352 0.26602796
vt 0.32117546 0.26418656
vt 0.32182938 0.25594836
vt 0.30654988 0.26211372
vt 0.47988898 0.25462669
vt 0.49125436 0.25909671
vt 0.48940107 0.24971212
vt 0.51459128 0.25773689
vt 0.51768339 0.25503710
vt 0.53062326 0.26213393
vt 0.53708816 0.25750083
vt 0.54341972 0.26154882
vt 0.55787194 0.25952077
vt 0.55879223 0.26334929
vt 0.57463825 0.26233807
vt 0.47679549 0.25040406
vt 0.46086228 0.25420126
vt 0.49644145 0.24774468
vt 0.48331538 0.24243732
vt 0.46884066 0.23860911
vt 0.44524166 0.25384867
vt 0.51207530 0.26239035
vt 0.54768300 0.26654667
vt 0.09012093 0.48378822
vt 0.10736700 0.47927684
vt 0.10139387 0.48600748
vt 0.12944980 0.48608261
vt 0.13062519 0.47930792
vt 0.07954187 0.48812562
vt 0.06427453 0.48521948
vt 0.15237480 0.48237678
vt 0.06368606 0.49120703
vt 0.15240029 0.49120703
vt 0.06035137 0.48036596
vt 0.04629710 0.48562238
vt 0.08482030 0.47743359
vt 0.16499549 0.48650104
vt 0.17973290 0.48284665
vt 0.18316832 0.48695737
vt 0.11150032 0.47442046
vt 0.16806923 0.47754911
vt 0.04074638 0.47966617
vt 0.97994125 0.33406657
vt 0.98561674 0.32542568
vt 0.98191470 0.31497753
vt 0.98368853 0.34881863
vt 0.98865509 0.31089810
vt 0.98279506 0.29655153
vt 0.98891920 0.28698581
vt 0.98396879 0.26767507
vt 0.98893845 0.27025342
vt 0.98211628 0.24018754
vt 0.98971820 0.24327408
vt 0.98193014 0.21462829
vt 0.98788017 0.34173852
vt 0.98663658 0.37133902
vt 0.97829539 0.22105980
vt 0.98971820 0.32800865
vt 0.97601509 0.21899651
vt 0.97766328 0.34736982
vt 0.97942662 0.36759573
vt 0.98445451 0.36877358
vt 0.97943604 0.37970424
vt 0.98122472 0.39688250
vt 0.97524750 0.24713869
vt 0.97707736 0.12116796
vt 0.97022170 0.12037408
vt 0.96991622 0.15194295
vt 0.97330034 0.10506347
vt 0.98468792 0.09024499
vt 0.97914678 0.15463045
vt 0.97701824 0.07961470
vt 0.98552042 0.06969241
vt 0.97828078 0.05475619
vt 0.97019130 0.18092333
vt 0.97773421 0.17687072
vt 0.97970128 0.13101812
vt 0.98157555 0.20263790
vt 0.98315996 0.10655919
vt 0.98819500 0.06723314
vt 0.98175669 0.13089192
vt 0.98819500 0.17116264
vt 0.90652835 0.53780717
vt 0.89981961 0.51561564
vt 0.90011060 0.54121524
vt 0.90746385 0.51874506
vt 0.89905661 0.50391859
vt 0.90413880 0.49706367
vt 0.89507133 0.49016345
vt 0.90564233 0.48444048
vt 0.89706665 0.47602338
vt 0.90449053 0.46415055
vt 0.89582384 0.46279979
vt 0.89654016 0.45054910
vt 0.90397406 0.45274124
vt 0.90713942 0.43888611
vt 0.89750642 0.43545699
vt 0.90746385 0.43284026
vt 0.89215130 0.49146074
vt 0.89019883 0.51536757
vt 0.89039183 0.47731268
vt 0.89046359 0.46192279
vt 0.88842344 0.44567588
vt 0.89094949 0.43248838
vt 0.89293706 0.53161931
vt 0.89389038 0.56046849
vt 0.89036936 0.53533608
vt 0.89375663 0.42486012
vt 0.90007025 0.56956315
vt 0.90331203 0.59032774
vt 0.68341869 0.50676113
vt 0.67907226 0.49863672
vt 0.67727095 0.52653027
vt 0.68857217 0.49196076
vt 0.68645853 0.47027129
vt 0.68274254 0.52750736
vt 0.68110889 0.54243988
vt 0.67505884 0.54909366
vt 0.67967021 0.55700701
vt 0.67753088 0.57710719
vt 0.67246741 0.56923878
vt 0.66984004 0.59315538
vt 0.67733657 0.58693540
vt 0.67206055 0.60557669
vt 0.67684358 0.60762769
vt 0.69199085 0.47438827
vt 0.69244945 0.45770463
vt 0.68760633 0.44940433
vt 0.69376546 0.43298042
vt 0.68167573 0.62548941
vt 0.67172831 0.62283248
vt 0.68713564 0.50795549
vt 0.69739228 0.44431511
vt 0.68047500 0.63835049
vt 0.68602329 0.64050168
vt 0.68869400 0.65237558
vt 0.69477570 0.48285440
vt 0.68682802 0.52655071
vt 0.69791013 0.46187180
vt 0.70376843 0.44214204
vt 0.70639753 0.41818485
vt 0.70057297 0.41240007
vt 0.70582539 0.39688250
vt 0.69634515 0.49600032
vt 0.70249051 0.46038389
vt 0.68793678 0.63213354
vt 0.69672799 0.65603679
vt 0.68485153 0.60941255
vt 0.68252945 0.57178855
vt 0.68490207 0.54641563
vt 0.68622220 0.57106280
vt 0.68467873 0.59403485
vt 0.68916368 0.54408240
vt 0.69847947 0.66502684
vt 0.70639753 0.67905676
vt 0.69405282 0.63496751
vt 0.68629438 0.94956517
vt 0.71162760 0.95218807
vt 0.70735449 0.95450854
vt 0.73150581 0.95902431
vt 0.69928026 0.94277418
vt 0.67647564 0.94044763
vt 0.71701449 0.94864315
vt 0.66797560 0.94757396
vt 0.65268111 0.94477409
vt 0.63765514 0.95296085
vt 0.62958533 0.95216823
vt 0.61436278 0.96279091
vt 0.63353539 0.96154600
vt 0.61003703 0.97069514
vt 0.65558529 0.95451969
vt 0.67581344 0.94974917
vt 0.72825640 0.96063548
vt 0.73996997 0.96676135
vt 0.74936080 0.96638054
vt 0.75229472 0.97234547
vt 0.60579091 0.96451783
vt 0.58834732 0.97641885
vt 0.75285608 0.97641885
vt 0.80711925 0.56528568
vt 0.80693072 0.54176182
vt 0.81005466 0.55048704
vt 0.81116205 0.53054899
vt 0.80852902 0.51029843
vt 0.81242341 0.50996834
vt 0.81168699 0.49360511
vt 0.81083155 0.56925189
vt 0.80817473 0.57950556
vt 0.81289911 0.58155799
vt 0.81218016 0.59706932
vt 0.80892837 0.59483492
vt 0.80802935 0.61430854
vt 0.81607008 0.52330202
vt 0.81371212 0.54802513
vt 0.81607008 0.56407785
vt 0.88168049 0.53833669
vt 0.87166792 0.52521932
vt 0.87608522 0.51199043
vt 0.87211668 0.54479825
vt 0.87976128 0.55561537
vt 0.87196183 0.55644965
vt 0.87278551 0.56850672
vt 0.88233054 0.57298851
vt 0.87703884 0.58144903
vt 0.88067734 0.59112710
vt 0.88233054 0.52160168
vt 0.52523106 0.78137487
vt 0.51091075 0.78756231
vt 0.49444133 0.78280288
vt 0.49772817 0.79197377
vt 0.47916609 0.79467893
vt 0.47164521 0.78670526
vt 0.46356714 0.79756522
vt 0.45327744 0.79203516
vt 0.44335172 0.80299038
vt 0.44935429 0.80286461
vt 0.52440345 0.79082769
vt 0.43671718 0.80886704
vt 0.57183319 0.80040288
vt 0.55734879 0.80283475
vt 0.55125898 0.79650652
vt 0.53513205 0.80018878
vt 0.53613764 0.79420906
vt 0.52468097 0.79457974
vt 0.51744443 0.79909813
vt 0.58360821 0.80671793
vt 0.59054172 0.80376107
vt 0.48884919 0.79447627
vt 0.50222588 0.80035585
vt 0.48487458 0.80196750
vt 0.46466282 0.80001402
vt 0.46518695 0.80516678
vt 0.60610837 0.80814898
vt 0.45001858 0.80790704
vt 0.43752763 0.81339413
vt 0.41813201 0.82154942
vt 0.42665675 0.82002699
vt 0.41670376 0.82625395
vt 0.61318409 0.81608158
vt 0.41388440 0.82170504
vt 0.40333518 0.83076280
vt 0.63060880 0.81244618
vt 0.63738006 0.81618643
vt 0.65430367 0.81806475
vt 0.65885967 0.82333392
vt 0.67136002 0.82309532
vt 0.67754334 0.82928395
vt 0.69780654 0.82930249
vt 0.40638128 0.83524233
vt 0.39926568 0.83893216
vt 0.39712784 0.83865976
vt 0.39561957 0.84692246
vt 0.39261234 0.84488815
vt 0.42555606 0.81504279
vt 0.63631815 0.81981659
vt 0.68632007 0.82399070
vt 0.70180809 0.82698226
vt 0.72518396 0.83373809
vt 0.72066844 0.83803171
vt 0.74828231 0.84259713
vt 0.74665427 0.83467954
vt 0.76580352 0.84192002
vt 0.75477552 0.84692246
vt 0.73638260 0.84567690
vt 0.91525066 0.65853667
vt 0.91628456 0.63413066
vt 0.91030240 0.64912844
vt 0.91154683 0.67520404
vt 0.91470075 0.62399685
vt 0.90855509 0.66787881
vt 0.90709257 0.68502063
vt 0.91078770 0.69783390
vt 0.90424770 0.69875056
vt 0.90842998 0.70395303
vt 0.90956569 0.71721309
vt 0.90450150 0.71859056
vt 0.90673929 0.73291123
vt 0.91001761 0.62678790
vt 0.91382664 0.61314768
vt 0.91964966 0.61144060
vt 0.91853863 0.59192646
vt 0.90213251 0.70454913
vt 0.91463500 0.71966290
vt 0.91322458 0.73628354
vt 0.91163886 0.75603455
vt 0.90643102 0.75456178
vt 0.90883023 0.77051318
vt 0.90393317 0.77368259
vt 0.91506982 0.77374017
vt 0.90696186 0.79837334
vt 0.90988266 0.79805553
vt 0.90773445 0.81586516
vt 0.91069239 0.81827849
vt 0.91166407 0.83266747
vt 0.91424531 0.78786540
vt 0.91674519 0.81701952
vt 0.91964966 0.83753556
vt 0.91879320 0.62730980
vt 0.91859442 0.85011989
vt 0.91570920 0.75745958
vt 0.99106532 0.77345622
vt 0.97981721 0.76469713
vt 0.97993624 0.78114796
vt 0.99189949 0.79910749
vt 0.99126387 0.75814670
vt 0.98043501 0.79976016
vt 0.98075742 0.75045359
vt 0.99149698 0.73386967
vt 0.98191547 0.73357868
vt 0.98222792 0.70957118
vt 0.98998040 0.71213681
vt 0.99200302 0.69867009
vt 0.98260319 0.69431043
vt 0.99189949 0.67083514
vt 0.98215699 0.66879106
vt 0.98338461 0.64708233
vt 0.47963470 0.32700601
vt 0.48574233 0.33425474
vt 0.46874920 0.33241895
vt 0.49130538 0.32902849
vt 0.50488567 0.33043051
vt 0.44958431 0.33772981
vt 0.44627097 0.33238092
vt 0.42930543 0.33557212
vt 0.51667035 0.33772981
vt 0.52004814 0.33338416
vt 0.53503430 0.33493143
vt 0.46739650 0.32587206
vt 0.45000157 0.32721099
vt 0.40936786 0.33584207
vt 0.48873225 0.32298347
vt 0.51157010 0.32442325
vt 0.44795713 0.32166138
vt 0.42934141 0.32358310
vt 0.41286087 0.32283860
vt 0.50747550 0.31990075
vt 0.51625776 0.31854516
vt 0.53081030 0.32026270
vt 0.46855476 0.31995887
vt 0.59801447 0.60325164
vt 0.59123617 0.59848225
vt 0.59540123 0.60977131
vt 0.59479934 0.57473761
vt 0.59063214 0.57397491
vt 0.59401327 0.55915266
vt 0.59312224 0.61769956
vt 0.59915102 0.62884337
vt 0.59618860 0.62910831
vt 0.59755594 0.63589126
vt 0.60053307 0.61691749
vt 0.59768987 0.58406651
vt 0.60053313 0.56678927
vt 0.57053465 0.60259581
vt 0.57934117 0.58934033
vt 0.57212347 0.59464794
vt 0.58076286 0.60516083
vt 0.56747454 0.58310610
vt 0.57446826 0.57369512
vt 0.57906848 0.56957054
vt 0.57122731 0.55606216
vt 0.57695299 0.54906428
vt 0.57304829 0.53646427
vt 0.55790824 0.60475475
vt 0.57768458 0.52727592
vt 0.57163799 0.52599013
vt 0.57126826 0.50890130
vt 0.57517010 0.50495267
vt 0.57353771 0.48822549
vt 0.55946988 0.58298641
vt 0.55753177 0.59624827
vt 0.56407738 0.57286465
vt 0.54995316 0.56337750
vt 0.55611783 0.56074136
vt 0.55197060 0.54350770
vt 0.54719973 0.54877257
vt 0.54428226 0.53425616
vt 0.54188883 0.56265986
vt 0.54561877 0.57665682
vt 0.55313557 0.53310716
vt 0.58496612 0.59867138
vt 0.58682406 0.60249662
vt 0.54908794 0.59424925
vt 0.54892284 0.60886633
vt 0.55969244 0.55290151
vt 0.58651078 0.59020281
vt 0.54247886 0.58096999
vt 0.54521102 0.61111110
vt 0.57647491 0.38574424
vt 0.58501953 0.37074059
vt 0.57820243 0.36829853
vt 0.57860273 0.38904795
vt 0.57479143 0.40616155
vt 0.58015811 0.41956386
vt 0.57478178 0.42636451
vt 0.58365846 0.35249484
vt 0.57870442 0.42725858
vt 0.57576358 0.44371203
vt 0.58033270 0.45226339
vt 0.57856756 0.46698520
vt 0.57451308 0.46065760
vt 0.57768476 0.48693869
vt 0.57988816 0.51117837
vt 0.58400434 0.53171897
vt 0.58267993 0.55917466
vt 0.57807440 0.35023800
vt 0.58048511 0.32052386
vt 0.58682406 0.33594441
vt 0.58343518 0.30735412
vt 0.66053712 0.39021352
vt 0.65776426 0.37275687
vt 0.65308452 0.38798308
vt 0.65954280 0.41196403
vt 0.65401036 0.41417667
vt 0.66114581 0.44211805
vt 0.65366596 0.43990847
vt 0.66030604 0.45490131
vt 0.65628362 0.47681853
vt 0.65391219 0.36601034
vt 0.65481669 0.34728992
vt 0.65912616 0.35212189
vt 0.66115063 0.33812127
vt 0.65787977 0.32685006
vt 0.66312057 0.32653877
vt 0.66429597 0.34300259
vt 0.66393065 0.35852864
vt 0.66259599 0.37503052
vt 0.66352189 0.42447814
vt 0.66527039 0.32833320
vt 0.66307265 0.40592444
vt 0.66527039 0.39229012
vt 0.16303004 0.24560444
vt 0.18655841 0.24127537
vt 0.18424636 0.24888359
vt 0.16431507 0.23678321
vt 0.14133319 0.23663925
vt 0.19804238 0.24850368
vt 0.13044676 0.24528895
vt 0.18496156 0.23577535
vt 0.12477027 0.23863177
vt 0.10015232 0.24980016
vt 0.10333247 0.24090664
vt 0.11617712 0.23541167
vt 0.19543615 0.23594055
vt 0.21657009 0.24024031
vt 0.21744098 0.24980016
vt 0.30445787 0.34146988
vt 0.32948720 0.33854371
vt 0.32022524 0.34434274
vt 0.29387268 0.34748062
vt 0.34680954 0.34545475
vt 0.27303883 0.34418967
vt 0.35934940 0.34089270
vt 0.36711493 0.34917831
vt 0.38398448 0.34798455
vt 0.32216471 0.35051960
vt 0.28483549 0.34090558
vt 0.40997231 0.33765596
vt 0.38445300 0.34229112
vt 0.37736383 0.33858207
vt 0.35722727 0.33613110
vt 0.40964797 0.34351385
vt 0.43184134 0.34007147
vt 0.41638350 0.35025570
vt 0.44382599 0.35051960
vt 0.45047840 0.33975124
vt 0.46555966 0.34351107
vt 0.46725059 0.35009891
vt 0.69041914 0.10805231
vt 0.69825262 0.10254019
vt 0.69230485 0.09927410
vt 0.69892198 0.09334726
vt 0.68843907 0.09141751
vt 0.68918526 0.07666550
vt 0.70202249 0.07616460
vt 0.69177014 0.05633750
vt 0.70479482 0.05730258
vt 0.70337075 0.04343015
vt 0.68659556 0.04029099
vt 0.70156974 0.02837730
vt 0.68894529 0.05292268
vt 0.70487434 0.03133512
vt 0.70487434 0.10911271
vt 0.23470941 0.62262863
vt 0.25858378 0.61749589
vt 0.25395373 0.62359685
vt 0.27736452 0.62188786
vt 0.23828819 0.61535537
vt 0.21346505 0.62065101
vt 0.21232909 0.61536247
vt 0.27456248 0.61500436
vt 0.30506030 0.62252849
vt 0.19753757 0.61748457
vt 0.19707736 0.62116760
vt 0.25479397 0.61175328
vt 0.28892073 0.61602575
vt 0.30968854 0.61914504
vt 0.32813114 0.62564087
vt 0.23098502 0.60985184
vt 0.20156646 0.61296678
vt 0.18831898 0.61252248
vt 0.18603052 0.61971545
vt 0.17348461 0.61671823
vt 0.17321195 0.62309986
vt 0.15662393 0.62627441
vt 0.16808449 0.62748778
vt 0.29668126 0.60667402
vt 0.27405444 0.60903150
vt 0.15759671 0.61825973
vt 0.16243125 0.61248970
vt 0.14189619 0.61203188
vt 0.14230202 0.61660838
vt 0.13475224 0.61604029
vt 0.15156388 0.62345183
vt 0.13804728 0.62482423
vt 0.13606255 0.62129509
vt 0.11598481 0.61725444
vt 0.11843095 0.62116230
vt 0.10770102 0.62213957
vt 0.32161140 0.61660182
vt 0.33842868 0.61931521
vt 0.34874484 0.62959415
vt 0.35729882 0.62576467
vt 0.38297337 0.63290435
vt 0.37617978 0.62558627
vt 0.39201164 0.62352043
vt 0.40815887 0.63316768
vt 0.41362685 0.62350333
vt 0.16001192 0.63408881
vt 0.42872557 0.63105935
vt 0.43177772 0.63749945
vt 0.45068544 0.63479340
vt 0.09907041 0.62133390
vt 0.10190153 0.61496919
vt 0.08739013 0.62070334
vt 0.07850987 0.61721426
vt 0.11681850 0.61031592
vt 0.12831351 0.60873926
vt 0.08498158 0.61094302
vt 0.09109076 0.60594374
vt 0.07800763 0.60286796
vt 0.07060610 0.60658187
vt 0.07236421 0.62123650
vt 0.06556724 0.62224865
vt 0.13999178 0.60927838
vt 0.21274568 0.60857409
vt 0.45186552 0.62612003
vt 0.47296685 0.62595916
vt 0.46888342 0.63829094
vt 0.49139303 0.64124644
vt 0.48877823 0.62860513
vt 0.52511472 0.64386070
vt 0.10255653 0.60451174
vt 0.30654463 0.61217040
vt 0.30456188 0.60680133
vt 0.29895267 0.60059386
vt 0.28575787 0.60703737
vt 0.32456568 0.60067511
vt 0.32010558 0.59352517
vt 0.34051529 0.59423441
vt 0.52430815 0.64783925
vt 0.51635939 0.63199884
vt 0.54219645 0.64114243
vt 0.54569685 0.65027976
vt 0.25755996 0.60811174
vt 0.07294790 0.59928113
vt 0.06879218 0.59992260
vt 0.35688406 0.62074679
vt 0.14523254 0.61759222
vt 0.43456548 0.62253755
vt 0.54068732 0.63493001
vt 0.11545591 0.60579139
vt 0.15124363 0.63388735
vt 0.19638519 0.60891718
vt 0.07731237 0.62087178
vt 0.06586186 0.63219488
vt 0.08068094 0.62962186
vt 0.06861858 0.63440138
vt 0.08065495 0.63764083
vt 0.06435644 0.63530165
vt 0.08650401 0.63702863
vt 0.09867874 0.64501393
vt 0.10378797 0.64257991
vt 0.09649619 0.63536429
vt 0.11994798 0.65027976
vt 0.90506995 0.98049724
vt 0.91103852 0.99189788
vt 0.91767478 0.97889245
vt 0.89910632 0.99295419
vt 0.89603961 0.98137259
vt 0.92542315 0.99207520
vt 0.93471950 0.98027778
vt 0.93899894 0.99210507
vt 0.95278043 0.99550360
vt 0.95485592 0.98405612
vt 0.96489841 0.99720222
vt 0.96935785 0.98396617
vt 0.97980642 0.99683398
vt 0.98319745 0.98232490
vt 0.99428791 0.98764008
vt 0.99395907 0.99720222
vt 0.99207854 0.97801757
vt 0.96368933 0.90978116
vt 0.96718717 0.90682024
vt 0.96569920 0.88181973
vt 0.97069782 0.92732328
vt 0.96147430 0.87527657
vt 0.96638399 0.94190264
vt 0.96563500 0.86731797
vt 0.96358103 0.86194319
vt 0.97009593 0.85451382
vt 0.96994114 0.95278639
vt 0.97378373 0.95061022
vt 0.97467899 0.97147954
vt 0.98210204 0.97482014
vt 0.95897454 0.89544636
vt 0.97096437 0.84269273
vt 0.98057616 0.95779705
vt 0.97654027 0.93494385
vt 0.97095728 0.90579605
vt 0.95717359 0.85756415
vt 0.96803564 0.84138942
vt 0.95518988 0.88789767
vt 0.96012431 0.84286290
vt 0.95392233 0.91552275
vt 0.95980304 0.91911805
vt 0.97589135 0.82561487
vt 0.98210204 0.81888813
vt 0.98160064 0.81095123
vt 0.62535995 0.82968467
vt 0.62953675 0.82868081
vt 0.63947207 0.83554339
vt 0.61324483 0.82176220
vt 0.60297948 0.82302207
vt 0.63988215 0.83005112
vt 0.65591073 0.84208405
vt 0.58646923 0.81615955
vt 0.65246570 0.84558624
vt 0.66999245 0.85398734
vt 0.67260611 0.85148960
vt 0.68362004 0.86044931
vt 0.68811882 0.86690646
vt 0.58770221 0.82107276
vt 0.57126313 0.81972677
vt 0.56748688 0.81404769
vt 0.54479855 0.82069296
vt 0.53054392 0.82314634
vt 0.62601334 0.82066077
vt 0.37661844 0.86261517
vt 0.38121253 0.86399239
vt 0.37741747 0.86690646
vt 0.38489166 0.85817808
vt 0.38655385 0.86230946
vt 0.39106271 0.85576409
vt 0.45422605 0.83930159
vt 0.46536851 0.83075219
vt 0.46796873 0.83761787
vt 0.47937766 0.83399957
vt 0.47956228 0.82681286
vt 0.49304500 0.82922304
vt 0.49776486 0.82185489
vt 0.50681633 0.82665682
vt 0.50992769 0.82055682
vt 0.44683903 0.83679092
vt 0.44269729 0.84440964
vt 0.42806229 0.84462607
vt 0.52716655 0.81486493
vt 0.43131450 0.84898156
vt 0.41805619 0.85445452
vt 0.40832978 0.84900761
vt 0.40326756 0.85656846
vt 0.39542940 0.86075008
vt 0.55414289 0.80966944
vt 0.57346195 0.80935252
vt 0.59232450 0.81171495
vt 0.43932721 0.85232359
vt 0.42397296 0.85975915
vt 0.40615299 0.86017299
vt 0.44449481 0.85603237
vt 0.45600086 0.84472489
vt 0.46883073 0.84858900
vt 0.47476614 0.83950216
vt 0.48395681 0.84398031
vt 0.49355295 0.83255905
vt 0.50656295 0.83428812
vt 0.51290405 0.82777286
vt 0.53247523 0.83308727
vt 0.55101198 0.82878727
vt 0.56684375 0.82350612
vt 0.57208920 0.82916570
vt 0.58749664 0.82948250
vt 0.60120207 0.82611012
vt 0.61427081 0.83573091
vt 0.38889793 0.86622131
vt 0.62551022 0.83952582
vt 0.60373932 0.83264208
vt 0.63755870 0.84299183
vt 0.72236478 0.55028510
vt 0.71695811 0.57233405
vt 0.72267026 0.57566524
vt 0.71659523 0.59295374
vt 0.72544390 0.59756297
vt 0.72177452 0.61125576
vt 0.71624982 0.61281121
vt 0.72619957 0.62687320
vt 0.72197610 0.63509190
vt 0.72560704 0.55707997
vt 0.72619957 0.49289903
vt 0.71724069 0.50977933
vt 0.72438991 0.51822722
vt 0.72155184 0.49227911
vt 0.71562207 0.52812386
vt 0.71790701 0.53645021
vt 0.72506213 0.53141606
vt 0.71592116 0.55454069
vt 0.71723753 0.48641089
vt 0.71133298 0.54833347
vt 0.71096724 0.57236201
vt 0.85961682 0.38514468
vt 0.86034298 0.37320885
vt 0.85534424 0.37805405
vt 0.86224902 0.34469342
vt 0.85777611 0.35169205
vt 0.85645461 0.40052712
vt 0.86026937 0.40412804
vt 0.85691667 0.33990911
vt 0.86329019 0.32825145
vt 0.85870475 0.31215027
vt 0.85297590 0.35377344
vt 0.85437280 0.40384439
vt 0.85616863 0.42555639
vt 0.86108452 0.43207332
vt 0.85775971 0.44919884
vt 0.86189377 0.44991401
vt 0.86011636 0.46711674
vt 0.85406399 0.45472538
vt 0.85498077 0.47517514
vt 0.85968226 0.50949794
vt 0.85580522 0.50242007
vt 0.85272294 0.51786190
vt 0.84914088 0.46307486
vt 0.85551679 0.53790808
vt 0.85945821 0.53810388
vt 0.86042994 0.56442827
vt 0.85534632 0.56188780
vt 0.85605341 0.58193457
vt 0.86097652 0.58799124
vt 0.84926558 0.58483642
vt 0.84912109 0.44352174
vt 0.84380966 0.44452518
vt 0.84272659 0.42409560
vt 0.84674084 0.42048612
vt 0.84438539 0.41132244
vt 0.85042650 0.59912068
vt 0.86329019 0.59660214
vt 0.85156643 0.53402174
vt 0.84534073 0.57580924
vt 0.85054868 0.57526833
vt 0.84713537 0.47161397
vt 0.85134596 0.48320958
vt 0.84696156 0.53622723
vt 0.85054111 0.50256819
vt 0.85095394 0.37075531
vt 0.85031825 0.39224893
vt 0.85054827 0.38352442
vt 0.21544953 0.22971547
vt 0.18743140 0.22913581
vt 0.21654272 0.22501999
vt 0.24172944 0.22872612
vt 0.19486621 0.23461232
vt 0.18088347 0.23255628
vt 0.20809913 0.23370737
vt 0.22882552 0.23226519
vt 0.24045290 0.23177464
vt 0.25476009 0.23461232
vt 0.43888721 0.11582227
vt 0.43273517 0.11181726
vt 0.44994745 0.10907480
vt 0.45633340 0.11258220
vt 0.41591954 0.11941896
vt 0.46724057 0.10612325
vt 0.41731879 0.11326171
vt 0.40232223 0.11585756
vt 0.47194511 0.11048296
vt 0.48144904 0.10266612
vt 0.40652961 0.12296181
vt 0.38777953 0.12278029
vt 0.37778279 0.11925770
vt 0.35968336 0.12665848
vt 0.48589340 0.10533937
vt 0.49607980 0.09952039
vt 0.50279731 0.13580854
vt 0.50237435 0.12969840
vt 0.51718551 0.13116990
vt 0.48265672 0.13047646
vt 0.52421767 0.13438204
vt 0.53566724 0.12980311
vt 0.53685790 0.13629097
vt 0.55483627 0.13292202
vt 0.47896710 0.13629097
vt 0.46005642 0.13322371
vt 0.45848644 0.12755595
vt 0.43504491 0.12958376
vt 0.44025031 0.13315295
vt 0.42417514 0.13407414
vt 0.41248864 0.12981211
vt 0.42940906 0.12155559
vt 0.39651304 0.13194963
vt 0.44327900 0.11832619
vt 0.36342829 0.13221788
vt 0.34350017 0.12904130
vt 0.34498286 0.13490765
vt 0.33244479 0.13054918
vt 0.92698419 0.50319958
vt 0.91814661 0.50357193
vt 0.92480814 0.51550597
vt 0.92014360 0.49043646
vt 0.91318321 0.48445305
vt 0.91781098 0.47287688
vt 0.91324466 0.46496925
vt 0.91293019 0.44832265
vt 0.92928845 0.49925733
vt 0.93259710 0.51598722
vt 0.92710978 0.48571798
vt 0.91574991 0.42028692
vt 0.91553634 0.45194498
vt 0.92175263 0.44852677
vt 0.92522758 0.47145554
vt 0.92266202 0.42966744
vt 0.92398357 0.41014567
vt 0.91663897 0.39887986
vt 0.92605740 0.38768438
vt 0.92347354 0.36996326
vt 0.92865127 0.36324802
vt 0.92193842 0.34765017
vt 0.93185300 0.33481717
vt 0.92286497 0.32253450
vt 0.93012464 0.31243682
vt 0.92287827 0.29213843
vt 0.91827995 0.37506247
vt 0.92489076 0.27101639
vt 0.93259710 0.27022079
vt 0.92659885 0.25395116
vt 0.93252540 0.25267240
vt 0.92852211 0.23780975
vt 0.91279513 0.41291794
vt 0.19149218 0.45037735
vt 0.19449875 0.45527878
vt 0.17639828 0.45669791
vt 0.20963261 0.45239195
vt 0.15720199 0.45544547
vt 0.15484880 0.45923263
vt 0.13608709 0.45777592
vt 0.14316033 0.45171037
vt 0.11856770 0.45490810
vt 0.16010047 0.45168254
vt 0.12650907 0.45056406
vt 0.10624524 0.45273522
vt 0.20916012 0.44697100
vt 0.23094091 0.44868913
vt 0.22480100 0.45333359
vt 0.23777416 0.45514882
vt 0.24448192 0.44582519
vt 0.25867045 0.44797614
vt 0.25625640 0.44132668
vt 0.26849893 0.43764988
vt 0.26722759 0.44595340
vt 0.22690551 0.44662702
vt 0.18536052 0.44879135
vt 0.27588025 0.44082317
vt 0.28498200 0.44644806
vt 0.28785020 0.44402823
vt 0.31616440 0.45100385
vt 0.31764874 0.44718316
vt 0.33795884 0.44667405
vt 0.35288540 0.45182994
vt 0.35857692 0.44756153
vt 0.37029001 0.45568427
vt 0.38347295 0.45192766
vt 0.34811333 0.45610142
vt 0.36155763 0.45923263
vt 0.21315406 0.45726284
vt 0.29183987 0.45145974
vt 0.26893473 0.44902554
vt 0.31151283 0.45559803
vt 0.32701012 0.45564482
vt 0.64104158 0.97769004
vt 0.63620710 0.97208464
vt 0.65781659 0.96930122
vt 0.62566644 0.97632557
vt 0.65006799 0.96816230
vt 0.65610594 0.97953963
vt 0.66898620 0.97484094
vt 0.67563063 0.96591485
vt 0.64405251 0.98361313
vt 0.67856658 0.97765642
vt 0.69956058 0.96915585
vt 0.68822384 0.97764826
vt 0.70700920 0.97766960
vt 0.71711159 0.96884507
vt 0.71816951 0.98173738
vt 0.73000973 0.98361313
vt 0.73153085 0.96452826
vt 0.69804233 0.97919244
vt 0.69851106 0.96326667
vt 0.67974031 0.96123099
vt 0.95357561 0.27492720
vt 0.95648354 0.25962019
vt 0.94555378 0.27166796
vt 0.95091224 0.28925315
vt 0.95817393 0.24938819
vt 0.94058901 0.29994687
vt 0.94850737 0.30683914
vt 0.93859333 0.30685523
vt 0.93792838 0.32159987
vt 0.94176537 0.33494037
vt 0.94908935 0.31328642
vt 0.94802046 0.33328480
vt 0.96230006 0.24420464
vt 0.95008218 0.35847670
vt 0.94488895 0.36519653
vt 0.95374578 0.28953320
vt 0.95281571 0.38082281
vt 0.95812321 0.38844854
vt 0.96230006 0.41366908
vt 0.13250998 0.19824538
vt 0.15720826 0.19295670
vt 0.16794302 0.19655523
vt 0.18181637 0.19109572
vt 0.20988245 0.19012469
vt 0.12854429 0.19366276
vt 0.11161184 0.19944045
vt 0.09796701 0.19495714
vt 0.09025133 0.19774657
vt 0.17944694 0.18892518
vt 0.20482181 0.18585132
vt 0.22875303 0.18713659
vt 0.24381968 0.18988942
vt 0.22753000 0.19603950
vt 0.25553051 0.19504334
vt 0.27272257 0.19359009
vt 0.28585863 0.19944045
vt 0.20862758 0.19800189
vt 0.29436406 0.19737378
vt 0.26747340 0.19057731
vt 0.28519574 0.19070835
vt 0.81870985 0.02442585
vt 0.80994999 0.01707041
vt 0.82579350 0.01692414
vt 0.80110323 0.02424696
vt 0.79535514 0.01767334
vt 0.78332067 0.02677858
vt 0.83222872 0.02370322
vt 0.84670359 0.02094752
vt 0.84901202 0.02677858
vt 0.86186010 0.02282761
vt 0.85177577 0.01644651
vt 0.87090629 0.02329365
vt 0.83392978 0.01466379
vt 0.81309241 0.01318945
vt 0.80675888 0.01420856
vt 0.30521592 0.68145484
vt 0.30009946 0.68705034
vt 0.31745815 0.68324298
vt 0.27749497 0.68624467
vt 0.28435031 0.68199450
vt 0.32101047 0.68705034
vt 0.33244479 0.68305862
vt 0.27227724 0.68332034
vt 0.73814785 0.42861438
vt 0.73743808 0.45302209
vt 0.74107909 0.43895918
vt 0.74033391 0.45419598
vt 0.74117053 0.46792838
vt 0.74295509 0.40377292
vt 0.73361927 0.47004759
vt 0.74295509 0.48145896
vt 0.73000759 0.45239344
vt 0.73019171 0.43692595
vt 0.73374528 0.41244674
vt 0.74221593 0.49323335
vt 0.73396820 0.48547548
vt 0.73138446 0.46717632
vt 0.73747545 0.49992290
vt 0.74248034 0.51358914
vt 0.73858523 0.39368504
vt 0.73847055 0.51122451
vt 0.26467600 0.09270257
vt 0.25815636 0.08802505
vt 0.23807618 0.09312550
vt 0.28293982 0.09122784
vt 0.17195462 0.09112412
vt 0.17074946 0.08639639
vt 0.15705147 0.09280591
vt 0.15335944 0.08557624
vt 0.14078504 0.09312550
vt 0.13704908 0.08631731
vt 0.11737613 0.09198695
vt 0.11426539 0.08727092
vt 0.18685040 0.08604454
vt 0.09710586 0.09200204
vt 0.18841149 0.09209778
vt 0.20352365 0.09058262
vt 0.20756853 0.08641839
vt 0.22218345 0.09142651
vt 0.22137818 0.08513189
vt 0.23062736 0.08771226
vt 0.24703851 0.08580027
vt 0.89144200 0.37051454
vt 0.89394212 0.36945197
vt 0.89644712 0.35462481
vt 0.89644247 0.39479420
vt 0.90051252 0.39233354
vt 0.90213251 0.41200957
vt 0.89063644 0.34959170
vt 0.89934933 0.41207033
vt 0.89078873 0.33612505
vt 0.89439070 0.32778206
vt 0.88868994 0.32588816
vt 0.89426166 0.31122431
vt 0.89213306 0.30581108
vt 0.90098637 0.37625018
vt 0.89552736 0.28577149
vt 0.89049375 0.28944647
vt 0.88862854 0.25946826
vt 0.87928408 0.24763890
vt 0.88455206 0.22382146
vt 0.87933147 0.22364862
vt 0.88271236 0.20487590
vt 0.88916779 0.21746734
vt 0.88837993 0.23942472
vt 0.88326162 0.27087075
vt 0.88651395 0.28981048
vt 0.88700974 0.30890411
vt 0.88962555 0.19433910
vt 0.88717294 0.18474814
vt 0.89047521 0.17402768
vt 0.89211929 0.16571005
vt 0.90213251 0.16382509
vt 0.89975458 0.17552841
vt 0.89653265 0.18596058
vt 0.89892226 0.15067945
vt 0.89269906 0.20210755
vt 0.32922363 0.92402720
vt 0.34963050 0.92063725
vt 0.34331152 0.92533833
vt 0.37006605 0.92616725
vt 0.37300676 0.92045689
vt 0.38818547 0.92465568
vt 0.32349494 0.91826910
vt 0.30762354 0.92117119
vt 0.31177142 0.92612529
vt 0.29552963 0.92464942
vt 0.29311332 0.91964132
vt 0.39600807 0.91817141
vt 0.26974589 0.92306495
vt 0.27958345 0.92784309
vt 0.26386341 0.92845196
vt 0.24839105 0.92239177
vt 0.25379267 0.91823125
vt 0.23977749 0.91724151
vt 0.23873432 0.92375934
vt 0.22544368 0.91794729
vt 0.22958641 0.92386323
vt 0.21152359 0.92383361
vt 0.21089722 0.91794378
vt 0.19620337 0.92062569
vt 0.19413881 0.92781711
vt 0.18570781 0.92717040
vt 0.18462835 0.92037553
vt 0.18038420 0.92405576
vt 0.16510488 0.93005598
vt 0.16499966 0.92323399
vt 0.15422696 0.92800760
vt 0.40621603 0.92211014
vt 0.22659692 0.91406876
vt 0.20347171 0.91437078
vt 0.40152457 0.92718053
vt 0.42601037 0.92777467
vt 0.44018582 0.92109138
vt 0.45734957 0.92498541
vt 0.21881016 0.91502452
vt 0.25102952 0.92890686
vt 0.38405672 0.93005598
vt 0.21928424 0.92689139
vt 0.22873588 0.92768782
vt 0.49434829 0.91376227
vt 0.49184659 0.91950470
vt 0.48289022 0.92278922
vt 0.50748646 0.90475863
vt 0.47562835 0.93245405
vt 0.62492341 0.89068657
vt 0.63249260 0.89853692
vt 0.60819626 0.89155489
vt 0.60433769 0.88701147
vt 0.65426898 0.89735055
vt 0.58508188 0.89180189
vt 0.54516548 0.88717347
vt 0.57294238 0.88369304
vt 0.66474110 0.90197784
vt 0.59412318 0.88461739
vt 0.65099013 0.90501553
vt 0.67133409 0.90936947
vt 0.69694543 0.90933406
vt 0.69927585 0.91788083
vt 0.71539062 0.91896093
vt 0.72104925 0.91695851
vt 0.73976678 0.92546862
vt 0.71660721 0.92397791
vt 0.73700720 0.92916924
vt 0.76275706 0.93245405
vt 0.55851126 0.89018065
vt 0.54193920 0.89481795
vt 0.52457398 0.89428908
vt 0.52925205 0.90057272
vt 0.51808602 0.90451592
vt 0.50891721 0.91175771
vt 0.50003314 0.91806704
vt 0.60286766 0.89458805
vt 0.61712700 0.89847273
vt 0.67215639 0.89920956
vt 0.48538011 0.93168199
vt 0.36393672 0.54704857
vt 0.35798413 0.54136324
vt 0.37748894 0.54379863
vt 0.33875954 0.54295206
vt 0.38709521 0.54780823
vt 0.38897562 0.53879780
vt 0.34043741 0.53910547
vt 0.32276717 0.53862441
vt 0.32609379 0.54608065
vt 0.39390156 0.54613161
vt 0.40574676 0.53885853
vt 0.40901926 0.54796165
vt 0.42326519 0.54543924
vt 0.42227459 0.53932273
vt 0.44191304 0.54221708
vt 0.45155835 0.54746097
vt 0.30502665 0.54462111
vt 0.36401457 0.53805155
vt 0.46420410 0.54457301
vt 0.35803929 0.53597122
vt 0.44235530 0.53685784
vt 0.45753250 0.53880131
vt 0.34765971 0.54796165
vt 0.62629342 0.67426527
vt 0.63195878 0.66982853
vt 0.64957488 0.67745805
vt 0.61485469 0.66627538
vt 0.60173303 0.66911745
vt 0.65536940 0.67474312
vt 0.59829903 0.66306955
vt 0.58949971 0.66595000
vt 0.58324230 0.66883409
vt 0.57593840 0.66447508
vt 0.56705260 0.67014945
vt 0.55322593 0.67021549
vt 0.53901321 0.67533076
vt 0.53614753 0.67330694
vt 0.52736998 0.67745805
vt 0.51676369 0.67327303
vt 0.50850308 0.67677361
vt 0.49296570 0.67421126
vt 0.48226318 0.67509228
vt 0.47626504 0.67106909
vt 0.46572733 0.67235643
vt 0.49209696 0.67006737
vt 0.55415344 0.66618991
vt 0.09863755 0.81694710
vt 0.09369563 0.82871759
vt 0.08481105 0.82749075
vt 0.10772180 0.81535733
vt 0.08420014 0.83952945
vt 0.11212114 0.81628972
vt 0.12411068 0.80544496
vt 0.07716680 0.84034753
vt 0.14128281 0.80233413
vt 0.11840974 0.81612682
vt 0.13959011 0.80684841
vt 0.16559571 0.80539346
vt 0.15896852 0.79856801
vt 0.09146892 0.83481854
vt 0.19094734 0.80370700
vt 0.20063901 0.81073862
vt 0.10535056 0.82487977
vt 0.21492384 0.81183875
vt 0.23838364 0.82468206
vt 0.24841774 0.82478303
vt 0.26047781 0.83106422
vt 0.27472663 0.82973951
vt 0.26733512 0.83700842
vt 0.28744677 0.83989125
vt 0.30130616 0.84093261
vt 0.30583832 0.84854370
vt 0.31454393 0.84700912
vt 0.32516414 0.85380632
vt 0.33301187 0.85078216
vt 0.34441108 0.85643262
vt 0.07381530 0.84563130
vt 0.34360349 0.86089700
vt 0.36062452 0.86450839
vt 0.06957927 0.84692478
vt 0.06260336 0.85668850
vt 0.05793314 0.85611111
vt 0.05674029 0.86319256
vt 0.05892856 0.86450839
vt 0.31908152 0.84361154
vt 0.12759320 0.81330991
vt 0.18732278 0.79919285
vt 0.21034662 0.80593902
vt 0.22947685 0.81242961
vt 0.30130616 0.83624792
vt 0.24988967 0.82083535
vt 0.17562133 0.79496402
vt 0.14428376 0.80819029
vt 0.99540168 0.37249202
vt 0.99454558 0.39695662
vt 0.99961919 0.39215738
vt 0.99958879 0.41571161
vt 0.99200302 0.36116061
vt 0.99845314 0.34560868
vt 0.99343300 0.34131122
vt 0.99359620 0.41417310
vt 0.99762416 0.42645884
vt 0.99958879 0.33133492
vt 0.26811543 0.94506556
vt 0.28579056 0.94274408
vt 0.28495046 0.94902271
vt 0.26929095 0.94948620
vt 0.24607012 0.94754440
vt 0.29608822 0.94595993
vt 0.30578828 0.94856447
vt 0.24345018 0.95163870
vt 0.22561483 0.94745123
vt 0.20856489 0.94620609
vt 0.21896625 0.94292992
vt 0.19943570 0.94030285
vt 0.19170499 0.94345033
vt 0.24070653 0.94103771
vt 0.16999395 0.93882823
vt 0.17381804 0.94533867
vt 0.15475135 0.94039810
vt 0.14374600 0.94226027
vt 0.13659650 0.93799347
vt 0.27867931 0.93934470
vt 0.29779428 0.94126534
vt 0.12881383 0.94288594
vt 0.12010933 0.93725020
vt 0.21553577 0.93854380
vt 0.10228089 0.94203418
vt 0.10382150 0.93853080
vt 0.09094410 0.93913299
vt 0.07879582 0.94162863
vt 0.08047323 0.94563937
vt 0.09762293 0.94670969
vt 0.05369383 0.94040579
vt 0.06196110 0.94693369
vt 0.05709404 0.94838083
vt 0.11306128 0.94561160
vt 0.12871395 0.94714236
vt 0.14248309 0.94506133
vt 0.16941272 0.95016396
vt 0.08457133 0.95163870
vt 0.06850960 0.95049310
vt 0.19948488 0.94923848
vt 0.43177965 0.24022184
vt 0.41527140 0.23860911
vt 0.41968095 0.24251013
vt 0.39884475 0.24008600
vt 0.40377694 0.24456248
vt 0.38298064 0.24420127
vt 0.38130194 0.23877159
vt 0.36731654 0.24076742
vt 0.36221370 0.24580336
vt 0.34082255 0.24344233
vt 0.41990674 0.24580336
vt 0.44187966 0.24420741
vt 0.44806173 0.24057949
vt 0.46648896 0.24372019
vt 0.44190791 0.98571378
vt 0.43249613 0.99224895
vt 0.42594469 0.98602271
vt 0.45515022 0.98810846
vt 0.46285170 0.98396069
vt 0.47439486 0.99220663
vt 0.48864383 0.98760593
vt 0.45308158 0.99415362
vt 0.49172720 0.99338412
vt 0.51383150 0.99383628
vt 0.50388032 0.98710513
vt 0.51543880 0.98819977
vt 0.53224617 0.99151683
vt 0.54247802 0.98725384
vt 0.55190831 0.99298054
vt 0.57023829 0.99303037
vt 0.57559752 0.98843116
vt 0.59148645 0.99279481
vt 0.60274082 0.98961329
vt 0.62199223 0.99169660
vt 0.62088138 0.98550290
vt 0.63019931 0.98720616
vt 0.43307349 0.99640286
vt 0.41698399 0.99034250
vt 0.64323747 0.99148154
vt 0.63738394 0.98622549
vt 0.64475077 0.98492765
vt 0.65308452 0.99104571
vt 0.62958336 0.99640286
vt 0.47749889 0.98121500
vt 0.60482115 0.98298460
vt 0.59397811 0.98362875
vt 0.57906914 0.98421997
vt 0.56526929 0.98300648
vt 0.54302180 0.98168397
vt 0.52945054 0.98280752
vt 0.51121080 0.98464936
vt 0.62847340 0.98163581
vt 0.64978373 0.10418468
vt 0.65308452 0.09872102
vt 0.64341187 0.10004360
vt 0.63804978 0.11000199
vt 0.63088411 0.10631017
vt 0.62870723 0.11250648
vt 0.62927467 0.11674226
vt 0.61657792 0.12676613
vt 0.61896163 0.13281189
vt 0.60542858 0.14404866
vt 0.61373055 0.14159426
vt 0.60407579 0.16034812
vt 0.59964418 0.15518802
vt 0.59777093 0.16230763
vt 0.59616721 0.17399809
vt 0.60148662 0.17392462
vt 0.59646606 0.19893283
vt 0.62875277 0.12030056
vt 0.58910888 0.20447104
vt 0.59005535 0.23270622
vt 0.62129521 0.13379461
vt 0.59718329 0.24396518
vt 0.59743416 0.22780718
vt 0.61106884 0.14812335
vt 0.60206521 0.24905825
vt 0.60260057 0.26775244
vt 0.59699488 0.26268151
vt 0.60339236 0.28138462
vt 0.60661757 0.27401745
vt 0.60847974 0.29305083
vt 0.60614699 0.29908404
vt 0.61251515 0.30563745
vt 0.61327124 0.32190317
vt 0.61798912 0.33076102
vt 0.61937284 0.34722614
vt 0.61343801 0.35538945
vt 0.60710138 0.32760423
vt 0.61795384 0.36032236
vt 0.62403834 0.36202693
vt 0.62672955 0.38238946
vt 0.61951262 0.38250884
vt 0.62483835 0.40523222
vt 0.63210362 0.40625677
vt 0.62739760 0.42593768
vt 0.63460916 0.43726259
vt 0.63759732 0.43509176
vt 0.64245862 0.46070176
vt 0.63555229 0.46421197
vt 0.63895148 0.47917858
vt 0.64549220 0.47778648
vt 0.64127696 0.49871948
vt 0.64565372 0.52363557
vt 0.64146465 0.52597225
vt 0.64283913 0.54442513
vt 0.64849067 0.54099196
vt 0.64659232 0.56056696
vt 0.64225119 0.56457251
vt 0.65005893 0.49631438
vt 0.65308452 0.51726866
vt 0.64493233 0.58473223
vt 0.65085953 0.57372791
vt 0.63806939 0.50828582
vt 0.63603836 0.48604247
vt 0.65240324 0.52708846
vt 0.65183026 0.55912250
vt 0.59775645 0.27808085
vt 0.62861598 0.44000667
vt 0.60192627 0.30323696
vt 0.63715160 0.52350807
vt 0.63907433 0.54435092
vt 0.27017173 0.89449322
vt 0.25708446 0.88862824
vt 0.26670223 0.88613915
vt 0.24137931 0.88207734
vt 0.25176132 0.87780774
vt 0.22529314 0.87072110
vt 0.21796006 0.87835026
vt 0.19404003 0.87155050
vt 0.20039116 0.87501991
vt 0.17790030 0.87663251
vt 0.16884829 0.87569678
vt 0.27721685 0.89146936
vt 0.16215688 0.87950253
vt 0.14197150 0.88283390
vt 0.14597358 0.88532525
vt 0.13103332 0.89171612
vt 0.12037926 0.89060861
vt 0.11086103 0.89451092
vt 0.28719804 0.90057242
vt 0.29294065 0.89765543
vt 0.30426505 0.91326940
vt 0.08909353 0.88600439
vt 0.06279279 0.89571118
vt 0.06066025 0.89255208
vt 0.04144446 0.89844114
vt 0.07537936 0.89729732
vt 0.09202144 0.88871372
vt 0.04869274 0.90409565
vt 0.02793278 0.90241557
vt 0.09707236 0.89502615
vt 0.11010987 0.89016044
vt 0.11605038 0.87866384
vt 0.13043515 0.87478697
vt 0.15416208 0.86978346
vt 0.18122238 0.86740273
vt 0.20319271 0.86605191
vt 0.20730142 0.86131096
vt 0.23110932 0.86360687
vt 0.17614143 0.86314344
vt 0.03509835 0.90784317
vt 0.01974232 0.90737146
vt 0.01328344 0.90362805
vt 0.00423535 0.91326940
vt 0.00418888 0.90682727
vt 0.07247933 0.90174854
vt 0.08852790 0.89929104
vt 0.03338647 0.28782943
vt 0.04587457 0.28266859
vt 0.03572424 0.29026175
vt 0.06376703 0.27924195
vt 0.01180503 0.29019621
vt 0.07843893 0.28612798
vt 0.08394852 0.27857715
vt 0.09696291 0.28404346
vt 0.10720751 0.29266366
vt 0.05777588 0.29107916
vt 0.03144511 0.29856113
vt 0.07453419 0.28926250
vt 0.08599354 0.29105294
vt 0.10233448 0.29438096
vt 0.11656503 0.29822522
vt 0.12528561 0.29241148
vt 0.12464762 0.29856116
vt 0.80438179 0.15317537
vt 0.80954325 0.13036966
vt 0.81181043 0.14076343
vt 0.81526190 0.11862901
vt 0.82078916 0.11777294
vt 0.82073164 0.10034486
vt 0.83038622 0.10080312
vt 0.82872409 0.08619221
vt 0.81970203 0.07837100
vt 0.82641065 0.06680249
vt 0.83603549 0.07165209
vt 0.84373373 0.07777209
vt 0.85092378 0.05628583
vt 0.84318399 0.08835672
vt 0.85208827 0.07070089
vt 0.82499284 0.05945661
vt 0.83538812 0.05612411
vt 0.84477186 0.04870131
vt 0.83627462 0.04184030
vt 0.85889870 0.04200645
vt 0.85948378 0.05223701
vt 0.85730982 0.06698883
vt 0.86693311 0.06351306
vt 0.85943842 0.07142095
vt 0.86574173 0.05057437
vt 0.87641883 0.04654190
vt 0.87360007 0.03931877
vt 0.88721704 0.03674966
vt 0.88348931 0.03045098
vt 0.87665385 0.05917969
vt 0.87425900 0.06660880
vt 0.88274568 0.06231594
vt 0.89013803 0.05409872
vt 0.89241225 0.07690541
vt 0.88619995 0.07725222
vt 0.88841599 0.08746488
vt 0.90014744 0.09647848
vt 0.89668816 0.06377184
vt 0.89259022 0.02038369
vt 0.90137088 0.02888394
vt 0.89586061 0.04246664
vt 0.89385611 0.04424465
vt 0.90758765 0.04986900
vt 0.89505470 0.04712930
vt 0.87225115 0.07501171
vt 0.86978996 0.08396143
vt 0.85881215 0.07940652
vt 0.85850525 0.09867347
vt 0.86979151 0.09866574
vt 0.86592209 0.12291995
vt 0.85641211 0.09244596
vt 0.90064818 0.07045567
vt 0.80388421 0.16586730
vt 0.87445903 0.08561242
vt 0.82327652 0.06486522
vt 0.82059181 0.06248626
vt 0.90395308 0.08063795
vt 0.90818274 0.09625923
vt 0.90959138 0.11164478
vt 0.91520709 0.10654733
vt 0.92011946 0.12000017
vt 0.91143960 0.12124607
vt 0.92501098 0.13542910
vt 0.93167317 0.13421647
vt 0.93966699 0.14866379
vt 0.93480384 0.15113276
vt 0.94630617 0.16586730
vt 0.87543231 0.07943507
vt 0.99328464 0.21453662
vt 0.98838949 0.20767660
vt 0.98732460 0.22650939
vt 0.99637324 0.18563716
vt 0.98945343 0.19143037
vt 0.98996347 0.17961621
vt 0.99707162 0.16617115
vt 0.98998690 0.17331077
vt 0.99885756 0.14508393
vt 0.98591012 0.19067763
vt 0.99195743 0.14940067
vt 0.99111283 0.23412018
vt 0.99491841 0.23230137
vt 0.99177843 0.26317975
vt 0.99757802 0.24411586
vt 0.99885756 0.26698089
vt 0.99449950 0.28290781
vt 0.99783260 0.29681927
vt 0.99268806 0.30655476
vt 0.98803294 0.17787524
vt 0.69234043 0.85605705
vt 0.69268852 0.84212631
vt 0.68507236 0.84381646
vt 0.69032353 0.86639899
vt 0.69268852 0.87250197
vt 0.92363262 0.74276692
vt 0.92319769 0.76698941
vt 0.92675835 0.76639301
vt 0.92548186 0.79101169
vt 0.92193449 0.81182182
vt 0.92617589 0.61997753
vt 0.92440760 0.63579309
vt 0.92513818 0.66238081
vt 0.92293578 0.66271555
vt 0.92364788 0.68681920
vt 0.93085837 0.64132178
vt 0.93106431 0.61205488
vt 0.92805344 0.58423430
vt 0.93145531 0.66771317
vt 0.93182635 0.68912899
vt 0.92367065 0.71088630
vt 0.93209225 0.70827460
vt 0.93167847 0.72446436
vt 0.93248445 0.74076521
vt 0.93384349 0.57796317
vt 0.93412036 0.75506175
vt 0.93178731 0.56075138
vt 0.93340659 0.77673155
vt 0.93131739 0.79048175
vt 0.92799413 0.81525093
vt 0.93412036 0.81987947
vt 0.92222214 0.82613909
vt 0.92558974 0.59459597
vt 0.54076487 0.83555353
vt 0.53663671 0.83977544
vt 0.52883077 0.83493203
vt 0.51603436 0.83845913
vt 0.55161917 0.83758795
vt 0.51843941 0.83556604
vt 0.55159616 0.84616643
vt 0.56512028 0.84332651
vt 0.57582849 0.83889157
vt 0.57954812 0.84303385
vt 0.58635306 0.84298897
vt 0.60148656 0.85162163
vt 0.53144497 0.84527272
vt 0.59945130 0.84246254
vt 0.52116644 0.85441703
vt 0.51218581 0.84221405
vt 0.53055781 0.85861397
vt 0.54505563 0.85891289
vt 0.55496216 0.85642737
vt 0.57047886 0.85586709
vt 0.58345723 0.85489881
vt 0.51780802 0.85891289
vt 0.61348057 0.84510458
vt 0.38731986 0.61942697
vt 0.38651943 0.61584240
vt 0.40726310 0.61148745
vt 0.40948495 0.61525005
vt 0.41973355 0.61162758
vt 0.42060530 0.61672771
vt 0.43488437 0.61006367
vt 0.40673572 0.62070346
vt 0.45187733 0.61730492
vt 0.45484734 0.60871303
vt 0.43187946 0.61736029
vt 0.47107363 0.61678779
vt 0.46898127 0.60940892
vt 0.48889184 0.61384386
vt 0.49335158 0.62070346
vt 0.50733411 0.61763376
vt 0.50361526 0.61317438
vt 0.53293502 0.61227047
vt 0.54116243 0.61696124
vt 0.55331302 0.61389822
vt 0.48482099 0.93769103
vt 0.50784385 0.94124699
vt 0.50122470 0.93877214
vt 0.51693386 0.93757427
vt 0.47001901 0.93947178
vt 0.46598139 0.93559057
vt 0.45439485 0.93946064
vt 0.52817976 0.93948925
vt 0.44563660 0.93446451
vt 0.44137463 0.94079036
vt 0.43465716 0.93558222
vt 0.42562628 0.93165469
vt 0.41850725 0.94124699
vt 0.01598326 0.21399675
vt 0.03185055 0.21329835
vt 0.02584684 0.21622702
vt 0.00799695 0.20903277
vt 0.03541508 0.21621792
vt 0.00838360 0.21621792
vt 0.38643888 0.14429772
vt 0.39793417 0.14222305
vt 0.39720818 0.14651564
vt 0.41562358 0.14738262
vt 0.41703156 0.14393966
vt 0.42688501 0.14748201
vt 0.38091430 0.13788968
vt 0.37505755 0.14429960
vt 0.37052551 0.14357474
vt 0.37233329 0.14748201
vt 0.96689683 0.65913498
vt 0.96335346 0.68135035
vt 0.96636784 0.68630141
vt 0.97600913 0.67764568
vt 0.97196871 0.70603657
vt 0.95907307 0.71810073
vt 0.96853322 0.72055864
vt 0.96221417 0.73699844
vt 0.96971399 0.74145293
vt 0.96561748 0.76223540
vt 0.95696878 0.74330020
vt 0.95828587 0.75384086
vt 0.97600913 0.75660163
vt 0.97153318 0.77737808
vt 0.97247452 0.73053032
vt 0.96394527 0.77581173
vt 0.96949273 0.64468426
vt 0.61048019 0.00590263
vt 0.59007257 0.00408603
vt 0.59384263 0.00703516
vt 0.61899692 0.00326242
vt 0.56980211 0.00434428
vt 0.62528801 0.00829763
vt 0.64430106 0.00489733
vt 0.57462043 0.01262533
vt 0.55177522 0.00440359
vt 0.54364735 0.01198558
vt 0.53911787 0.00347352
vt 0.52613050 0.00301977
vt 0.52198869 0.01153146
vt 0.50286055 0.00202374
vt 0.49816969 0.01047572
vt 0.48333725 0.00581561
vt 0.48778215 0.00119904
vt 0.47382814 0.00148270
vt 0.47337806 0.01218336
vt 0.45784703 0.01224746
vt 0.45850864 0.00209257
vt 0.61072373 0.01264027
vt 0.59183466 0.01299184
vt 0.43500742 0.01243739
vt 0.43355715 0.00302810
vt 0.48595360 0.01205036
vt 0.62788969 0.01196776
vt 0.64960843 0.00766636
vt 0.66335362 0.00554101
vt 0.41025233 0.00281426
vt 0.40466988 0.01398881
vt 0.40099010 0.00243850
vt 0.65075511 0.01167648
vt 0.67757058 0.01003737
vt 0.67870367 0.00409124
vt 0.69750059 0.00359635
vt 0.70144778 0.00952965
vt 0.71253592 0.00523657
vt 0.72467631 0.00970689
vt 0.55735499 0.01398881
vt 0.98778516 0.45631239
vt 0.98895657 0.44244605
vt 0.98286366 0.44396329
vt 0.98523629 0.45914021
vt 0.98803359 0.46967334
vt 0.98621702 0.47688568
vt 0.98895657 0.48321342
vt 0.47258186 0.91352749
vt 0.46813393 0.88609111
vt 0.46798185 0.90214145
vt 0.46572733 0.92027396
vt 0.47258186 0.93485212
vt 0.20830160 0.88529176
vt 0.19405116 0.88529050
vt 0.19311689 0.88129497
vt 0.17098248 0.88529176
vt 0.95092237 0.55207402
vt 0.95227993 0.56688124
vt 0.95699722 0.56359029
vt 0.95733154 0.58118951
vt 0.94955206 0.59116220
vt 0.95358008 0.60218990
vt 0.94617963 0.61182582
vt 0.94853133 0.62060076
vt 0.94261998 0.61593026
vt 0.94027162 0.63086236
vt 0.94571918 0.60157025
vt 0.94956207 0.56256443
vt 0.94790798 0.57497901
vt 0.94714636 0.58715904
vt 0.95162857 0.54918247
vt 0.94569451 0.55237126
vt 0.98063284 0.59449846
vt 0.98481822 0.59381175
vt 0.98150790 0.58241266
vt 0.98416096 0.61060345
vt 0.99093610 0.61506379
vt 0.99179924 0.63342911
vt 0.97830653 0.58133900
vt 0.97929949 0.56681585
vt 0.98328978 0.56924927
vt 0.99838632 0.61848569
vt 0.99501872 0.58018029
vt 0.99700367 0.59483051
vt 0.99469584 0.56535876
vt 0.99284065 0.55498773
vt 0.97575319 0.55898643
vt 0.99961919 0.60874999
vt 0.99271625 0.54700536
vt 0.97616422 0.55038512
vt 0.97416645 0.53813094
vt 0.96884072 0.55130392
vt 0.99606216 0.53027821
vt 0.99961919 0.54662800
vt 0.96367437 0.53931946
vt 0.96267521 0.54733914
vt 0.96800643 0.56170106
vt 0.96712142 0.57400125
vt 0.96271986 0.59156328
vt 0.95442396 0.61172885
vt 0.95581251 0.62310940
vt 0.95084953 0.63509190
vt 0.95193022 0.53978461
vt 0.94645876 0.54279786
vt 0.94176877 0.55348873
vt 0.93423349 0.54496884
vt 0.92796904 0.56021398
vt 0.93234318 0.52930003
vt 0.93934435 0.52627921
vt 0.93132919 0.51998401
vt 0.92750335 0.52900338
vt 0.92885780 0.54019862
vt 0.91812140 0.53905469
vt 0.92180562 0.55424368
vt 0.92547965 0.54824156
vt 0.91481131 0.56526381
vt 0.91355675 0.58315986
vt 0.82362521 0.19998802
vt 0.82063973 0.20354395
vt 0.82212895 0.21578386
vt 0.82737249 0.17226294
vt 0.83237785 0.19623035
vt 0.83206779 0.21483807
vt 0.82348466 0.22348581
vt 0.83071470 0.22747134
vt 0.82467610 0.23687813
vt 0.83320856 0.24507760
vt 0.82832086 0.25869229
vt 0.83739805 0.25440806
vt 0.83919883 0.27275240
vt 0.84151256 0.26569566
vt 0.83393687 0.23424961
vt 0.84383750 0.28524387
vt 0.83513218 0.22394541
vt 0.83370966 0.19925092
vt 0.84815836 0.15067945
vt 0.84881949 0.27833241
vt 0.84582448 0.29216626
vt 0.84260452 0.25189984
vt 0.84021854 0.20963581
vt 0.84276003 0.19165672
vt 0.84881949 0.17000225
vt 0.10319878 0.43445244
vt 0.10238683 0.43016022
vt 0.08515617 0.42885691
vt 0.08388229 0.43445244
vt 0.06359482 0.42914861
vt 0.78484386 0.67888796
vt 0.78435493 0.67020494
vt 0.77951258 0.67572975
vt 0.78484386 0.69184655
vt 0.78282046 0.66147083
vt 0.62427759 0.73421264
vt 0.64103132 0.73670393
vt 0.63290560 0.73820943
vt 0.64546841 0.73814267
vt 0.62261993 0.73814267
vt 0.47336149 0.43631691
vt 0.46384579 0.43348047
vt 0.47507480 0.43045563
vt 0.48324448 0.43700600
vt 0.48097599 0.43924859
vt 0.46293786 0.43924859
vt 0.45658797 0.43596074
vt 0.09181794 0.26509479
vt 0.09154546 0.26138359
vt 0.10691728 0.26645011
vt 0.10951210 0.26227739
vt 0.12441213 0.26408485
vt 0.29426679 0.29966217
vt 0.29771215 0.29271924
vt 0.31060776 0.30026832
vt 0.31464905 0.29624158
vt 0.33197770 0.30030087
vt 0.32683602 0.30329657
vt 0.34269714 0.30415666
vt 0.28299519 0.29796121
vt 0.28641322 0.29198039
vt 0.26892945 0.29366058
vt 0.25535405 0.29606736
vt 0.26695812 0.28872412
vt 0.24634859 0.29204682
vt 0.23225707 0.28585133
vt 0.23142733 0.29018086
vt 0.20837063 0.28705686
vt 0.21161038 0.29243940
vt 0.19704556 0.28998870
vt 0.18435138 0.28235087
vt 0.17829847 0.28787908
vt 0.16596742 0.28366601
vt 0.16238071 0.28673896
vt 0.16292010 0.27940893
vt 0.14879487 0.28277898
vt 0.14658530 0.27822518
vt 0.12777041 0.28304452
vt 0.12944464 0.27668905
vt 0.11673595 0.27836487
vt 0.14483635 0.28589889
vt 0.11948983 0.27343321
vt 0.10075200 0.27649063
vt 0.10489622 0.27047092
vt 0.23284946 0.29454660
vt 0.20734498 0.28413668
vt 0.09578249 0.27186760
vt 0.09136117 0.26643169
vt 0.08604641 0.26947528
vt 0.08320344 0.26217940
vt 0.07261626 0.26889589
vt 0.06628995 0.26194036
vt 0.05335148 0.27262408
vt 0.05304605 0.26272988
vt 0.03980174 0.27300259
vt 0.03750439 0.26356077
vt 0.02615620 0.27326602
vt 0.03239454 0.25649998
vt 0.02109588 0.25855398
vt 0.07940374 0.25595906
vt 0.06526957 0.25558773
vt 0.09239416 0.25745013
vt 0.11405546 0.25812221
vt 0.12731104 0.25684527
vt 0.13844171 0.26205432
vt 0.14526772 0.25570753
vt 0.15201546 0.26234218
vt 0.05729993 0.25791934
vt 0.15240777 0.25327897
vt 0.01782198 0.27531344
vt 0.01713633 0.24998529
vt 0.02423468 0.25090265
vt 0.16873515 0.25664273
vt 0.05504052 0.25376877
vt 0.06688216 0.27291518
vt 0.02694592 0.27786863
vt 0.08313353 0.27377689
vt 0.10647676 0.28169611
vt 0.18323179 0.29158062
vt 0.15908083 0.26424789
vt 0.18419723 0.25940844
vt 0.17854980 0.25464281
vt 0.19640179 0.25658938
vt 0.20003563 0.26161769
vt 0.21600255 0.25945294
vt 0.21357535 0.25270104
vt 0.22920695 0.25504985
vt 0.23752238 0.25911501
vt 0.24937068 0.25228876
vt 0.25550804 0.26308364
vt 0.26471481 0.25373527
vt 0.26854220 0.24432020
vt 0.28098521 0.24621122
vt 0.28682971 0.23981509
vt 0.29994485 0.24011247
vt 0.29960749 0.24623919
vt 0.31504586 0.24120001
vt 0.31785995 0.23424168
vt 0.33836877 0.23149459
vt 0.33536071 0.23797964
vt 0.35792875 0.23354770
vt 0.35877600 0.22885250
vt 0.38128895 0.23194022
vt 0.37487334 0.22386588
vt 0.40212843 0.22719333
vt 0.39531580 0.22102319
vt 0.41357803 0.22112203
vt 0.42671004 0.22753765
vt 0.44555682 0.22505656
vt 0.40601224 0.22926512
vt 0.35287070 0.22613974
vt 0.19295010 0.25257811
vt 0.30254018 0.23573002
vt 0.32800913 0.23000747
vt 0.27307937 0.25404766
vt 0.26223594 0.26006731
vt 0.27100736 0.26827645
vt 0.26978976 0.26069337
vt 0.28950396 0.26384234
vt 0.29010859 0.26721376
vt 0.28935537 0.27232936
vt 0.31207523 0.27562568
vt 0.31262496 0.26728719
vt 0.33629072 0.27838114
vt 0.33561736 0.26980090
vt 0.35831565 0.27850702
vt 0.35707116 0.27084494
vt 0.38333449 0.28122720
vt 0.38404468 0.27351591
vt 0.41697577 0.28144214
vt 0.40726748 0.27287862
vt 0.42630002 0.27273381
vt 0.44633541 0.28537574
vt 0.44838101 0.27631336
vt 0.42471784 0.28521845
vt 0.39878875 0.28509191
vt 0.46526071 0.28829196
vt 0.46442232 0.27884710
vt 0.48659965 0.28002533
vt 0.48660862 0.29188538
vt 0.50894940 0.28376722
vt 0.51082218 0.29742989
vt 0.25224981 0.26661986
vt 0.36902258 0.28447470
vt 0.23092337 0.26290834
vt 0.52894133 0.28990605
vt 0.52867991 0.30415666
vt 0.16703407 0.25039053
vt 0.13192610 0.26687437
vt 0.42322227 0.23173419
vt 0.17783605 0.26488939
vt 0.63624763 0.78800660
vt 0.64682788 0.78417635
vt 0.64543140 0.78897470
vt 0.65768069 0.78906983
vt 0.62573248 0.77777845
vt 0.61177731 0.78466165
vt 0.60199696 0.77368885
vt 0.59096932 0.77818143
vt 0.58934289 0.77040327
vt 0.59589535 0.78790158
vt 0.58781809 0.79170096
vt 0.59011716 0.79812056
vt 0.61005753 0.79229540
vt 0.60893452 0.78724223
vt 0.59021008 0.76698643
vt 0.65700018 0.78278297
vt 0.67812574 0.79004377
vt 0.58225435 0.79896080
vt 0.67362148 0.79295534
vt 0.70192027 0.79691011
vt 0.64381284 0.77643591
vt 0.70968562 0.79071707
vt 0.72119397 0.79761642
vt 0.72722787 0.79432672
vt 0.74523991 0.79896080
vt 0.21058644 0.47202238
vt 0.18801914 0.47194111
vt 0.19112962 0.46942452
vt 0.16846584 0.47065395
vt 0.17125882 0.46581244
vt 0.15879795 0.46245417
vt 0.13921425 0.46280479
vt 0.14840934 0.47091439
vt 0.13650887 0.47124180
vt 0.10933624 0.47161934
vt 0.12385660 0.46265775
vt 0.06747944 0.47202238
vt 0.08344102 0.46176705
vt 0.15662858 0.46083134
vt 0.06740289 0.46137437
vt 0.78008813 0.01478817
vt 0.78013480 0.03430210
vt 0.78332067 0.03727736
vt 0.77875096 0.05321041
vt 0.78332067 0.05652523
vt 0.78067732 0.07953637
vt 0.31787854 0.40247801
vt 0.32482862 0.40359879
vt 0.31349537 0.40727419
vt 0.30509853 0.40364531
vt 0.32246381 0.40725937
vt 0.29817212 0.40725937
vt 0.19611576 0.80055958
vt 0.21896420 0.80055958
vt 0.20563571 0.79816145
vt 0.46938694 0.23376912
vt 0.48081669 0.23265506
vt 0.47110888 0.22933567
vt 0.45963442 0.23381294
vt 0.48669192 0.23318608
vt 0.48890030 0.22661871
vt 0.49957740 0.23381294
vt 0.50913936 0.23238389
vt 0.09483823 0.99480414
vt 0.07349581 0.99480414
vt 0.08295316 0.99240607
vt 0.10624524 0.99299651
vt 0.47182027 0.14508393
vt 0.48427853 0.14495218
vt 0.48381728 0.14108713
vt 0.49619192 0.14508393
vt 0.47182027 0.51039171
vt 0.47128987 0.50799358
vt 0.45506474 0.51039171
vt 0.44667313 0.31361806
vt 0.44287890 0.31534773
vt 0.44295698 0.30895284
vt 0.45379266 0.31152898
vt 0.46801218 0.31534773
vt 0.88385379 0.30095923
vt 0.87838197 0.29616308
vt 0.87699926 0.30095923
vt 0.82178444 0.61514926
vt 0.82368624 0.61174631
vt 0.82368582 0.59832132
vt 0.82368582 0.62831908
vt 0.81386018 0.62949640
vt 0.80997717 0.61322492
vt 0.11139012 0.42055514
vt 0.11461730 0.42406482
vt 0.11538460 0.41846523
vt 0.10929170 0.42701682
vt 0.11538462 0.43365309
vt 0.95040888 0.10241975
vt 0.94609654 0.10352775
vt 0.95392233 0.10754519
vt 0.94879669 0.09261247
vt 0.93298733 0.09152789
vt 0.92750102 0.10532512
vt 0.92773819 0.12190248
vt 0.95047319 0.08016435
vt 0.93787253 0.08005438
vt 0.95059919 0.06703399
vt 0.93956023 0.06507467
vt 0.94120413 0.05401093
vt 0.95290577 0.04554719
vt 0.94087529 0.03914094
vt 0.95287651 0.02877254
vt 0.94083548 0.02038369
vt 0.95392233 0.05668169
vt 0.92117286 0.09973130
vt 0.92127299 0.10589007
vt 0.90492719 0.92394871
vt 0.90537626 0.92034066
vt 0.90884256 0.92664802
vt 0.89827526 0.92404115
vt 0.80214065 0.89058733
vt 0.81617892 0.88651121
vt 0.82871115 0.89517945
vt 0.81514102 0.89921314
vt 0.79843903 0.90291184
vt 0.79291558 0.89779747
vt 0.82820708 0.88220155
vt 0.84241569 0.88088495
vt 0.84572053 0.89220637
vt 0.85824782 0.87965870
vt 0.85467458 0.89225769
vt 0.86726671 0.89055198
vt 0.87752229 0.87868893
vt 0.87367570 0.88977039
vt 0.88698113 0.88981587
vt 0.88781691 0.87569946
vt 0.90064359 0.87741870
vt 0.90872562 0.88174736
vt 0.89958745 0.89313775
vt 0.89082593 0.89941132
vt 0.89585489 0.90200037
vt 0.88462144 0.89570016
vt 0.91614223 0.89283878
vt 0.90121776 0.89973122
vt 0.91376108 0.90110469
vt 0.91535264 0.88171190
vt 0.92338830 0.90377784
vt 0.93335873 0.90234470
vt 0.93204284 0.91121095
vt 0.92176735 0.91110599
vt 0.83129549 0.89784187
vt 0.92154121 0.92802036
vt 0.90551955 0.91579306
vt 0.89318001 0.91146684
vt 0.89447528 0.92239916
vt 0.88466269 0.92477882
vt 0.88668060 0.90537083
vt 0.87720656 0.91010123
vt 0.86499619 0.92420292
vt 0.86735272 0.93530256
vt 0.85654229 0.93877083
vt 0.85066104 0.92980206
vt 0.83605492 0.94031149
vt 0.83661461 0.94952613
vt 0.86698121 0.91689217
vt 0.91161114 0.94011384
vt 0.90131515 0.95000261
vt 0.89826506 0.93655241
vt 0.88722932 0.94926590
vt 0.88558137 0.96295893
vt 0.88298887 0.97301346
vt 0.87776828 0.97021848
vt 0.87308973 0.98242307
vt 0.86834222 0.97849816
vt 0.86295056 0.99960029
vt 0.84976852 0.94862264
vt 0.83481741 0.96006918
vt 0.82185203 0.96618223
vt 0.82229984 0.95873475
vt 0.85762745 0.92340356
vt 0.89487708 0.90505177
vt 0.88990092 0.90373451
vt 0.88227606 0.95327866
vt 0.87683755 0.96596992
vt 0.90644252 0.95253301
vt 0.88382381 0.93331212
vt 0.79448229 0.98263568
vt 0.79115164 0.97800410
vt 0.76275706 0.99960029
vt 0.87509555 0.94037211
vt 0.88766181 0.46083134
vt 0.88080734 0.46004456
vt 0.88766181 0.45683452
vt 0.69725817 0.76139086
vt 0.69204259 0.75536543
vt 0.69593900 0.75577790
vt 0.62625581 0.74594259
vt 0.61364675 0.74949932
vt 0.61212122 0.74540365
vt 0.59458852 0.74794805
vt 0.59414959 0.75423563
vt 0.57441932 0.74985510
vt 0.57437199 0.75744176
vt 0.55564314 0.75421953
vt 0.62468660 0.75192046
vt 0.63914758 0.75231081
vt 0.64493752 0.74610198
vt 0.64790225 0.75222176
vt 0.65889007 0.75227159
vt 0.66756254 0.74912345
vt 0.66848886 0.75284374
vt 0.68387967 0.75405657
vt 0.68987107 0.74865782
vt 0.55709171 0.75997478
vt 0.54548657 0.75848246
vt 0.52919012 0.75579727
vt 0.52921379 0.76139086
vt 0.51142830 0.75524354
vt 0.51092136 0.76121104
vt 0.61427927 0.75410271
vt 0.67476594 0.75673479
vt 0.69340146 0.76046914
vt 0.64129823 0.75544810
vt 0.59900230 0.75745487
vt 0.57612818 0.74606335
vt 0.55257231 0.75025356
vt 0.55084258 0.74772513
vt 0.52534252 0.74931049
vt 0.50609291 0.74870390
vt 0.99276465 0.90311539
vt 0.98669785 0.89909208
vt 0.99131006 0.90527576
vt 0.98974770 0.89798641
vt 0.98627579 0.89158869
vt 0.97753239 0.89063025
vt 0.98220134 0.88129497
vt 0.99276465 0.88358366
vt 0.84881949 0.49567133
vt 0.84870338 0.48641089
vt 0.84653467 0.49966687
vt 0.84870327 0.50319743
vt 0.62261993 0.03557154
vt 0.61860424 0.03403704
vt 0.62043786 0.03077538
vt 0.60281795 0.03557154
vt 0.44973344 0.54956037
vt 0.44973344 0.55515587
vt 0.44668698 0.55224550
vt 0.46344250 0.29695681
vt 0.46363300 0.29319727
vt 0.46648896 0.29776180
vt 0.46648896 0.29216626
vt 0.30045697 0.07553957
vt 0.30807310 0.07553957
vt 0.30448639 0.07394085
vt 0.84729630 0.61670661
vt 0.85262758 0.61670661
vt 0.85101140 0.61430854
vt 0.03794169 0.77372366
vt 0.04990796 0.68429303
vt 0.03833678 0.68074256
vt 0.05113196 0.77119178
vt 0.05035491 0.84789199
vt 0.03693831 0.85149300
vt 0.03696607 0.64336860
vt 0.05066415 0.64506114
vt 0.04951290 0.62078017
vt 0.03770781 0.61973935
vt 0.04844612 0.85571545
vt 0.06054836 0.62060708
vt 0.05893262 0.69050854
vt 0.06047980 0.64712697
vt 0.05813121 0.76557189
vt 0.06054836 0.85187936
vt 0.04897913 0.61476344
vt 0.05907811 0.61430854
vt 0.03923088 0.61493498
vt 0.93770599 0.01398881
vt 0.96293730 0.00227275
vt 0.92696977 0.00306936
vt 0.95784968 0.01352322
vt 0.91624182 0.00959127
vt 0.98408437 0.01398881
vt 0.90600652 0.00189527
vt 0.90521967 0.01197153
vt 0.88091207 0.01189392
vt 0.97843027 0.00133257
vt 0.89329648 0.00336871
vt 0.87808651 0.00505954
vt 0.85415369 0.00997049
vt 0.85231340 0.00484058
vt 0.83663368 0.00984096
vt 0.99809599 0.00352511
vt 0.94719523 0.00119904
vt 0.38187855 0.96751994
vt 0.39834115 0.97655803
vt 0.40171266 0.97224671
vt 0.37689748 0.97513461
vt 0.36062333 0.96710563
vt 0.42005739 0.97509980
vt 0.36659861 0.97721821
vt 0.35103634 0.97372472
vt 0.34708491 0.96896458
vt 0.32308686 0.97121793
vt 0.31841815 0.97552210
vt 0.41695863 0.96770269
vt 0.43264666 0.97019184
vt 0.44193840 0.97588855
vt 0.45796278 0.96602720
vt 0.46069837 0.97438633
vt 0.47657412 0.97334427
vt 0.48156995 0.96630263
vt 0.50336128 0.97183776
vt 0.51354980 0.96654755
vt 0.51705027 0.97280985
vt 0.53565311 0.97123277
vt 0.53378427 0.97495645
vt 0.55585849 0.97572947
vt 0.56183732 0.96986639
vt 0.57270819 0.97721821
vt 0.31645086 0.96732742
vt 0.58718258 0.97226125
vt 0.58758569 0.96629798
vt 0.12680884 0.05715428
vt 0.10528336 0.05075939
vt 0.08796649 0.05715428
vt 0.93716681 0.82613909
vt 0.93716681 0.84772182
vt 0.92802739 0.84168983
vt 0.52310288 0.33852917
vt 0.52345282 0.34822389
vt 0.50662231 0.34415844
vt 0.50414336 0.35277545
vt 0.53480124 0.34221461
vt 0.48781416 0.35371703
vt 0.54291022 0.34709203
vt 0.55172431 0.34531185
vt 0.55506331 0.33960962
vt 0.56626046 0.34232596
vt 0.52472109 0.35371703
vt 0.08644326 0.67825741
vt 0.11081493 0.67825741
vt 0.09897795 0.67186248
vt 0.00468548 0.78697044
vt 0.00799695 0.76227719
vt 0.00351418 0.75201541
vt 0.00038081 0.75091004
vt 0.00119087 0.72467977
vt 0.00623486 0.72783470
vt 0.00779330 0.71079725
vt 0.00154853 0.71019840
vt 0.00799695 0.69584334
vt 0.54569685 0.46642685
vt 0.54188883 0.45977238
vt 0.54569685 0.43205437
vt 0.64699161 0.67026377
vt 0.64089870 0.66960257
vt 0.64699161 0.65027976
vt 0.22124904 0.68625098
vt 0.20843075 0.68145484
vt 0.19687738 0.68625098
vt 0.03927381 0.41846523
vt 0.01877776 0.41286969
vt 0.01479735 0.41791391
vt 0.00038081 0.41846523
vt 0.03590675 0.41302520
vt 0.05826352 0.41503325
vt 0.91523486 0.23048519
vt 0.91051030 0.23270744
vt 0.91964966 0.25219825
vt 0.91310209 0.22182432
vt 0.91964966 0.20663469
vt 0.83344001 0.68606865
vt 0.82964814 0.67612290
vt 0.82901752 0.70150274
vt 0.83663368 0.67259753
vt 0.83284074 0.70243955
vt 0.83663368 0.71982414
vt 0.83158833 0.66272593
vt 0.83069998 0.65187848
vt 0.83580679 0.70809531
vt 0.93869001 0.44724220
vt 0.93412036 0.43286920
vt 0.93869001 0.42166266
vt 0.57463825 0.64388490
vt 0.57006854 0.62354553
vt 0.57463825 0.61910474
vt 0.33911240 0.81654674
vt 0.34339628 0.81334931
vt 0.32635185 0.81463158
vt 0.35376999 0.81654674
vt 0.40708300 0.99240607
vt 0.40099010 0.98289657
vt 0.40708300 0.97721821
vt 0.49124026 0.02757794
vt 0.48400611 0.03317346
vt 0.49695355 0.03317346
vt 0.30263346 0.95243806
vt 0.29664889 0.95723420
vt 0.31111959 0.95723420
vt 0.27532369 0.82454038
vt 0.27151561 0.81946599
vt 0.27532369 0.80455637
vt 0.73762375 0.06274980
vt 0.72667372 0.05795364
vt 0.72315311 0.06274980
vt 0.78636712 0.61676168
vt 0.79017520 0.61350918
vt 0.79017520 0.62549961
vt 0.40784463 0.80775380
vt 0.40503219 0.80455637
vt 0.39337397 0.80775380
vt 0.01210692 0.69184655
vt 0.00495049 0.69504398
vt 0.01485149 0.69504392
vt 0.41398701 0.41542074
vt 0.40058941 0.41907430
vt 0.39296600 0.41272891
vt 0.42091328 0.41999272
vt 0.38462752 0.41626182
vt 0.36144054 0.41325206
vt 0.38425833 0.42186359
vt 0.41731763 0.41107905
vt 0.37110424 0.42108965
vt 0.36207920 0.41751584
vt 0.43039733 0.41550544
vt 0.34995073 0.42276242
vt 0.33916509 0.41977766
vt 0.32400936 0.42339069
vt 0.31834051 0.41676942
vt 0.30221704 0.42077506
vt 0.30557394 0.42613867
vt 0.28562063 0.42796266
vt 0.28500143 0.42075422
vt 0.26272106 0.42719448
vt 0.26699612 0.43161091
vt 0.26608717 0.42120340
vt 0.25238717 0.42327297
vt 0.23464476 0.42683196
vt 0.24164976 0.43263119
vt 0.42977712 0.40955606
vt 0.44830444 0.41317922
vt 0.44864592 0.40796024
vt 0.46486053 0.41180611
vt 0.46473432 0.40662426
vt 0.47852278 0.40545559
vt 0.48536676 0.41051051
vt 0.49178788 0.40520304
vt 0.50788182 0.40688118
vt 0.50793785 0.39798921
vt 0.52644610 0.40518868
vt 0.48682338 0.40018955
vt 0.50968087 0.41354105
vt 0.51934826 0.39502093
vt 0.53518820 0.39569703
vt 0.55036169 0.40361056
vt 0.54931545 0.39325464
vt 0.48912197 0.41533259
vt 0.52732021 0.41148517
vt 0.49629760 0.42111093
vt 0.48359302 0.42284790
vt 0.47620949 0.42308867
vt 0.46633083 0.43053359
vt 0.46446469 0.42531288
vt 0.46218339 0.41924137
vt 0.46087223 0.41614383
vt 0.45797268 0.41901547
vt 0.44111654 0.43839929
vt 0.44424948 0.43034747
vt 0.43899766 0.41657797
vt 0.43784970 0.42054746
vt 0.52764165 0.38710400
vt 0.43361881 0.43830180
vt 0.42470920 0.43541142
vt 0.40620294 0.44254431
vt 0.41137588 0.44804156
vt 0.54096711 0.41716635
vt 0.55178982 0.40851626
vt 0.33731961 0.41547236
vt 0.54885948 0.38327935
vt 0.53385448 0.38191199
vt 0.53891587 0.37338558
vt 0.54745477 0.37186706
vt 0.52194208 0.38326362
vt 0.50901008 0.39094761
vt 0.50654358 0.38124552
vt 0.49391207 0.38180041
vt 0.47497275 0.37530366
vt 0.49356592 0.37436879
vt 0.46694246 0.37054530
vt 0.45479369 0.37336051
vt 0.42763191 0.36632273
vt 0.44100884 0.37163472
vt 0.42399555 0.36979806
vt 0.41144398 0.36566061
vt 0.41381037 0.37044907
vt 0.40082127 0.36490807
vt 0.44692564 0.37607679
vt 0.47292125 0.37994123
vt 0.51779652 0.37710088
vt 0.51708764 0.41876456
vt 0.51015699 0.39223725
vt 0.21988086 0.43527457
vt 0.19953755 0.43796161
vt 0.21803801 0.42649147
vt 0.20426661 0.42674389
vt 0.18773089 0.42948517
vt 0.16491997 0.43250492
vt 0.17731988 0.44050542
vt 0.15596545 0.44386902
vt 0.15168750 0.43253332
vt 0.13223124 0.44550756
vt 0.13541813 0.43435618
vt 0.12105396 0.43691662
vt 0.11453911 0.44756237
vt 0.09913930 0.44227868
vt 0.08439523 0.43857208
vt 0.07725870 0.44804156
vt 0.06849750 0.43908486
vt 0.04607768 0.44073725
vt 0.79093677 0.23221423
vt 0.79093677 0.22741807
vt 0.78514212 0.23217368
vt 0.78179741 0.22747293
vt 0.65003806 0.33213431
vt 0.64597905 0.33337483
vt 0.65003806 0.35289732
vt 0.64166033 0.35057345
vt 0.64494359 0.35666034
vt 0.64879376 0.35931256
vt 0.22307420 0.03499714
vt 0.19161193 0.03164970
vt 0.20454842 0.03032195
vt 0.20973216 0.03794323
vt 0.22409855 0.04013458
vt 0.20183933 0.02511344
vt 0.22912818 0.03102761
vt 0.24246109 0.03951201
vt 0.17753316 0.02337737
vt 0.24193434 0.04241997
vt 0.26120910 0.04331422
vt 0.25792193 0.04980182
vt 0.27570355 0.04761497
vt 0.27513716 0.05352637
vt 0.28839311 0.05172115
vt 0.28778607 0.04571563
vt 0.29669154 0.05335664
vt 0.30491114 0.04912986
vt 0.30603692 0.05309274
vt 0.32683000 0.05073125
vt 0.30766183 0.04605651
vt 0.32615319 0.05750642
vt 0.34648478 0.06299528
vt 0.35154504 0.05502827
vt 0.35751432 0.07163459
vt 0.36021382 0.05514840
vt 0.35000348 0.04659751
vt 0.36097887 0.04039691
vt 0.34792355 0.03819578
vt 0.33439210 0.04277153
vt 0.33300406 0.03535419
vt 0.32838219 0.03106743
vt 0.33131006 0.04517332
vt 0.32438132 0.04251527
vt 0.31321904 0.04615495
vt 0.31119874 0.04238913
vt 0.31824151 0.03594081
vt 0.34944850 0.03093750
vt 0.36552107 0.04208674
vt 0.36368087 0.05561712
vt 0.34604535 0.07494228
vt 0.34140900 0.07011643
vt 0.32522428 0.07025196
vt 0.31996706 0.06093296
vt 0.32918978 0.04908812
vt 0.26525870 0.03949518
vt 0.16509640 0.02392868
vt 0.16094865 0.01606752
vt 0.14414822 0.01581595
vt 0.30503538 0.02791262
vt 0.30172032 0.03311686
vt 0.28653488 0.02616273
vt 0.27489388 0.01771349
vt 0.27184102 0.01950032
vt 0.25822082 0.01749306
vt 0.26010409 0.01193887
vt 0.24394311 0.01066359
vt 0.23264886 0.01314686
vt 0.22937194 0.00604478
vt 0.21517828 0.00432985
vt 0.22045267 0.00039968
vt 0.30774996 0.06769137
vt 0.29882675 0.05853849
vt 0.29298872 0.06562882
vt 0.28345484 0.06988031
vt 0.26893577 0.06708866
vt 0.26043254 0.05988640
vt 0.26653895 0.05810070
vt 0.24730006 0.06535831
vt 0.26481825 0.07219262
vt 0.24614261 0.07196379
vt 0.28642353 0.05718237
vt 0.24994835 0.06871969
vt 0.23973252 0.06020741
vt 0.22196493 0.05886587
vt 0.20966922 0.05921957
vt 0.36308023 0.06817068
vt 0.43666819 0.06015496
vt 0.44821277 0.07319041
vt 0.53903639 0.06660983
vt 0.52463043 0.05591868
vt 0.58421856 0.05556588
vt 0.58530086 0.07042256
vt 0.46811017 0.04827393
vt 0.53130525 0.07819825
vt 0.58063936 0.08318488
vt 0.50854844 0.08353317
vt 0.38912013 0.04497578
vt 0.22877227 0.06888255
vt 0.22866660 0.06727854
vt 0.19325483 0.06143812
vt 0.20893775 0.07018245
vt 0.18021540 0.06712613
vt 0.19075015 0.07069732
vt 0.17136043 0.07239542
vt 0.17198463 0.07754368
vt 0.19391271 0.07577002
vt 0.20854804 0.07322250
vt 0.15128846 0.07120799
vt 0.15312916 0.07655309
vt 0.15048863 0.08038578
vt 0.12557362 0.07728069
vt 0.13279210 0.07251593
vt 0.13145147 0.06783316
vt 0.10677899 0.06927583
vt 0.10448650 0.07298934
vt 0.11182093 0.07899535
vt 0.08419885 0.07563572
vt 0.09143335 0.08114570
vt 0.06842531 0.08202409
vt 0.06594622 0.07256747
vt 0.04793008 0.07508069
vt 0.04092507 0.08249998
vt 0.02716383 0.07457619
vt 0.01258447 0.08353318
vt 0.00038081 0.07264741
vt 0.08799861 0.07287129
vt 0.37738004 0.83733016
vt 0.35605484 0.83733016
vt 0.36321762 0.82853717
vt 0.36447567 0.28976819
vt 0.38347295 0.29376498
vt 0.36367097 0.29376498
f 4138/4138 4118/4118 4139/4139
f 4118/4118 4117/4117 4119/4119
f 4118/4118 4119/4119 4139/4139
f 762/762 763/763 764/764
f 762/762 754/754 763/763
f 4139/4139 4140/4140 4141/4141
f 4136/4136 4118/4118 4138/4138
f 4139/4139 4119/4119 4140/4140
f 4662/4662 4657/4657 4661/4661
f 4119/4119 4120/4120 4140/4140
f 4140/4140 4120/4120 4142/4142
f 4117/4117 4120/4120 4119/4119
f 4661/4661 4657/4657 4660/4660
f 4134/4134 4116/4116 4118/4118
f 4134/4134 4118/4118 4136/4136
f 4116/4116 4117/4117 4118/4118
f 827/827 826/826 829/829
f 829/829 826/826 830/830
f 829/829 830/830 831/831
f 829/829 831/831 832/832
f 832/832 831/831 834/834
f 4725/4725 4724/4724 4723/4723
f 3198/3198 3188/3188 3197/3197
f 3197/3197 3188/3188 3195/3195
f 3198/3198 3180/3180 3175/3175
f 3198/3198 3175/3175 3188/3188
f 3175/3175 3179/3179 3188/3188
f 752/752 753/753 754/754
f 4660/4660 4657/4657 4659/4659
f 4133/4133 4116/4116 4134/4134
f 4657/4657 4658/4658 4659/4659
f 866/866 853/853 831/831
f 826/826 833/833 830/830
f 831/831 852/852 834/834
f 1864/1864 1866/1866 1863/1863
f 4724/4724 4715/4715 4723/4723
f 4723/4723 4715/4715 4714/4714
f 2452/2452 2454/2454 2465/2465
f 3195/3195 3179/3179 3193/3193
f 3193/3193 3179/3179 3182/3182
f 2452/2452 2453/2453 2454/2454
f 3188/3188 3179/3179 3195/3195
f 4131/4131 4116/4116 4133/4133
f 827/827 824/824 826/826
f 826/826 835/835 833/833
f 831/831 853/853 852/852
f 852/852 853/853 854/854
f 3175/3175 3176/3176 3177/3177
f 3175/3175 3177/3177 3179/3179
f 3179/3179 3177/3177 3181/3181
f 3179/3179 3181/3181 3182/3182
f 3193/3193 3182/3182 3194/3194
f 3180/3180 3184/3184 3178/3178
f 3180/3180 3178/3178 3175/3175
f 3178/3178 3176/3176 3175/3175
f 4132/4132 4131/4131 4133/4133
f 824/824 825/825 826/826
f 826/826 825/825 835/835
f 853/853 855/855 854/854
f 4714/4714 4700/4700 4713/4713
f 4714/4714 4715/4715 4700/4700
f 2466/2466 2452/2452 2472/2472
f 2600/2600 2604/2604 2606/2606
f 2466/2466 2450/2450 2452/2452
f 3176/3176 3178/3178 3192/3192
f 3193/3193 3194/3194 3196/3196
f 2450/2450 2440/2440 2451/2451
f 2450/2450 2451/2451 2452/2452
f 2452/2452 2451/2451 2453/2453
f 3184/3184 3186/3186 3185/3185
f 3184/3184 3185/3185 3178/3178
f 3181/3181 3183/3183 3182/3182
f 3182/3182 3183/3183 3189/3189
f 4130/4130 4125/4125 4131/4131
f 4130/4130 4131/4131 4132/4132
f 4659/4659 4658/4658 4663/4663
f 824/824 821/821 823/823
f 824/824 823/823 825/825
f 1859/1859 1858/1858 1860/1860
f 3182/3182 3189/3189 3194/3194
f 4687/4687 4659/4659 4665/4665
f 4659/4659 4664/4664 4665/4665
f 4659/4659 4663/4663 4664/4664
f 820/820 821/821 824/824
f 2644/2644 2649/2649 2651/2651
f 2649/2649 2648/2648 2651/2651
f 2641/2641 2648/2648 2644/2644
f 2644/2644 2648/2648 2649/2649
f 4354/4354 4353/4353 4350/4350
f 4353/4353 4351/4351 4350/4350
f 4713/4713 4700/4700 4712/4712
f 2466/2466 2439/2439 2450/2450
f 3187/3187 3190/3190 3185/3185
f 3185/3185 3190/3190 3191/3191
f 2439/2439 2440/2440 2450/2450
f 2439/2439 2437/2437 2440/2440
f 4765/4765 4764/4764 4754/4754
f 3187/3187 3185/3185 3186/3186
f 4129/4129 4123/4123 4125/4125
f 4129/4129 4125/4125 4130/4130
f 822/822 823/823 821/821
f 854/854 855/855 856/856
f 4367/4367 4354/4354 4355/4355
f 4354/4354 4352/4352 4355/4355
f 2650/2650 2639/2639 2644/2644
f 4354/4354 4350/4350 4352/4352
f 2639/2639 2640/2640 2641/2641
f 2639/2639 2641/2641 2644/2644
f 3911/3911 3906/3906 3909/3909
f 3909/3909 3906/3906 3908/3908
f 3906/3906 3904/3904 3908/3908
f 2470/2470 2439/2439 2466/2466
f 4699/4699 4698/4698 4697/4697
f 4700/4700 4699/4699 4697/4697
f 2439/2439 2435/2435 2437/2437
f 3189/3189 3199/3199 3194/3194
f 4123/4123 4124/4124 4125/4125
f 820/820 818/818 819/819
f 820/820 819/819 821/821
f 821/821 819/819 822/822
f 854/854 856/856 870/870
f 854/854 870/870 871/871
f 4355/4355 4366/4366 4367/4367
f 2652/2652 2650/2650 2654/2654
f 4355/4355 4356/4356 4357/4357
f 4355/4355 4352/4352 4356/4356
f 2639/2639 2642/2642 2640/2640
f 4350/4350 4351/4351 4352/4352
f 3916/3916 3911/3911 3909/3909
f 3911/3911 3912/3912 3906/3906
f 3906/3906 3905/3905 3904/3904
f 2468/2468 2439/2439 2470/2470
f 2468/2468 2438/2438 2439/2439
f 2438/2438 2435/2435 2439/2439
f 4764/4764 4752/4752 4754/4754
f 4153/4153 4151/4151 4152/4152
f 2435/2435 2436/2436 2437/2437
f 741/741 739/739 742/742
f 4126/4126 4123/4123 4129/4129
f 816/816 819/819 818/818
f 870/870 872/872 871/871
f 4364/4364 4366/4366 4357/4357
f 2652/2652 2643/2643 2639/2639
f 2642/2642 2639/2639 2643/2643
f 3903/3903 3901/3901 3902/3902
f 3904/3904 3905/3905 3901/3901
f 3904/3904 3901/3901 3903/3903
f 4698/4698 4695/4695 4697/4697
f 2438/2438 2436/2436 2435/2435
f 4763/4763 4762/4762 4764/4764
f 4152/4152 4151/4151 4148/4148
f 3189/3189 3200/3200 3199/3199
f 3199/3199 3200/3200 3201/3201
f 740/740 739/739 741/741
f 4665/4665 4664/4664 4666/4666
f 4121/4121 4123/4123 4126/4126
f 4121/4121 4122/4122 4123/4123
f 4123/4123 4122/4122 4124/4124
f 816/816 883/883 884/884
f 816/816 884/884 819/819
f 4646/4646 4643/4643 4650/4650
f 871/871 872/872 886/886
f 4364/4364 4357/4357 4359/4359
f 4357/4357 4356/4356 4358/4358
f 4357/4357 4358/4358 4359/4359
f 2645/2645 2642/2642 2643/2643
f 3901/3901 3899/3899 3902/3902
f 3955/3955 3917/3917 3916/3916
f 3917/3917 3915/3915 3916/3916
f 3916/3916 3915/3915 3911/3911
f 3915/3915 3914/3914 3911/3911
f 1752/1752 1744/1744 1746/1746
f 1746/1746 1751/1751 1752/1752
f 1752/1752 1751/1751 1753/1753
f 1754/1754 1753/1753 1755/1755
f 1054/1054 1057/1057 1063/1063
f 1753/1753 1756/1756 1755/1755
f 1755/1755 1756/1756 1757/1757
f 1755/1755 1757/1757 1767/1767
f 1746/1746 1745/1745 1751/1751
f 1744/1744 1745/1745 1746/1746
f 1768/1768 1769/1769 1767/1767
f 1757/1757 1768/1768 1767/1767
f 1855/1855 1856/1856 1857/1857
f 4163/4163 4150/4150 4151/4151
f 2469/2469 2438/2438 2468/2468
f 4762/4762 4740/4740 4752/4752
f 4151/4151 4150/4150 4148/4148
f 2469/2469 2444/2444 2438/2438
f 2444/2444 2441/2441 2438/2438
f 2441/2441 2436/2436 2438/2438
f 2441/2441 2442/2442 2436/2436
f 4761/4761 4762/4762 4763/4763
f 817/817 816/816 818/818
f 2646/2646 2645/2645 2643/2643
f 2285/2285 2292/2292 2291/2291
f 2291/2291 2292/2292 2293/2293
f 3901/3901 3900/3900 3899/3899
f 3957/3957 3920/3920 3955/3955
f 3955/3955 3920/3920 3917/3917
f 4006/4006 4007/4007 4008/4008
f 1053/1053 1051/1051 1054/1054
f 1051/1051 1056/1056 1057/1057
f 1054/1054 1051/1051 1057/1057
f 1063/1063 1057/1057 1059/1059
f 1059/1059 1057/1057 1058/1058
f 1059/1059 1058/1058 1067/1067
f 1058/1058 1068/1068 1067/1067
f 1067/1067 1068/1068 1076/1076
f 1743/1743 1739/1739 1744/1744
f 1744/1744 1739/1739 1745/1745
f 1060/1060 1049/1049 1053/1053
f 1053/1053 1049/1049 1051/1051
f 1076/1076 1077/1077 1078/1078
f 4163/4163 4162/4162 4150/4150
f 2444/2444 2443/2443 2441/2441
f 4761/4761 4738/4738 4762/4762
f 4695/4695 4716/4716 4701/4701
f 736/736 739/739 740/740
f 4667/4667 4666/4666 4668/4668
f 738/738 739/739 736/736
f 4127/4127 4121/4121 4126/4126
f 867/867 809/809 817/817
f 809/809 816/816 817/817
f 816/816 882/882 883/883
f 2646/2646 2653/2653 2647/2647
f 4359/4359 4358/4358 4360/4360
f 2647/2647 2645/2645 2646/2646
f 3957/3957 3926/3926 3920/3920
f 3920/3920 3919/3919 3917/3917
f 3919/3919 3918/3918 3917/3917
f 1057/1057 1056/1056 1058/1058
f 1051/1051 1052/1052 1056/1056
f 1058/1058 1075/1075 1068/1068
f 1736/1736 1739/1739 1743/1743
f 1076/1076 1068/1068 1077/1077
f 1736/1736 1738/1738 1739/1739
f 1061/1061 1046/1046 1060/1060
f 1060/1060 1046/1046 1049/1049
f 1078/1078 1077/1077 1079/1079
f 4710/4710 4720/4720 4708/4708
f 4740/4740 4739/4739 4750/4750
f 2467/2467 2444/2444 2469/2469
f 4738/4738 4739/4739 4740/4740
f 4150/4150 4145/4145 4148/4148
f 2467/2467 2445/2445 2444/2444
f 4148/4148 4145/4145 4144/4144
f 2445/2445 2443/2443 2444/2444
f 2443/2443 2442/2442 2441/2441
f 3370/3370 3369/3369 3371/3371
f 4128/4128 4121/4121 4127/4127
f 4128/4128 4143/4143 4121/4121
f 807/807 809/809 867/867
f 809/809 815/815 816/816
f 816/816 815/815 882/882
f 4361/4361 4359/4359 4360/4360
f 2294/2294 2292/2292 2284/2284
f 5180/5180 5181/5181 5182/5182
f 3900/3900 3898/3898 3899/3899
f 3926/3926 3922/3922 3920/3920
f 3922/3922 3921/3921 3920/3920
f 3921/3921 3919/3919 3920/3920
f 1056/1056 1075/1075 1058/1058
f 1050/1050 1052/1052 1051/1051
f 472/472 454/454 458/458
f 1046/1046 1048/1048 1049/1049
f 1736/1736 1737/1737 1738/1738
f 1061/1061 1045/1045 1046/1046
f 2445/2445 2447/2447 2446/2446
f 2445/2445 2446/2446 2443/2443
f 3370/3370 3368/3368 3369/3369
f 4144/4144 4145/4145 4146/4146
f 736/736 737/737 738/738
f 4135/4135 4128/4128 4127/4127
f 873/873 874/874 872/872
f 886/886 872/872 887/887
f 5179/5179 5181/5181 5180/5180
f 3913/3913 3910/3910 3900/3900
f 3926/3926 3925/3925 3922/3922
f 1047/1047 1048/1048 1046/1046
f 458/458 454/454 449/449
f 1741/1741 1740/1740 1736/1736
f 4708/4708 4720/4720 4706/4706
f 1740/1740 1737/1737 1736/1736
f 1065/1065 1039/1039 1045/1045
f 4161/4161 4156/4156 4162/4162
f 4162/4162 4156/4156 4150/4150
f 4696/4696 4695/4695 4692/4692
f 4695/4695 4694/4694 4692/4692
f 2455/2455 2445/2445 2467/2467
f 2455/2455 2448/2448 2445/2445
f 2448/2448 2447/2447 2445/2445
f 3368/3368 3366/3366 3369/3369
f 3364/3364 3366/3366 3368/3368
f 4642/4642 4641/4641 4643/4643
f 868/868 810/810 807/807
f 807/807 808/808 809/809
f 808/808 815/815 809/809
f 4361/4361 4362/4362 4363/4363
f 4361/4361 4360/4360 4362/4362
f 2294/2294 2295/2295 2292/2292
f 5178/5178 5179/5179 5180/5180
f 3925/3925 3924/3924 3922/3922
f 1044/1044 1047/1047 1046/1046
f 454/454 450/450 449/449
f 1045/1045 1044/1044 1046/1046
f 449/449 450/450 448/448
f 1742/1742 1747/1747 1740/1740
f 1742/1742 1740/1740 1741/1741
f 1039/1039 1044/1044 1045/1045
f 449/449 448/448 447/447
f 4720/4720 4719/4719 4706/4706
f 4706/4706 4719/4719 4705/4705
f 3364/3364 3365/3365 3366/3366
f 4137/4137 4128/4128 4135/4135
f 4585/4585 4584/4584 4586/4586
f 812/812 810/810 868/868
f 810/810 808/808 807/807
f 2522/2522 2515/2515 2523/2523
f 872/872 874/874 875/875
f 2296/2296 2295/2295 2294/2294
f 4348/4348 4349/4349 4339/4339
f 3898/3898 3896/3896 3897/3897
f 3925/3925 3927/3927 3924/3924
f 3924/3924 3923/3923 3922/3922
f 3400/3400 3391/3391 3396/3396
f 3399/3399 3391/3391 3400/3400
f 3399/3399 3398/3398 3391/3391
f 4707/4707 4706/4706 4703/4703
f 450/450 443/443 448/448
f 1064/1064 1039/1039 1065/1065
f 448/448 443/443 447/447
f 1742/1742 1748/1748 1747/1747
f 1072/1072 1036/1036 1064/1064
f 4279/4279 4277/4277 4278/4278
f 4161/4161 4160/4160 4156/4156
f 4692/4692 4694/4694 4693/4693
f 4733/4733 4734/4734 4735/4735
f 4156/4156 4147/4147 4145/4145
f 2449/2449 2448/2448 2455/2455
f 2448/2448 2449/2449 2447/2447
f 4146/4146 4147/4147 4149/4149
f 799/799 801/801 800/800
f 749/749 757/757 756/756
f 4583/4583 4584/4584 4585/4585
f 810/810 811/811 808/808
f 2522/2522 2513/2513 2515/2515
f 875/875 877/877 887/887
f 1355/1355 1353/1353 1352/1352
f 3897/3897 3896/3896 3895/3895
f 5177/5177 5176/5176 5178/5178
f 3910/3910 3907/3907 3898/3898
f 3898/3898 3907/3907 3896/3896
f 5176/5176 5179/5179 5178/5178
f 3925/3925 3930/3930 3927/3927
f 3394/3394 3396/3396 3386/3386
f 3396/3396 3389/3389 3386/3386
f 3403/3403 3397/3397 3402/3402
f 3402/3402 3397/3397 3401/3401
f 3401/3401 3397/3397 3399/3399
f 3396/3396 3391/3391 3389/3389
f 3403/3403 3418/3418 3397/3397
f 3397/3397 3398/3398 3399/3399
f 3391/3391 3390/3390 3389/3389
f 3397/3397 3418/3418 3393/3393
f 3397/3397 3393/3393 3398/3398
f 3392/3392 3390/3390 3391/3391
f 3393/3393 3392/3392 3391/3391
f 3398/3398 3393/3393 3391/3391
f 3574/3574 3572/3572 3564/3564
f 1039/1039 1043/1043 1044/1044
f 3981/3981 3982/3982 3983/3983
f 1749/1749 1748/1748 1742/1742
f 1064/1064 1036/1036 1039/1039
f 447/447 443/443 442/442
f 4278/4278 4277/4277 4276/4276
f 4160/4160 4158/4158 4156/4156
f 1810/1810 1811/1811 1849/1849
f 2458/2458 2456/2456 2455/2455
f 2456/2456 2449/2449 2455/2455
f 2456/2456 2457/2457 2449/2449
f 3372/3372 3367/3367 3364/3364
f 3367/3367 3365/3365 3364/3364
f 4678/4678 4670/4670 4671/4671
f 4642/4642 4638/4638 4641/4641
f 4582/4582 4584/4584 4583/4583
f 4638/4638 4637/4637 4641/4641
f 812/812 813/813 811/811
f 812/812 811/811 810/810
f 875/875 876/876 877/877
f 2296/2296 2297/2297 2295/2295
f 5174/5174 5176/5176 5177/5177
f 3930/3930 3929/3929 3927/3927
f 3929/3929 3928/3928 3927/3927
f 3927/3927 3928/3928 3924/3924
f 3394/3394 3386/3386 3395/3395
f 3404/3404 3405/3405 3403/3403
f 3404/3404 3403/3403 3402/3402
f 3405/3405 3412/3412 3403/3403
f 3390/3390 3387/3387 3389/3389
f 1593/1593 1564/1564 1588/1588
f 1587/1587 1567/1567 1583/1583
f 1588/1588 1564/1564 1565/1565
f 1588/1588 1565/1565 1567/1567
f 1588/1588 1567/1567 1587/1587
f 1035/1035 1042/1042 1039/1039
f 4706/4706 4705/4705 4703/4703
f 1036/1036 1035/1035 1039/1039
f 1758/1758 1750/1750 1749/1749
f 1749/1749 1750/1750 1748/1748
f 1037/1037 1036/1036 1072/1072
f 4277/4277 4273/4273 4276/4276
f 3373/3373 3367/3367 3372/3372
f 805/805 801/801 802/802
f 4678/4678 4671/4671 4676/4676
f 5114/5114 5113/5113 5115/5115
f 4581/4581 4582/4582 4583/4583
f 862/862 828/828 814/814
f 828/828 813/813 814/814
f 814/814 813/813 812/812
f 813/813 851/851 811/811
f 876/876 878/878 877/877
f 5175/5175 5176/5176 5174/5174
f 3930/3930 3931/3931 3929/3929
f 4298/4298 4296/4296 4297/4297
f 3406/3406 3405/3405 3404/3404
f 3386/3386 3387/3387 3388/3388
f 3386/3386 3389/3389 3387/3387
f 1595/1595 1557/1557 1599/1599
f 1599/1599 1557/1557 1593/1593
f 1557/1557 1559/1559 1593/1593
f 1593/1593 1559/1559 1564/1564
f 1759/1759 1758/1758 1749/1749
f 1034/1034 1035/1035 1036/1036
f 1759/1759 1761/1761 1758/1758
f 442/442 440/440 441/441
f 4691/4691 4690/4690 4689/4689
f 4147/4147 4158/4158 4159/4159
f 2458/2458 2460/2460 2456/2456
f 2460/2460 2475/2475 2456/2456
f 2456/2456 2475/2475 2457/2457
f 3373/3373 3374/3374 3367/3367
f 805/805 806/806 801/801
f 4677/4677 4676/4676 4675/4675
f 4676/4676 4671/4671 4675/4675
f 4638/4638 4635/4635 4637/4637
f 4671/4671 4672/4672 4673/4673
f 5075/5075 5113/5113 5114/5114
f 4637/4637 4635/4635 4634/4634
f 5183/5183 5172/5172 5174/5174
f 5173/5173 5174/5174 5172/5172
f 5173/5173 5175/5175 5174/5174
f 3406/3406 3407/3407 3405/3405
f 3549/3549 3546/3546 3548/3548
f 3405/3405 3407/3407 3412/3412
f 1600/1600 1586/1586 1595/1595
f 1586/1586 1560/1560 1595/1595
f 1595/1595 1560/1560 1557/1557
f 1583/1583 1568/1568 1584/1584
f 1583/1583 1584/1584 1589/1589
f 445/445 444/444 443/443
f 3560/3560 3561/3561 3562/3562
f 442/442 443/443 440/440
f 1770/1770 1763/1763 1761/1761
f 1770/1770 1761/1761 1759/1759
f 1037/1037 1034/1034 1036/1036
f 1761/1761 1760/1760 1758/1758
f 1758/1758 1760/1760 1750/1750
f 1037/1037 1038/1038 1034/1034
f 4276/4276 4273/4273 4275/4275
f 1763/1763 1762/1762 1761/1761
f 1761/1761 1762/1762 1760/1760
f 2473/2473 2459/2459 2458/2458
f 2459/2459 2460/2460 2458/2458
f 2459/2459 2461/2461 2460/2460
f 374/374 333/333 341/341
f 2461/2461 2475/2475 2460/2460
f 4651/4651 4639/4639 4638/4638
f 4638/4638 4639/4639 4635/4635
f 5068/5068 5113/5113 5075/5075
f 857/857 838/838 862/862
f 838/838 828/828 862/862
f 828/828 836/836 813/813
f 813/813 836/836 851/851
f 878/878 885/885 877/877
f 4346/4346 4338/4338 4347/4347
f 4346/4346 4339/4339 4338/4338
f 2298/2298 2297/2297 2296/2296
f 3895/3895 3893/3893 3894/3894
f 3907/3907 3893/3893 3896/3896
f 3896/3896 3893/3893 3895/3895
f 5169/5169 5168/5168 5172/5172
f 5168/5168 5173/5173 5172/5172
f 3931/3931 3932/3932 3929/3929
f 655/655 656/656 657/657
f 4299/4299 4295/4295 4293/4293
f 4295/4295 4294/4294 4293/4293
f 3409/3409 3407/3407 3408/3408
f 3408/3408 3407/3407 3406/3406
f 4503/4503 4500/4500 4488/4488
f 1596/1596 1586/1586 1600/1600
f 4296/4296 4332/4332 4294/4294
f 4334/4334 4333/4333 4296/4296
f 4333/4333 4332/4332 4296/4296
f 1589/1589 1584/1584 1590/1590
f 1560/1560 1558/1558 1557/1557
f 443/443 444/444 440/440
f 1038/1038 1040/1040 1034/1034
f 1055/1055 1041/1041 1038/1038
f 441/441 440/440 340/340
f 4273/4273 4274/4274 4275/4275
f 1765/1765 1764/1764 1763/1763
f 1763/1763 1764/1764 1762/1762
f 1066/1066 1062/1062 1055/1055
f 4653/4653 4656/4656 4654/4654
f 375/375 340/340 374/374
f 2474/2474 2459/2459 2473/2473
f 2462/2462 2461/2461 2459/2459
f 3377/3377 3375/3375 3376/3376
f 3376/3376 3375/3375 3373/3373
f 3373/3373 3375/3375 3374/3374
f 5072/5072 5069/5069 5075/5075
f 768/768 760/760 759/759
f 5069/5069 5068/5068 5075/5075
f 838/838 837/837 828/828
f 837/837 836/836 828/828
f 4634/4634 4635/4635 4636/4636
f 2298/2298 2299/2299 2297/2297
f 2297/2297 2299/2299 2300/2300
f 3893/3893 3892/3892 3894/3894
f 3933/3933 3932/3932 3931/3931
f 3410/3410 3409/3409 3408/3408
f 1586/1586 1562/1562 1560/1560
f 1562/1562 1561/1561 1560/1560
f 3362/3362 3357/3357 3363/3363
f 440/440 349/349 340/340
f 4653/4653 4654/4654 4655/4655
f 1771/1771 1766/1766 1765/1765
f 1766/1766 1764/1764 1765/1765
f 1069/1069 1062/1062 1066/1066
f 374/374 340/340 333/333
f 2463/2463 2459/2459 2474/2474
f 2464/2464 2462/2462 2463/2463
f 2463/2463 2462/2462 2459/2459
f 333/333 314/314 341/341
f 3790/3790 3789/3789 3791/3791
f 3789/3789 3795/3795 3791/3791
f 3791/3791 3795/3795 3796/3796
f 3377/3377 3378/3378 3375/3375
f 341/341 314/314 332/332
f 332/332 314/314 318/318
f 5067/5067 5068/5068 5069/5069
f 5067/5067 5070/5070 5068/5068
f 857/857 842/842 839/839
f 839/839 837/837 838/838
f 857/857 839/839 838/838
f 283/283 271/271 282/282
f 4774/4774 4775/4775 4776/4776
f 4776/4776 4777/4777 4774/4774
f 271/271 273/273 282/282
f 5170/5170 5165/5165 5169/5169
f 5165/5165 5166/5166 5169/5169
f 5166/5166 5167/5167 5168/5168
f 5166/5166 5168/5168 5169/5169
f 3956/3956 3937/3937 3934/3934
f 3956/3956 3934/3934 3933/3933
f 3933/3933 3934/3934 3932/3932
f 4189/4189 4188/4188 4190/4190
f 1596/1596 1574/1574 1586/1586
f 1586/1586 1574/1574 1562/1562
f 359/359 358/358 349/349
f 349/349 322/322 340/340
f 3356/3356 3353/3353 3357/3357
f 1772/1772 1766/1766 1771/1771
f 1069/1069 1070/1070 1062/1062
f 1071/1071 1070/1070 1069/1069
f 1073/1073 1071/1071 1069/1069
f 340/340 322/322 333/333
f 2463/2463 2471/2471 2464/2464
f 4749/4749 4732/4732 4731/4731
f 4639/4639 4640/4640 4635/4635
f 4343/4343 4340/4340 4342/4342
f 5071/5071 5070/5070 5067/5067
f 840/840 837/837 839/839
f 344/344 273/273 343/343
f 345/345 343/343 281/281
f 3893/3893 3890/3890 3892/3892
f 5161/5161 5166/5166 5165/5165
f 5161/5161 5162/5162 5166/5166
f 5162/5162 5167/5167 5166/5166
f 3934/3934 3935/3935 3932/3932
f 659/659 658/658 655/655
f 4302/4302 4293/4293 4290/4290
f 3411/3411 3409/3409 3410/3410
f 1597/1597 1591/1591 1598/1598
f 4332/4332 4331/4331 4294/4294
f 1596/1596 1594/1594 1574/1574
f 985/985 981/981 984/984
f 985/985 984/984 1022/1022
f 3030/3030 3031/3031 3032/3032
f 981/981 983/983 984/984
f 979/979 980/980 981/981
f 981/981 980/980 982/982
f 981/981 982/982 983/983
f 4921/4921 4922/4922 4923/4923
f 983/983 986/986 984/984
f 986/986 987/987 984/984
f 3460/3460 3463/3463 3461/3461
f 979/979 978/978 980/980
f 986/986 988/988 987/987
f 988/988 989/989 987/987
f 988/988 1026/1026 989/989
f 972/972 978/978 979/979
f 987/987 1016/1016 1017/1017
f 457/457 455/455 437/437
f 989/989 990/990 987/987
f 987/987 990/990 991/991
f 987/987 991/991 1016/1016
f 991/991 990/990 992/992
f 358/358 320/320 349/349
f 349/349 320/320 322/322
f 1839/1839 1837/1837 1840/1840
f 1773/1773 1772/1772 1771/1771
f 1773/1773 1774/1774 1772/1772
f 3348/3348 3351/3351 3381/3381
f 322/322 315/315 333/333
f 4937/4937 4938/4938 4939/4939
f 1074/1074 1071/1071 1073/1073
f 3379/3379 3348/3348 3381/3381
f 333/333 315/315 314/314
f 5125/5125 5126/5126 5127/5127
f 5125/5125 5124/5124 5126/5126
f 318/318 284/284 354/354
f 5073/5073 5074/5074 5067/5067
f 5074/5074 5071/5071 5067/5067
f 5074/5074 5076/5076 5071/5071
f 841/841 839/839 842/842
f 5159/5159 5160/5160 5161/5161
f 5160/5160 5163/5163 5162/5162
f 5160/5160 5162/5162 5161/5161
f 3952/3952 3938/3938 3937/3937
f 3938/3938 3936/3936 3937/3937
f 3937/3937 3936/3936 3934/3934
f 3936/3936 3935/3935 3934/3934
f 4293/4293 4292/4292 4290/4290
f 4187/4187 4191/4191 4188/4188
f 4187/4187 4188/4188 4189/4189
f 3413/3413 3410/3410 3414/3414
f 3413/3413 3411/3411 3410/3410
f 1594/1594 1576/1576 1574/1574
f 1576/1576 1575/1575 1574/1574
f 3031/3031 3030/3030 3034/3034
f 982/982 1025/1025 1028/1028
f 4855/4855 4858/4858 4859/4859
f 983/983 1028/1028 986/986
f 3025/3025 3032/3032 3031/3031
f 980/980 1025/1025 982/982
f 474/474 466/466 467/467
f 3025/3025 3033/3033 3032/3032
f 978/978 1005/1005 980/980
f 1005/1005 1025/1025 980/980
f 467/467 466/466 455/455
f 3020/3020 3033/3033 3025/3025
f 969/969 971/971 972/972
f 971/971 977/977 972/972
f 972/972 977/977 978/978
f 978/978 977/977 1005/1005
f 1021/1021 1005/1005 977/977
f 969/969 970/970 971/971
f 971/971 970/970 977/977
f 970/970 1021/1021 977/977
f 1009/1009 1021/1021 970/970
f 992/992 993/993 991/991
f 991/991 993/993 1003/1003
f 1775/1775 1774/1774 1773/1773
f 1776/1776 1774/1774 1775/1775
f 3348/3348 3350/3350 3351/3351
f 1778/1778 1776/1776 1775/1775
f 3379/3379 3352/3352 3348/3348
f 5122/5122 5123/5123 5125/5125
f 3378/3378 3358/3358 3352/3352
f 3378/3378 3352/3352 3379/3379
f 5123/5123 5124/5124 5125/5125
f 3380/3380 3358/3358 3378/3378
f 3788/3788 3789/3789 3790/3790
f 318/318 314/314 284/284
f 5112/5112 5077/5077 5074/5074
f 5112/5112 5074/5074 5073/5073
f 284/284 271/271 283/283
f 4342/4342 4340/4340 4341/4341
f 5077/5077 5078/5078 5076/5076
f 5077/5077 5076/5076 5074/5074
f 859/859 846/846 843/843
f 859/859 843/843 858/858
f 843/843 841/841 842/842
f 858/858 843/843 842/842
f 839/839 841/841 840/840
f 4340/4340 4336/4336 4341/4341
f 5158/5158 5160/5160 5159/5159
f 273/273 281/281 343/343
f 5158/5158 5164/5164 5160/5160
f 5164/5164 5163/5163 5160/5160
f 3890/3890 3891/3891 3892/3892
f 3951/3951 3940/3940 3952/3952
f 3952/3952 3940/3940 3938/3938
f 4301/4301 4290/4290 4300/4300
f 347/347 346/346 353/353
f 353/353 346/346 356/356
f 1594/1594 1592/1592 1579/1579
f 1594/1594 1579/1579 1576/1576
f 4854/4854 4856/4856 4855/4855
f 4855/4855 4856/4856 4858/4858
f 4855/4855 4852/4852 4854/4854
f 4851/4851 4852/4852 4850/4850
f 466/466 456/456 455/455
f 4849/4849 4851/4851 4850/4850
f 456/456 434/434 455/455
f 4848/4848 4849/4849 4850/4850
f 455/455 434/434 437/437
f 437/437 434/434 432/432
f 968/968 967/967 969/969
f 967/967 970/970 969/969
f 434/434 425/425 432/432
f 3466/3466 3477/3477 3469/3469
f 1010/1010 1009/1009 967/967
f 967/967 1009/1009 970/970
f 432/432 425/425 426/426
f 426/426 425/425 381/381
f 315/315 313/313 314/314
f 5122/5122 5121/5121 5123/5123
f 3359/3359 3358/3358 3380/3380
f 5121/5121 5124/5124 5123/5123
f 3793/3793 3792/3792 3788/3788
f 3788/3788 3792/3792 3789/3789
f 3382/3382 3359/3359 3380/3380
f 314/314 313/313 284/284
f 4674/4674 4682/4682 4679/4679
f 5079/5079 5080/5080 5078/5078
f 5079/5079 5078/5078 5077/5077
f 846/846 845/845 843/843
f 5156/5156 5158/5158 5157/5157
f 5187/5187 5188/5188 5189/5189
f 5156/5156 5164/5164 5158/5158
f 3958/3958 3943/3943 3942/3942
f 3958/3958 3942/3942 3951/3951
f 3942/3942 3940/3940 3951/3951
f 4304/4304 4289/4289 4303/4303
f 3940/3940 3939/3939 3938/3938
f 4300/4300 4290/4290 4289/4289
f 347/347 274/274 346/346
f 346/346 355/355 356/356
f 3416/3416 3415/3415 3414/3414
f 3415/3415 3413/3413 3414/3414
f 1580/1580 1578/1578 1579/1579
f 729/729 710/710 712/712
f 4852/4852 4853/4853 4854/4854
f 728/728 712/712 724/724
f 4851/4851 4853/4853 4852/4852
f 4848/4848 4847/4847 4849/4849
f 4845/4845 4846/4846 4847/4847
f 4845/4845 4847/4847 4848/4848
f 966/966 967/967 968/968
f 966/966 956/956 967/967
f 967/967 1011/1011 1010/1010
f 426/426 381/381 451/451
f 993/993 1008/1008 1006/1006
f 993/993 1006/1006 1003/1003
f 3355/3355 3354/3354 3352/3352
f 3358/3358 3355/3355 3352/3352
f 5119/5119 5120/5120 5121/5121
f 5119/5119 5121/5121 5122/5122
f 3797/3797 3794/3794 3793/3793
f 3794/3794 3792/3792 3793/3793
f 5082/5082 5079/5079 5112/5112
f 284/284 257/257 271/271
f 5082/5082 5081/5081 5079/5079
f 5081/5081 5080/5080 5079/5079
f 845/845 844/844 843/843
f 843/843 844/844 841/841
f 848/848 847/847 846/846
f 847/847 845/845 846/846
f 5135/5135 5156/5156 5142/5142
f 5139/5139 5155/5155 5156/5156
f 5135/5135 5139/5139 5156/5156
f 5139/5139 5137/5137 5155/5155
f 273/273 274/274 281/281
f 3959/3959 3943/3943 3958/3958
f 3942/3942 3941/3941 3940/3940
f 3941/3941 3939/3939 3940/3940
f 281/281 274/274 405/405
f 405/405 274/274 347/347
f 4292/4292 4329/4329 4291/4291
f 346/346 348/348 355/355
f 1603/1603 1604/1604 1598/1598
f 1585/1585 1580/1580 1592/1592
f 2592/2592 2580/2580 2593/2593
f 1592/1592 1580/1580 1579/1579
f 695/695 689/689 691/691
f 699/699 695/695 705/705
f 434/434 427/427 425/425
f 3024/3024 3029/3029 3019/3019
f 4845/4845 4844/4844 4846/4846
f 3517/3517 3518/3518 3513/3513
f 1010/1010 1011/1011 1009/1009
f 4843/4843 4844/4844 4845/4845
f 965/965 956/956 966/966
f 956/956 958/958 967/967
f 967/967 958/958 1011/1011
f 964/964 956/956 965/965
f 956/956 957/957 958/958
f 964/964 954/954 956/956
f 1003/1003 1006/1006 1020/1020
f 954/954 955/955 956/956
f 956/956 955/955 957/957
f 955/955 1023/1023 957/957
f 954/954 948/948 950/950
f 954/954 950/950 955/955
f 1012/1012 955/955 950/950
f 357/357 321/321 320/320
f 320/320 315/315 322/322
f 5119/5119 5118/5118 5120/5120
f 3384/3384 3383/3383 3382/3382
f 3383/3383 3361/3361 3382/3382
f 3382/3382 3361/3361 3359/3359
f 2769/2769 2771/2771 2779/2779
f 2769/2769 2770/2770 2771/2771
f 3384/3384 3385/3385 3383/3383
f 266/266 257/257 284/284
f 5084/5084 5085/5085 5083/5083
f 5084/5084 5083/5083 5082/5082
f 5083/5083 5081/5081 5082/5082
f 257/257 269/269 271/271
f 861/861 849/849 860/860
f 860/860 849/849 848/848
f 849/849 847/847 848/848
f 847/847 850/850 845/845
f 845/845 881/881 844/844
f 5135/5135 5141/5141 5140/5140
f 271/271 269/269 272/272
f 5132/5132 5139/5139 5135/5135
f 5132/5132 5136/5136 5137/5137
f 5132/5132 5137/5137 5139/5139
f 3946/3946 3943/3943 3959/3959
f 3943/3943 3941/3941 3942/3942
f 3417/3417 3415/3415 3416/3416
f 2591/2591 2580/2580 2592/2592
f 1585/1585 1582/1582 1580/1580
f 2486/2486 2490/2490 2491/2491
f 2491/2491 2492/2492 2493/2493
f 2490/2490 2492/2492 2491/2491
f 717/717 718/718 719/719
f 4842/4842 4836/4836 4843/4843
f 425/425 380/380 381/381
f 4833/4833 4836/4836 4842/4842
f 957/957 1032/1032 958/958
f 1023/1023 1032/1032 957/957
f 451/451 381/381 371/371
f 4590/4590 4589/4589 4592/4592
f 3501/3501 3507/3507 3508/3508
f 3501/3501 3508/3508 3502/3502
f 1012/1012 1023/1023 955/955
f 4590/4590 4587/4587 4589/4589
f 948/948 949/949 950/950
f 949/949 1012/1012 950/950
f 949/949 1027/1027 1012/1012
f 952/952 951/951 948/948
f 951/951 949/949 948/948
f 1827/1827 1828/1828 1838/1838
f 5119/5119 5116/5116 5118/5118
f 2939/2939 2940/2940 2941/2941
f 313/313 266/266 284/284
f 5116/5116 5117/5117 5118/5118
f 2769/2769 2773/2773 2772/2772
f 2772/2772 2770/2770 2769/2769
f 5148/5148 5149/5149 5146/5146
f 5147/5147 5146/5146 5144/5144
f 5154/5154 5106/5106 5105/5105
f 5146/5146 5145/5145 5144/5144
f 5144/5144 5143/5143 5106/5106
f 5085/5085 5084/5084 5086/5086
f 5086/5086 5084/5084 5087/5087
f 5086/5086 5088/5088 5085/5085
f 880/880 869/869 864/864
f 880/880 864/864 861/861
f 850/850 881/881 845/845
f 5133/5133 5130/5130 5132/5132
f 5133/5133 5132/5132 5135/5135
f 3532/3532 3531/3531 3521/3521
f 5130/5130 5131/5131 5132/5132
f 5131/5131 5136/5136 5132/5132
f 3949/3949 3945/3945 3946/3946
f 273/273 272/272 274/274
f 3946/3946 3945/3945 3943/3943
f 3945/3945 3944/3944 3943/3943
f 275/275 348/348 346/346
f 274/274 275/275 346/346
f 2477/2477 2484/2484 2482/2482
f 2484/2484 2485/2485 2482/2482
f 2493/2493 2494/2494 2495/2495
f 2494/2494 2499/2499 2495/2495
f 2495/2495 2499/2499 2500/2500
f 2500/2500 2499/2499 2506/2506
f 2485/2485 2486/2486 2482/2482
f 2508/2508 2491/2491 2493/2493
f 2485/2485 2489/2489 2486/2486
f 2489/2489 2490/2490 2486/2486
f 2493/2493 2492/2492 2494/2494
f 2573/2573 2575/2575 2576/2576
f 2492/2492 2499/2499 2494/2494
f 2780/2780 2781/2781 2782/2782
f 4836/4836 4844/4844 4843/4843
f 4833/4833 4832/4832 4836/4836
f 380/380 370/370 381/381
f 4831/4831 4834/4834 4832/4832
f 4831/4831 4832/4832 4833/4833
f 381/381 370/370 371/371
f 4831/4831 4835/4835 4834/4834
f 370/370 330/330 371/371
f 959/959 953/953 952/952
f 4839/4839 4838/4838 4835/4835
f 953/953 951/951 952/952
f 951/951 1024/1024 949/949
f 1024/1024 1027/1027 949/949
f 4587/4587 4588/4588 4589/4589
f 4589/4589 4588/4588 4591/4591
f 321/321 316/316 320/320
f 320/320 316/316 315/315
f 1830/1830 1838/1838 1828/1828
f 1843/1843 1838/1838 1830/1830
f 5148/5148 5147/5147 5150/5150
f 5098/5098 5103/5103 5116/5116
f 5103/5103 5117/5117 5116/5116
f 4209/4209 4210/4210 4211/4211
f 5154/5154 5150/5150 5144/5144
f 2773/2773 2774/2774 2772/2772
f 16/16 10/10 11/11
f 5150/5150 5147/5147 5144/5144
f 5144/5144 5106/5106 5154/5154
f 5111/5111 5090/5090 5086/5086
f 11/11 10/10 3/3
f 5144/5144 5145/5145 5143/5143
f 5089/5089 5088/5088 5086/5086
f 5090/5090 5089/5089 5086/5086
f 869/869 879/879 865/865
f 869/869 865/865 864/864
f 5149/5149 5152/5152 5151/5151
f 5149/5149 5151/5151 5146/5146
f 5146/5146 5151/5151 5145/5145
f 864/864 863/863 861/861
f 861/861 863/863 849/849
f 4619/4619 4615/4615 4618/4618
f 4618/4618 4615/4615 4617/4617
f 4615/4615 4616/4616 4617/4617
f 11/11 18/18 19/19
f 11/11 3/3 18/18
f 5151/5151 5152/5152 5153/5153
f 5151/5151 5153/5153 5145/5145
f 2212/2212 2211/2211 2210/2210
f 2203/2203 2206/2206 2205/2205
f 25/25 23/23 22/22
f 5128/5128 5131/5131 5130/5130
f 22/22 23/23 24/24
f 24/24 23/23 31/31
f 274/274 272/272 275/275
f 3853/3853 3874/3874 3875/3875
f 4199/4199 4196/4196 4197/4197
f 2582/2582 2580/2580 2591/2591
f 2579/2579 2578/2578 2580/2580
f 2580/2580 2578/2578 2589/2589
f 2479/2479 2505/2505 2487/2487
f 2476/2476 2479/2479 2477/2477
f 2504/2504 2500/2500 2506/2506
f 2504/2504 2506/2506 2507/2507
f 2476/2476 2477/2477 2478/2478
f 2479/2479 2487/2487 2477/2477
f 2487/2487 2484/2484 2477/2477
f 2569/2569 2570/2570 2572/2572
f 2570/2570 2571/2571 2572/2572
f 2572/2572 2571/2571 2573/2573
f 2783/2783 2784/2784 2782/2782
f 2782/2782 2784/2784 2785/2785
f 2576/2576 2575/2575 2577/2577
f 2781/2781 2783/2783 2782/2782
f 4838/4838 4837/4837 4835/4835
f 4835/4835 4837/4837 4834/4834
f 959/959 960/960 953/953
f 3499/3499 3498/3498 3503/3503
f 4839/4839 4840/4840 4838/4838
f 962/962 961/961 960/960
f 960/960 961/961 953/953
f 953/953 1004/1004 951/951
f 4857/4857 4841/4841 4840/4840
f 961/961 1004/1004 953/953
f 961/961 1002/1002 1004/1004
f 321/321 330/330 316/316
f 316/316 313/313 315/315
f 85/85 90/90 91/91
f 4/4 10/10 16/16
f 89/89 88/88 95/95
f 95/95 94/94 89/89
f 89/89 94/94 87/87
f 87/87 94/94 90/90
f 90/90 94/94 93/93
f 5097/5097 5103/5103 5098/5098
f 2776/2776 2777/2777 2775/2775
f 2776/2776 2775/2775 2773/2773
f 2775/2775 2774/2774 2773/2773
f 4208/4208 4207/4207 4209/4209
f 5094/5094 5092/5092 5093/5093
f 5092/5092 5090/5090 5093/5093
f 5092/5092 5091/5091 5090/5090
f 5090/5090 5091/5091 5089/5089
f 864/864 865/865 863/863
f 5110/5110 5109/5109 5128/5128
f 5128/5128 5130/5130 5129/5129
f 5110/5110 5128/5128 5129/5129
f 2214/2214 2213/2213 2212/2212
f 2213/2213 2211/2211 2212/2212
f 2211/2211 2209/2209 2210/2210
f 2201/2201 2203/2203 2205/2205
f 2217/2217 2215/2215 2216/2216
f 2216/2216 2215/2215 2214/2214
f 2214/2214 2215/2215 2213/2213
f 29/29 30/30 23/23
f 3859/3859 3853/3853 3855/3855
f 3855/3855 3853/3853 3852/3852
f 3852/3852 3853/3853 3854/3854
f 3854/3854 3853/3853 3875/3875
f 3859/3859 3874/3874 3853/3853
f 2582/2582 2581/2581 2580/2580
f 2581/2581 2579/2579 2580/2580
f 4305/4305 4307/4307 4311/4311
f 2578/2578 2579/2579 2566/2566
f 2502/2502 2498/2498 2503/2503
f 4305/4305 4306/4306 4307/4307
f 2502/2502 2501/2501 2498/2498
f 2578/2578 2566/2566 2567/2567
f 2498/2498 2497/2497 2496/2496
f 2498/2498 2501/2501 2497/2497
f 2567/2567 2562/2562 2590/2590
f 2496/2496 2497/2497 2488/2488
f 2590/2590 2562/2562 2594/2594
f 2496/2496 2488/2488 2481/2481
f 4308/4308 4306/4306 4305/4305
f 2562/2562 2558/2558 2594/2594
f 2488/2488 2483/2483 2481/2481
f 2483/2483 2479/2479 2481/2481
f 2481/2481 2479/2479 2480/2480
f 411/411 409/409 419/419
f 4308/4308 4309/4309 4306/4306
f 2483/2483 2505/2505 2479/2479
f 2558/2558 2559/2559 2560/2560
f 2564/2564 2560/2560 2563/2563
f 2564/2564 2563/2563 2565/2565
f 2564/2564 2565/2565 2568/2568
f 2564/2564 2568/2568 2569/2569
f 2569/2569 2568/2568 2570/2570
f 2785/2785 2786/2786 2787/2787
f 2571/2571 2574/2574 2573/2573
f 2785/2785 2784/2784 2786/2786
f 2573/2573 2574/2574 2575/2575
f 2796/2796 2797/2797 2790/2790
f 2783/2783 2801/2801 2784/2784
f 2790/2790 2783/2783 2781/2781
f 676/676 675/675 678/678
f 370/370 331/331 330/330
f 4840/4840 4841/4841 4838/4838
f 4887/4887 4886/4886 4888/4888
f 1004/1004 1033/1033 951/951
f 963/963 962/962 960/960
f 330/330 331/331 316/316
f 963/963 973/973 962/962
f 962/962 973/973 1002/1002
f 973/973 1014/1014 1002/1002
f 962/962 1002/1002 961/961
f 88/88 89/89 86/86
f 86/86 89/89 87/87
f 87/87 90/90 84/84
f 84/84 90/90 85/85
f 1831/1831 1844/1844 1843/1843
f 1843/1843 1830/1830 1831/1831
f 5104/5104 5094/5094 5095/5095
f 5104/5104 5095/5095 5098/5098
f 5095/5095 5097/5097 5098/5098
f 5095/5095 5096/5096 5097/5097
f 5094/5094 5093/5093 5095/5095
f 5095/5095 5093/5093 5096/5096
f 5097/5097 5096/5096 5103/5103
f 2778/2778 2777/2777 2776/2776
f 266/266 249/249 257/257
f 5096/5096 5093/5093 5099/5099
f 249/249 253/253 257/257
f 5100/5100 5099/5099 5101/5101
f 5100/5100 5101/5101 5102/5102
f 10/10 4/4 3/3
f 5091/5091 5107/5107 5089/5089
f 5107/5107 5108/5108 5089/5089
f 5089/5089 5108/5108 5110/5110
f 257/257 255/255 269/269
f 5108/5108 5109/5109 5110/5110
f 5107/5107 5109/5109 5108/5108
f 2199/2199 2200/2200 2201/2201
f 269/269 255/255 272/272
f 2201/2201 2200/2200 2203/2203
f 25/25 27/27 26/26
f 25/25 26/26 23/23
f 23/23 26/26 29/29
f 3/3 15/15 18/18
f 2217/2217 2264/2264 2215/2215
f 2215/2215 2264/2264 2213/2213
f 2213/2213 2266/2266 2211/2211
f 272/272 276/276 275/275
f 4385/4385 4387/4387 4389/4389
f 3858/3858 3860/3860 3857/3857
f 3857/3857 3855/3855 3856/3856
f 3858/3858 3857/3857 3856/3856
f 3856/3856 3855/3855 3852/3852
f 2586/2586 2587/2587 2585/2585
f 2586/2586 2585/2585 2584/2584
f 3857/3857 3859/3859 3855/3855
f 2584/2584 2585/2585 2583/2583
f 2584/2584 2583/2583 2582/2582
f 2582/2582 2583/2583 2581/2581
f 2583/2583 2595/2595 2581/2581
f 4311/4311 4307/4307 4312/4312
f 2830/2830 2821/2821 2829/2829
f 2567/2567 2566/2566 2562/2562
f 2566/2566 2561/2561 2562/2562
f 2562/2562 2561/2561 2558/2558
f 2561/2561 2559/2559 2558/2558
f 4309/4309 4314/4314 4306/4306
f 2559/2559 2563/2563 2560/2560
f 2787/2787 2786/2786 2788/2788
f 2570/2570 2568/2568 2571/2571
f 2803/2803 2784/2784 2801/2801
f 370/370 319/319 331/331
f 726/726 694/694 693/693
f 151/151 154/154 152/152
f 3506/3506 3505/3505 3504/3504
f 4884/4884 4885/4885 4886/4886
f 4884/4884 4886/4886 4887/4887
f 4882/4882 4885/4885 4884/4884
f 4883/4883 4882/4882 4884/4884
f 975/975 974/974 963/963
f 963/963 974/974 973/973
f 974/974 1007/1007 973/973
f 1007/1007 1014/1014 973/973
f 976/976 974/974 975/975
f 976/976 994/994 974/974
f 316/316 317/317 313/313
f 147/147 128/128 124/124
f 84/84 86/86 87/87
f 79/79 84/84 85/85
f 79/79 85/85 80/80
f 1846/1846 1847/1847 1844/1844
f 27/27 28/28 26/26
f 2217/2217 2265/2265 2264/2264
f 2264/2264 2262/2262 2213/2213
f 2213/2213 2262/2262 2266/2266
f 2211/2211 2266/2266 2209/2209
f 2209/2209 2266/2266 2208/2208
f 275/275 276/276 277/277
f 3862/3862 3888/3888 3863/3863
f 4471/4471 4462/4462 4537/4537
f 3863/3863 3861/3861 3862/3862
f 3862/3862 3861/3861 3858/3858
f 4385/4385 4386/4386 4387/4387
f 275/275 277/277 278/278
f 3861/3861 3860/3860 3858/3858
f 2588/2588 2587/2587 2586/2586
f 4388/4388 4387/4387 4386/4386
f 360/360 278/278 277/277
f 4307/4307 4306/4306 4315/4315
f 2821/2821 2819/2819 2829/2829
f 2829/2829 2819/2819 2817/2817
f 2817/2817 2816/2816 2815/2815
f 409/409 420/420 419/419
f 2806/2806 2799/2799 2800/2800
f 2786/2786 2789/2789 2788/2788
f 319/319 317/317 316/316
f 331/331 319/319 316/316
f 730/730 701/701 700/700
f 1018/1018 976/976 975/975
f 4880/4880 4882/4882 4883/4883
f 1007/1007 1029/1029 1014/1014
f 974/974 994/994 1007/1007
f 996/996 995/995 976/976
f 976/976 995/995 994/994
f 3154/3154 3155/3155 3157/3157
f 1031/1031 1030/1030 994/994
f 317/317 249/249 313/313
f 313/313 249/249 266/266
f 257/257 253/253 255/255
f 2960/2960 2956/2956 2955/2955
f 2204/2204 2198/2198 2199/2199
f 2199/2199 2197/2197 2200/2200
f 3/3 8/8 15/15
f 2264/2264 2261/2261 2262/2262
f 3865/3865 3864/3864 3863/3863
f 276/276 279/279 277/277
f 3864/3864 3861/3861 3863/3863
f 2172/2172 2173/2173 2174/2174
f 2174/2174 2173/2173 2175/2175
f 2173/2173 2176/2176 2175/2175
f 277/277 312/312 360/360
f 4314/4314 4320/4320 4316/4316
f 4880/4880 4881/4881 4882/4882
f 994/994 1029/1029 1007/1007
f 998/998 996/996 1018/1018
f 1018/1018 996/996 976/976
f 1030/1030 1029/1029 994/994
f 997/997 995/995 996/996
f 998/998 997/997 996/996
f 3151/3151 3153/3153 3154/3154
f 3153/3153 3155/3155 3154/3154
f 1848/1848 1846/1846 1845/1845
f 2200/2200 2197/2197 2202/2202
f 2198/2198 2197/2197 2199/2199
f 2266/2266 2254/2254 2208/2208
f 3868/3868 3867/3867 3865/3865
f 3887/3887 3865/3865 3863/3863
f 3867/3867 3866/3866 3865/3865
f 3866/3866 3864/3864 3865/3865
f 2180/2180 2168/2168 2182/2182
f 2182/2182 2168/2168 2169/2169
f 2182/2182 2169/2169 2172/2172
f 2169/2169 2171/2171 2172/2172
f 2172/2172 2171/2171 2173/2173
f 277/277 279/279 312/312
f 312/312 368/368 360/360
f 421/421 323/323 319/319
f 323/323 317/317 319/319
f 734/734 733/733 731/731
f 2899/2899 2898/2898 2894/2894
f 4868/4868 4867/4867 4869/4869
f 4868/4868 4869/4869 4871/4871
f 2899/2899 2900/2900 2898/2898
f 4866/4866 4870/4870 4867/4867
f 4866/4866 4867/4867 4868/4868
f 76/76 78/78 88/88
f 1015/1015 1001/1001 1013/1013
f 1001/1001 999/999 1013/1013
f 1013/1013 999/999 998/998
f 998/998 999/999 997/997
f 3153/3153 3156/3156 3155/3155
f 317/317 262/262 249/249
f 1001/1001 1000/1000 999/999
f 999/999 1000/1000 997/997
f 1001/1001 1019/1019 1000/1000
f 3152/3152 3148/3148 3150/3150
f 3879/3879 3876/3876 3878/3878
f 3872/3872 3870/3870 3882/3882
f 3873/3873 3871/3871 3872/3872
f 3872/3872 3871/3871 3870/3870
f 3882/3882 3870/3870 3883/3883
f 255/255 268/268 272/272
f 2265/2265 2258/2258 2253/2253
f 2265/2265 2253/2253 2264/2264
f 2264/2264 2253/2253 2261/2261
f 2261/2261 2252/2252 2262/2262
f 2262/2262 2252/2252 2254/2254
f 2262/2262 2254/2254 2266/2266
f 2254/2254 2255/2255 2208/2208
f 3870/3870 3868/3868 3884/3884
f 3883/3883 3870/3870 3884/3884
f 272/272 268/268 276/276
f 2183/2183 2181/2181 2179/2179
f 3871/3871 3880/3880 3869/3869
f 3871/3871 3869/3869 3870/3870
f 3870/3870 3869/3869 3868/3868
f 3884/3884 3868/3868 3885/3885
f 3868/3868 3869/3869 3867/3867
f 3868/3868 3865/3865 3886/3886
f 3885/3885 3868/3868 3886/3886
f 2179/2179 2178/2178 2177/2177
f 2177/2177 2178/2178 2166/2166
f 2177/2177 2166/2166 2168/2168
f 2177/2177 2168/2168 2180/2180
f 2167/2167 2170/2170 2169/2169
f 2168/2168 2167/2167 2169/2169
f 2169/2169 2170/2170 2171/2171
f 4103/4103 4104/4104 4105/4105
f 4105/4105 4104/4104 4106/4106
f 2827/2827 2809/2809 2813/2813
f 1238/1238 1260/1260 1242/1242
f 1238/1238 1259/1259 1260/1260
f 1242/1242 1260/1260 1261/1261
f 1260/1260 1262/1262 1261/1261
f 735/735 733/733 734/734
f 3149/3149 3156/3156 3153/3153
f 3148/3148 3149/3149 3150/3150
f 3150/3150 3149/3149 3151/3151
f 3151/3151 3149/3149 3153/3153
f 253/253 251/251 255/255
f 3878/3878 3876/3876 3877/3877
f 2198/2198 2193/2193 2197/2197
f 3877/3877 3876/3876 3873/3873
f 2197/2197 2185/2185 2183/2183
f 3879/3879 3880/3880 3876/3876
f 3876/3876 3871/3871 3873/3873
f 2252/2252 2256/2256 2254/2254
f 3876/3876 3880/3880 3871/3871
f 2183/2183 2184/2184 2181/2181
f 2181/2181 2178/2178 2179/2179
f 2166/2166 2167/2167 2168/2168
f 276/276 280/280 279/279
f 4091/4091 4102/4102 4103/4103
f 279/279 280/280 286/286
f 1257/1257 1258/1258 1238/1238
f 1237/1237 1257/1257 1238/1238
f 1258/1258 1259/1259 1238/1238
f 1261/1261 1262/1262 1263/1263
f 1263/1263 1262/1262 1276/1276
f 1281/1281 1282/1282 1280/1280
f 1281/1281 1283/1283 1282/1282
f 323/323 324/324 317/317
f 4870/4870 4872/4872 4867/4867
f 4874/4874 4873/4873 4870/4870
f 3116/3116 3115/3115 3148/3148
f 3148/3148 3115/3115 3149/3149
f 249/249 251/251 253/253
f 4/4 1/1 3/3
f 3/3 7/7 8/8
f 2193/2193 2185/2185 2197/2197
f 255/255 256/256 268/268
f 2185/2185 2184/2184 2183/2183
f 2253/2253 2252/2252 2261/2261
f 2184/2184 2195/2195 2181/2181
f 4099/4099 4101/4101 4098/4098
f 4096/4096 4100/4100 4095/4095
f 1223/1223 1222/1222 1237/1237
f 1226/1226 1255/1255 1222/1222
f 1222/1222 1255/1255 1256/1256
f 1222/1222 1256/1256 1237/1237
f 1237/1237 1256/1256 1257/1257
f 1652/1652 1643/1643 1645/1645
f 1652/1652 1645/1645 1649/1649
f 1226/1226 1254/1254 1255/1255
f 3162/3162 3161/3161 3158/3158
f 1228/1228 1254/1254 1226/1226
f 3158/3158 3159/3159 3160/3160
f 1228/1228 1253/1253 1254/1254
f 1228/1228 1252/1252 1253/1253
f 476/476 477/477 478/478
f 3160/3160 3163/3163 3164/3164
f 1230/1230 1252/1252 1228/1228
f 3163/3163 3165/3165 3164/3164
f 1230/1230 1233/1233 1251/1251
f 1230/1230 1251/1251 1252/1252
f 1251/1251 1289/1289 1252/1252
f 1263/1263 1277/1277 1284/1284
f 1233/1233 1249/1249 1251/1251
f 3164/3164 3166/3166 3167/3167
f 1263/1263 1276/1276 1277/1277
f 1276/1276 1278/1278 1277/1277
f 1277/1277 1278/1278 1279/1279
f 1278/1278 1280/1280 1279/1279
f 1278/1278 1281/1281 1280/1280
f 3171/3171 3172/3172 3174/3174
f 4875/4875 4873/4873 4874/4874
f 2193/2193 2192/2192 2185/2185
f 2192/2192 2187/2187 2185/2185
f 2185/2185 2187/2187 2186/2186
f 2184/2184 2186/2186 2195/2195
f 2258/2258 2250/2250 2253/2253
f 2253/2253 2248/2248 2252/2252
f 2252/2252 2247/2247 2256/2256
f 2256/2256 2247/2247 2254/2254
f 542/542 532/532 528/528
f 4098/4098 4110/4110 4096/4096
f 4096/4096 4110/4110 4100/4100
f 268/268 256/256 276/276
f 276/276 256/256 280/280
f 1642/1642 1644/1644 1643/1643
f 1643/1643 1644/1644 1645/1645
f 1645/1645 1648/1648 1649/1649
f 1639/1639 1640/1640 1641/1641
f 3158/3158 3161/3161 3159/3159
f 1638/1638 1637/1637 1639/1639
f 1639/1639 1637/1637 1640/1640
f 3160/3160 3159/3159 3163/3163
f 1635/1635 1634/1634 1636/1636
f 1636/1636 1637/1637 1638/1638
f 1632/1632 1634/1634 1635/1635
f 1251/1251 1288/1288 1289/1289
f 1234/1234 1249/1249 1233/1233
f 1251/1251 1287/1287 1288/1288
f 3164/3164 3165/3165 3166/3166
f 1240/1240 1249/1249 1234/1234
f 1249/1249 1250/1250 1251/1251
f 1240/1240 1248/1248 1249/1249
f 1248/1248 1250/1250 1249/1249
f 1241/1241 1244/1244 1240/1240
f 1244/1244 1246/1246 1240/1240
f 1240/1240 1246/1246 1248/1248
f 1647/1647 1619/1619 1624/1624
f 1617/1617 1619/1619 1647/1647
f 1247/1247 1264/1264 1245/1245
f 1247/1247 1245/1245 1244/1244
f 1244/1244 1245/1245 1246/1246
f 1265/1265 1266/1266 1264/1264
f 1266/1266 1273/1273 1264/1264
f 1267/1267 1266/1266 1265/1265
f 1267/1267 1268/1268 1266/1266
f 1267/1267 1269/1269 1268/1268
f 3170/3170 3172/3172 3171/3171
f 262/262 252/252 249/249
f 1/1 2/2 3/3
f 3/3 2/2 7/7
f 251/251 256/256 255/255
f 2192/2192 2189/2189 2187/2187
f 2187/2187 2188/2188 2186/2186
f 2250/2250 2248/2248 2253/2253
f 2248/2248 2247/2247 2252/2252
f 2247/2247 2251/2251 2254/2254
f 2254/2254 2251/2251 2255/2255
f 2186/2186 2191/2191 2195/2195
f 2186/2186 2190/2190 2191/2191
f 2191/2191 2196/2196 2195/2195
f 532/532 531/531 528/528
f 528/528 525/525 527/527
f 527/527 525/525 526/526
f 256/256 264/264 280/280
f 531/531 530/530 528/528
f 528/528 530/530 525/525
f 526/526 525/525 524/524
f 2768/2768 2762/2762 2760/2760
f 4727/4727 4728/4728 4729/4729
f 1640/1640 1642/1642 1641/1641
f 1641/1641 1642/1642 1643/1643
f 1645/1645 1644/1644 1648/1648
f 1636/1636 1634/1634 1637/1637
f 1632/1632 1633/1633 1634/1634
f 1632/1632 1630/1630 1633/1633
f 1631/1631 1630/1630 1632/1632
f 1627/1627 1630/1630 1631/1631
f 1626/1626 1625/1625 1627/1627
f 1624/1624 1620/1620 1625/1625
f 1624/1624 1625/1625 1626/1626
f 1619/1619 1620/1620 1624/1624
f 3167/3167 3168/3168 3169/3169
f 1647/1647 1646/1646 1617/1617
f 1616/1616 1617/1617 1646/1646
f 2150/2150 2165/2165 2163/2163
f 1264/1264 1273/1273 1274/1274
f 1650/1650 1614/1614 1616/1616
f 1266/1266 1285/1285 1273/1273
f 1650/1650 1612/1612 1614/1614
f 1266/1266 1268/1268 1285/1285
f 1275/1275 1271/1271 1269/1269
f 1268/1268 1286/1286 1285/1285
f 1272/1272 1270/1270 1271/1271
f 1271/1271 1270/1270 1269/1269
f 1270/1270 1268/1268 1269/1269
f 1270/1270 1290/1290 1268/1268
f 1290/1290 1286/1286 1268/1268
f 324/324 325/325 317/317
f 317/317 259/259 262/262
f 262/262 259/259 252/252
f 40/40 60/60 38/38
f 2187/2187 2189/2189 2188/2188
f 2188/2188 2190/2190 2186/2186
f 2765/2765 2764/2764 2763/2763
f 2763/2763 2764/2764 2761/2761
f 2763/2763 2761/2761 2762/2762
f 524/524 520/520 540/540
f 264/264 285/285 350/350
f 280/280 264/264 350/350
f 2760/2760 2767/2767 2768/2768
f 2760/2760 2755/2755 2767/2767
f 525/525 523/523 524/524
f 523/523 520/520 524/524
f 520/520 519/519 540/540
f 2767/2767 2755/2755 2756/2756
f 523/523 518/518 520/520
f 2767/2767 2756/2756 2766/2766
f 520/520 518/518 519/519
f 518/518 515/515 519/519
f 518/518 516/516 515/515
f 4271/4271 4270/4270 4269/4269
f 521/521 515/515 513/513
f 516/516 514/514 515/515
f 515/515 514/514 513/513
f 513/513 511/511 521/521
f 521/521 511/511 522/522
f 514/514 512/512 513/513
f 4265/4265 4266/4266 4261/4261
f 513/513 512/512 511/511
f 522/522 511/511 517/517
f 4265/4265 4260/4260 4259/4259
f 511/511 512/512 510/510
f 517/517 511/511 509/509
f 511/511 510/510 509/509
f 509/509 507/507 517/517
f 4259/4259 4238/4238 4254/4254
f 510/510 508/508 509/509
f 509/509 508/508 507/507
f 517/517 507/507 529/529
f 508/508 506/506 507/507
f 507/507 506/506 504/504
f 507/507 504/504 529/529
f 506/506 505/505 504/504
f 505/505 502/502 504/504
f 1950/1950 1897/1897 1902/1902
f 1912/1912 1915/1915 1914/1914
f 1627/1627 1625/1625 1630/1630
f 3166/3166 3168/3168 3167/3167
f 1619/1619 1618/1618 1620/1620
f 1617/1617 1618/1618 1619/1619
f 3169/3169 3168/3168 3170/3170
f 3169/3169 3170/3170 3171/3171
f 1612/1612 1613/1613 1614/1614
f 1612/1612 1621/1621 1613/1613
f 1622/1622 1621/1621 1612/1612
f 3170/3170 3173/3173 3172/3172
f 1628/1628 1623/1623 1622/1622
f 1622/1622 1623/1623 1621/1621
f 1651/1651 1629/1629 1628/1628
f 1628/1628 1629/1629 1623/1623
f 4913/4913 4911/4911 4914/4914
f 42/42 115/115 44/44
f 3145/3145 3087/3087 3077/3077
f 3145/3145 3077/3077 3101/3101
f 324/324 327/327 325/325
f 317/317 325/325 259/259
f 33/33 38/38 64/64
f 33/33 64/64 96/96
f 38/38 60/60 64/64
f 3147/3147 3108/3108 3107/3107
f 5/5 1/1 4/4
f 3116/3116 3114/3114 3115/3115
f 3114/3114 3108/3108 3115/3115
f 252/252 250/250 249/249
f 249/249 250/250 251/251
f 2188/2188 2189/2189 2194/2194
f 2188/2188 2194/2194 2190/2190
f 1125/1125 1118/1118 1148/1148
f 2761/2761 2753/2753 2760/2760
f 2760/2760 2753/2753 2755/2755
f 2756/2756 2758/2758 2766/2766
f 533/533 535/535 536/536
f 537/537 533/533 536/536
f 536/536 535/535 538/538
f 4270/4270 4268/4268 4269/4269
f 537/537 501/501 533/533
f 4269/4269 4268/4268 4266/4266
f 4268/4268 4267/4267 4266/4266
f 533/533 534/534 535/535
f 4266/4266 4267/4267 4261/4261
f 4261/4261 4260/4260 4265/4265
f 4260/4260 4239/4239 4259/4259
f 4259/4259 4239/4239 4238/4238
f 501/501 498/498 499/499
f 499/499 534/534 533/533
f 501/501 499/499 533/533
f 4238/4238 4233/4233 4254/4254
f 4254/4254 4233/4233 4235/4235
f 4254/4254 4235/4235 4255/4255
f 4255/4255 4235/4235 4240/4240
f 504/504 503/503 541/541
f 498/498 496/496 499/499
f 4240/4240 4242/4242 4272/4272
f 502/502 481/481 503/503
f 502/502 479/479 481/481
f 479/479 480/480 481/481
f 481/481 480/480 482/482
f 1617/1617 1615/1615 1618/1618
f 1614/1614 1613/1613 1615/1615
f 1614/1614 1615/1615 1616/1616
f 1953/1953 1943/1943 1944/1944
f 3101/3101 3077/3077 3078/3078
f 35/35 98/98 37/37
f 4909/4909 4913/4913 4917/4917
f 37/37 98/98 42/42
f 3087/3087 3086/3086 3077/3077
f 4909/4909 4911/4911 4913/4913
f 3088/3088 3086/3086 3087/3087
f 34/34 33/33 35/35
f 33/33 97/97 35/35
f 4916/4916 4915/4915 4912/4912
f 4915/4915 4910/4910 4912/4912
f 4912/4912 4910/4910 4909/4909
f 4909/4909 4910/4910 4911/4911
f 3090/3090 3089/3089 3087/3087
f 3091/3091 3089/3089 3090/3090
f 3107/3107 3106/3106 3105/3105
f 3106/3106 3089/3089 3105/3105
f 3108/3108 3106/3106 3107/3107
f 251/251 254/254 256/256
f 2189/2189 2192/2192 2236/2236
f 2189/2189 2236/2236 2194/2194
f 2250/2250 2249/2249 2248/2248
f 264/264 270/270 285/285
f 2753/2753 2754/2754 2755/2755
f 2754/2754 2757/2757 2756/2756
f 2755/2755 2754/2754 2756/2756
f 2756/2756 2757/2757 2758/2758
f 1664/1664 1663/1663 1661/1661
f 2758/2758 2757/2757 2759/2759
f 4261/4261 4239/4239 4260/4260
f 4239/4239 4236/4236 4238/4238
f 1661/1661 1660/1660 1659/1659
f 4238/4238 4236/4236 4233/4233
f 1659/1659 1660/1660 1658/1658
f 2026/2026 2023/2023 2027/2027
f 4235/4235 4237/4237 4240/4240
f 4237/4237 4241/4241 4240/4240
f 4240/4240 4241/4241 4242/4242
f 2026/2026 2022/2022 2023/2023
f 4241/4241 4243/4243 4242/4242
f 4243/4243 4244/4244 4242/4242
f 4242/4242 4244/4244 4245/4245
f 493/493 496/496 497/497
f 493/493 494/494 496/496
f 480/480 500/500 482/482
f 482/482 500/500 484/484
f 482/482 484/484 483/483
f 483/483 484/484 485/485
f 493/493 492/492 494/494
f 4247/4247 4248/4248 4258/4258
f 485/485 484/484 486/486
f 493/493 491/491 492/492
f 4258/4258 4248/4248 4251/4251
f 484/484 487/487 486/486
f 487/487 488/488 486/486
f 491/491 490/490 492/492
f 487/487 489/489 488/488
f 488/488 489/489 490/490
f 488/488 490/490 491/491
f 489/489 495/495 490/490
f 328/328 325/325 327/327
f 3078/3078 3077/3077 3076/3076
f 3088/3088 3084/3084 3086/3086
f 3089/3089 3088/3088 3087/3087
f 32/32 53/53 39/39
f 3108/3108 3111/3111 3106/3106
f 3114/3114 3111/3111 3108/3108
f 2/2 9/9 7/7
f 4781/4781 4780/4780 4779/4779
f 2192/2192 2237/2237 2236/2236
f 256/256 263/263 264/264
f 2263/2263 2249/2249 2250/2250
f 8/8 7/7 14/14
f 2248/2248 2249/2249 2245/2245
f 2248/2248 2245/2245 2244/2244
f 2248/2248 2244/2244 2247/2247
f 2244/2244 2242/2242 2247/2247
f 2247/2247 2242/2242 2251/2251
f 1107/1107 1083/1083 1151/1151
f 1662/1662 1660/1660 1661/1661
f 4233/4233 4236/4236 4234/4234
f 2023/2023 2029/2029 2028/2028
f 2019/2019 2020/2020 2021/2021
f 2019/2019 2021/2021 2022/2022
f 4245/4245 4244/4244 4246/4246
f 4245/4245 4246/4246 4247/4247
f 4247/4247 4246/4246 4248/4248
f 4248/4248 4250/4250 4251/4251
f 4251/4251 4250/4250 4252/4252
f 2025/2025 2024/2024 2017/2017
f 4252/4252 4253/4253 4256/4256
f 4256/4256 4262/4262 4263/4263
f 328/328 329/329 326/326
f 328/328 326/326 325/325
f 3077/3077 3075/3075 3076/3076
f 3141/3141 3081/3081 3086/3086
f 3086/3086 3081/3081 3077/3077
f 3088/3088 3085/3085 3084/3084
f 3089/3089 3085/3085 3088/3088
f 5/5 13/13 1/1
f 252/252 259/259 258/258
f 3114/3114 3113/3113 3111/3111
f 258/258 250/250 252/252
f 256/256 254/254 263/263
f 2237/2237 2235/2235 2236/2236
f 2236/2236 2235/2235 2233/2233
f 2872/2872 2870/2870 2867/2867
f 4050/4050 4051/4051 4061/4061
f 264/264 263/263 270/270
f 1663/1663 1662/1662 1661/1661
f 1653/1653 1654/1654 1655/1655
f 2018/2018 2020/2020 2019/2019
f 4246/4246 4249/4249 4248/4248
f 2017/2017 2018/2018 2019/2019
f 4249/4249 4250/4250 4248/4248
f 4250/4250 4253/4253 4252/4252
f 2024/2024 2018/2018 2017/2017
f 4253/4253 4257/4257 4256/4256
f 4256/4256 4257/4257 4262/4262
f 4262/4262 4264/4264 4263/4263
f 326/326 329/329 366/366
f 366/366 342/342 326/326
f 3077/3077 3081/3081 3075/3075
f 3085/3085 3083/3083 3084/3084
f 325/325 326/326 259/259
f 3106/3106 3109/3109 3089/3089
f 3111/3111 3112/3112 3106/3106
f 3113/3113 3112/3112 3111/3111
f 1471/1471 1472/1472 1468/1468
f 2865/2865 2867/2867 2866/2866
f 2235/2235 2234/2234 2233/2233
f 2870/2870 2866/2866 2867/2867
f 2866/2866 2864/2864 2865/2865
f 2865/2865 2864/2864 2863/2863
f 2870/2870 2869/2869 2866/2866
f 2866/2866 2869/2869 2864/2864
f 2869/2869 2868/2868 2864/2864
f 4063/4063 4064/4064 4050/4050
f 1663/1663 1667/1667 1662/1662
f 1131/1131 1139/1139 1104/1104
f 366/366 402/402 342/342
f 4115/4115 4111/4111 4114/4114
f 3076/3076 3075/3075 3074/3074
f 3081/3081 3082/3082 3075/3075
f 3141/3141 3084/3084 3081/3081
f 3084/3084 3083/3083 3081/3081
f 572/572 571/571 581/581
f 3089/3089 3110/3110 3085/3085
f 3085/3085 3110/3110 3117/3117
f 3109/3109 3110/3110 3089/3089
f 3106/3106 3125/3125 3109/3109
f 3112/3112 3125/3125 3106/3106
f 3114/3114 3139/3139 3138/3138
f 3114/3114 3138/3138 3113/3113
f 251/251 250/250 254/254
f 2235/2235 2238/2238 2234/2234
f 2271/2271 2257/2257 2249/2249
f 2263/2263 2271/2271 2249/2249
f 2249/2249 2257/2257 2245/2245
f 2244/2244 2245/2245 2246/2246
f 2244/2244 2243/2243 2242/2242
f 2233/2233 2234/2234 2225/2225
f 2233/2233 2225/2225 2231/2231
f 2863/2863 2864/2864 2860/2860
f 2231/2231 2225/2225 2232/2232
f 2864/2864 2868/2868 2860/2860
f 2232/2232 2225/2225 2224/2224
f 2868/2868 2862/2862 2860/2860
f 263/263 296/296 270/270
f 3660/3660 3663/3663 3661/3661
f 3660/3660 3694/3694 3663/3663
f 378/378 342/342 402/402
f 560/560 610/610 558/558
f 4114/4114 4111/4111 4113/4113
f 4111/4111 4112/4112 4113/4113
f 4789/4789 4790/4790 4791/4791
f 562/562 610/610 560/560
f 3073/3073 3065/3065 3074/3074
f 563/563 576/576 562/562
f 3075/3075 3073/3073 3074/3074
f 3083/3083 3117/3117 3082/3082
f 3081/3081 3083/3083 3082/3082
f 326/326 334/334 259/259
f 3832/3832 3819/3819 3833/3833
f 3109/3109 3144/3144 3110/3110
f 259/259 334/334 258/258
f 3826/3826 3827/3827 3835/3835
f 83/83 105/105 106/106
f 3836/3836 3829/3829 3826/3826
f 3836/3836 3826/3826 3835/3835
f 3828/3828 3829/3829 3830/3830
f 2325/2325 2324/2324 2327/2327
f 254/254 265/265 263/263
f 2237/2237 2239/2239 2235/2235
f 1464/1464 1465/1465 1463/1463
f 2245/2245 2257/2257 2246/2246
f 2246/2246 2243/2243 2244/2244
f 2243/2243 2241/2241 2242/2242
f 2238/2238 2240/2240 2225/2225
f 2234/2234 2238/2238 2225/2225
f 2860/2860 2859/2859 2861/2861
f 2226/2226 2223/2223 2225/2225
f 2225/2225 2223/2223 2224/2224
f 2860/2860 2862/2862 2858/2858
f 2860/2860 2858/2858 2859/2859
f 2859/2859 2858/2858 2850/2850
f 2223/2223 2218/2218 2224/2224
f 2862/2862 2873/2873 2858/2858
f 2858/2858 2873/2873 2857/2857
f 2858/2858 2857/2857 2850/2850
f 4394/4394 4390/4390 4393/4393
f 3659/3659 3660/3660 3661/3661
f 3660/3660 3690/3690 3694/3694
f 342/342 378/378 339/339
f 4375/4375 4376/4376 4377/4377
f 3066/3066 3065/3065 3061/3061
f 3072/3072 3062/3062 3065/3065
f 3073/3073 3072/3072 3065/3065
f 561/561 564/564 563/563
f 3075/3075 3082/3082 3073/3073
f 3815/3815 3813/3813 3834/3834
f 2257/2257 2259/2259 2246/2246
f 2246/2246 2259/2259 2260/2260
f 2246/2246 2260/2260 2243/2243
f 1463/1463 1461/1461 1462/1462
f 2240/2240 2226/2226 2225/2225
f 263/263 293/293 294/294
f 2226/2226 2228/2228 2223/2223
f 1454/1454 1459/1459 1458/1458
f 2223/2223 2222/2222 2218/2218
f 2850/2850 2848/2848 2849/2849
f 2218/2218 2222/2222 2219/2219
f 2218/2218 2219/2219 2220/2220
f 2219/2219 2221/2221 2220/2220
f 2850/2850 2857/2857 2848/2848
f 2857/2857 2856/2856 2848/2848
f 294/294 308/308 296/296
f 263/263 294/294 296/296
f 4390/4390 4392/4392 4393/4393
f 3662/3662 3660/3660 3659/3659
f 3662/3662 3690/3690 3660/3660
f 388/388 379/379 378/378
f 4378/4378 4377/4377 4379/4379
f 378/378 379/379 339/339
f 4375/4375 4377/4377 4378/4378
f 3056/3056 3061/3061 3060/3060
f 3061/3061 3062/3062 3060/3060
f 339/339 326/326 342/342
f 339/339 338/338 326/326
f 3073/3073 3146/3146 3072/3072
f 3834/3834 3813/3813 3837/3837
f 326/326 338/338 334/334
f 1/1 17/17 6/6
f 258/258 260/260 250/250
f 2325/2325 2318/2318 2324/2324
f 2324/2324 2318/2318 2321/2321
f 2325/2325 2326/2326 2318/2318
f 1/1 6/6 2/2
f 4558/4558 4549/4549 4551/4551
f 4549/4549 4548/4548 4551/4551
f 4555/4555 4547/4547 4549/4549
f 3320/3320 3318/3318 3329/3329
f 3329/3329 3318/3318 3330/3330
f 3330/3330 3318/3318 3317/3317
f 3326/3326 3319/3319 3320/3320
f 2271/2271 2269/2269 2257/2257
f 2260/2260 2259/2259 2270/2270
f 2260/2260 2267/2267 2243/2243
f 2282/2282 2228/2228 2226/2226
f 2223/2223 2228/2228 2222/2222
f 2849/2849 2848/2848 2846/2846
f 2848/2848 2847/2847 2846/2846
f 2222/2222 2227/2227 2219/2219
f 2219/2219 2227/2227 2221/2221
f 2848/2848 2856/2856 2847/2847
f 4390/4390 4391/4391 4392/4392
f 4395/4395 4391/4391 4390/4390
f 3672/3672 3676/3676 3675/3675
f 3688/3688 3689/3689 3662/3662
f 3676/3676 3677/3677 3675/3675
f 3689/3689 3690/3690 3662/3662
f 3678/3678 3677/3677 3676/3676
f 3679/3679 3678/3678 3676/3676
f 3680/3680 3678/3678 3679/3679
f 3678/3678 3681/3681 3677/3677
f 430/430 428/428 429/429
f 3680/3680 3681/3681 3678/3678
f 429/429 428/428 378/378
f 3680/3680 3682/3682 3681/3681
f 3064/3064 3069/3069 3070/3070
f 428/428 388/388 378/378
f 3680/3680 3683/3683 3682/3682
f 3058/3058 3057/3057 3059/3059
f 547/547 588/588 611/611
f 3057/3057 3063/3063 3059/3059
f 3056/3056 3057/3057 3058/3058
f 3056/3056 3060/3060 3057/3057
f 3071/3071 3067/3067 3060/3060
f 3072/3072 3146/3146 3118/3118
f 3072/3072 3118/3118 3062/3062
f 3118/3118 3071/3071 3062/3062
f 3062/3062 3071/3071 3060/3060
f 3837/3837 3810/3810 3807/3807
f 2351/2351 2321/2321 2353/2353
f 2353/2353 2321/2321 2320/2320
f 2321/2321 2315/2315 2320/2320
f 2318/2318 2315/2315 2321/2321
f 260/260 254/254 250/250
f 2318/2318 2317/2317 2315/2315
f 4551/4551 4550/4550 4552/4552
f 4552/4552 4550/4550 4553/4553
f 4550/4550 4554/4554 4553/4553
f 4548/4548 4546/4546 4550/4550
f 4550/4550 4546/4546 4554/4554
f 4548/4548 4547/4547 4546/4546
f 4546/4546 4547/4547 4545/4545
f 4547/4547 4555/4555 4545/4545
f 3330/3330 3317/3317 3333/3333
f 2260/2260 2270/2270 2267/2267
f 2243/2243 2268/2268 2241/2241
f 292/292 295/295 294/294
f 293/293 292/292 294/294
f 2849/2849 2846/2846 2855/2855
f 2227/2227 2229/2229 2221/2221
f 2847/2847 2845/2845 2846/2846
f 2846/2846 2845/2845 2844/2844
f 2856/2856 2845/2845 2847/2847
f 3711/3711 3702/3702 3703/3703
f 2845/2845 2841/2841 2844/2844
f 308/308 294/294 311/311
f 4395/4395 4396/4396 4391/4391
f 3670/3670 3684/3684 3685/3685
f 3685/3685 3686/3686 3670/3670
f 3668/3668 3665/3665 3664/3664
f 3664/3664 3665/3665 3666/3666
f 3665/3665 3692/3692 3666/3666
f 3685/3685 3687/3687 3686/3686
f 3668/3668 3672/3672 3665/3665
f 3686/3686 3687/3687 3688/3688
f 3686/3686 3688/3688 3662/3662
f 3693/3693 3672/3672 3668/3668
f 3672/3672 3674/3674 3665/3665
f 3676/3676 3672/3672 3693/3693
f 589/589 553/553 591/591
f 3675/3675 3674/3674 3672/3672
f 589/589 554/554 553/553
f 3097/3097 3098/3098 3096/3096
f 552/552 551/551 553/553
f 3094/3094 3095/3095 3096/3096
f 3096/3096 3095/3095 3097/3097
f 431/431 428/428 430/430
f 3094/3094 3093/3093 3095/3095
f 3070/3070 3093/3093 3094/3094
f 546/546 647/647 544/544
f 3064/3064 3068/3068 3069/3069
f 3059/3059 3063/3063 3064/3064
f 3064/3064 3063/3063 3068/3068
f 3057/3057 3067/3067 3063/3063
f 3067/3067 3080/3080 3063/3063
f 3060/3060 3067/3067 3057/3057
f 1801/1801 1800/1800 1805/1805
f 339/339 336/336 338/338
f 334/334 309/309 258/258
f 258/258 309/309 260/260
f 2353/2353 2320/2320 2319/2319
f 2320/2320 2314/2314 2319/2319
f 2315/2315 2314/2314 2320/2320
f 2315/2315 2316/2316 2312/2312
f 2315/2315 2312/2312 2314/2314
f 2315/2315 2317/2317 2316/2316
f 260/260 261/261 254/254
f 2138/2138 2135/2135 2134/2134
f 12/12 2/2 6/6
f 254/254 261/261 265/265
f 1213/1213 1207/1207 1208/1208
f 4546/4546 4545/4545 4541/4541
f 3319/3319 3316/3316 3318/3318
f 3318/3318 3316/3316 3317/3317
f 3317/3317 3328/3328 3333/3333
f 3703/3703 3702/3702 3698/3698
f 2844/2844 2841/2841 2843/2843
f 3703/3703 3698/3698 3717/3717
f 2843/2843 2841/2841 2840/2840
f 3698/3698 3695/3695 3717/3717
f 3695/3695 3698/3698 3696/3696
f 2841/2841 2838/2838 2840/2840
f 294/294 298/298 311/311
f 3699/3699 3695/3695 3697/3697
f 2838/2838 2839/2839 2840/2840
f 2840/2840 2839/2839 2842/2842
f 392/392 464/464 311/311
f 3673/3673 3667/3667 3671/3671
f 3667/3667 3670/3670 3671/3671
f 3667/3667 3666/3666 3669/3669
f 3667/3667 3669/3669 3670/3670
f 3669/3669 3684/3684 3670/3670
f 3122/3122 3124/3124 3133/3133
f 3666/3666 3691/3691 3669/3669
f 3133/3133 3124/3124 3136/3136
f 3666/3666 3692/3692 3691/3691
f 3103/3103 3102/3102 3104/3104
f 470/470 469/469 468/468
f 3099/3099 3102/3102 3103/3103
f 468/468 465/465 433/433
f 433/433 465/465 436/436
f 3099/3099 3100/3100 3102/3102
f 3096/3096 3098/3098 3099/3099
f 3098/3098 3100/3100 3099/3099
f 430/430 433/433 431/431
f 3095/3095 3140/3140 3097/3097
f 3093/3093 3140/3140 3095/3095
f 3069/3069 3126/3126 3092/3092
f 3079/3079 3069/3069 3068/3068
f 548/548 543/543 555/555
f 3063/3063 3080/3080 3068/3068
f 3080/3080 3079/3079 3068/3068
f 3067/3067 3137/3137 3080/3080
f 3805/3805 3802/3802 3801/3801
f 3071/3071 3137/3137 3067/3067
f 336/336 335/335 334/334
f 334/334 335/335 309/309
f 2319/2319 2314/2314 2311/2311
f 2319/2319 2311/2311 2304/2304
f 4992/4992 4987/4987 4991/4991
f 2314/2314 2312/2312 2311/2311
f 2316/2316 2330/2330 2312/2312
f 2134/2134 2132/2132 2131/2131
f 4993/4993 4991/4991 5008/5008
f 2135/2135 2133/2133 2134/2134
f 5008/5008 4990/4990 5038/5038
f 2278/2278 2279/2279 2273/2273
f 4541/4541 4545/4545 4542/4542
f 4541/4541 4542/4542 4543/4543
f 3317/3317 3316/3316 3314/3314
f 3317/3317 3314/3314 3328/3328
f 3328/3328 3312/3312 3333/3333
f 4545/4545 4561/4561 4542/4542
f 3702/3702 3701/3701 3698/3698
f 295/295 298/298 294/294
f 3701/3701 3696/3696 3698/3698
f 3695/3695 3696/3696 3697/3697
f 2851/2851 2842/2842 2852/2852
f 3699/3699 3700/3700 3704/3704
f 2839/2839 2871/2871 2842/2842
f 2871/2871 2853/2853 2842/2842
f 2842/2842 2853/2853 2852/2852
f 2852/2852 2853/2853 2854/2854
f 311/311 391/391 392/392
f 4074/4074 4056/4056 4060/4060
f 392/392 391/391 416/416
f 4059/4059 4056/4056 4074/4074
f 4079/4079 4059/4059 4074/4074
f 4080/4080 4059/4059 4079/4079
f 3121/3121 3120/3120 3122/3122
f 3122/3122 3120/3120 3123/3123
f 3124/3124 3135/3135 3136/3136
f 3104/3104 3120/3120 3121/3121
f 468/468 469/469 465/465
f 436/436 431/431 433/433
f 3003/3003 2982/2982 3002/3002
f 3069/3069 3079/3079 3126/3126
f 3798/3798 3799/3799 3800/3800
f 3800/3800 3803/3803 3804/3804
f 383/383 362/362 336/336
f 336/336 362/362 335/335
f 362/362 363/363 335/335
f 2304/2304 2301/2301 2303/2303
f 2304/2304 2311/2311 2301/2301
f 309/309 302/302 260/260
f 4989/4989 4985/4985 4987/4987
f 2311/2311 2312/2312 2310/2310
f 2312/2312 2330/2330 2310/2310
f 2137/2137 2136/2136 2135/2135
f 2135/2135 2136/2136 2133/2133
f 2134/2134 2133/2133 2132/2132
f 261/261 267/267 265/265
f 4543/4543 4542/4542 4544/4544
f 267/267 293/293 265/265
f 3316/3316 3315/3315 3314/3314
f 4561/4561 4556/4556 4542/4542
f 4542/4542 4556/4556 4544/4544
f 3328/3328 3314/3314 3312/3312
f 3422/3422 3419/3419 3431/3431
f 3714/3714 3712/3712 3696/3696
f 3696/3696 3712/3712 3697/3697
f 3697/3697 3700/3700 3699/3699
f 3704/3704 3700/3700 3705/3705
f 3704/3704 3705/3705 3706/3706
f 1412/1412 1444/1444 1410/1410
f 3706/3706 3705/3705 3707/3707
f 2716/2716 2715/2715 2714/2714
f 2715/2715 2706/2706 2714/2714
f 3707/3707 3709/3709 3710/3710
f 2714/2714 2706/2706 2713/2713
f 2713/2713 2706/2706 2712/2712
f 1888/1888 1889/1889 1890/1890
f 3122/3122 3123/3123 3124/3124
f 3123/3123 3134/3134 3124/3124
f 3124/3124 3134/3134 3135/3135
f 3135/3135 3134/3134 3143/3143
f 3104/3104 3119/3119 3120/3120
f 471/471 465/465 469/469
f 3102/3102 3142/3142 3119/3119
f 3102/3102 3119/3119 3104/3104
f 3100/3100 3142/3142 3102/3102
f 3079/3079 3127/3127 3126/3126
f 385/385 362/362 383/383
f 2303/2303 2306/2306 2307/2307
f 2307/2307 2306/2306 2308/2308
f 2304/2304 2303/2303 2357/2357
f 2357/2357 2303/2303 2307/2307
f 2301/2301 2302/2302 2303/2303
f 2303/2303 2302/2302 2306/2306
f 1548/1548 1545/1545 1547/1547
f 1545/1545 1546/1546 1547/1547
f 2301/2301 2305/2305 2302/2302
f 2311/2311 2310/2310 2301/2301
f 2301/2301 2310/2310 2305/2305
f 2133/2133 2125/2125 2132/2132
f 2132/2132 2125/2125 2131/2131
f 4556/4556 4557/4557 4544/4544
f 4544/4544 4557/4557 4559/4559
f 3314/3314 3315/3315 3310/3310
f 3314/3314 3310/3310 3312/3312
f 3310/3310 3311/3311 3312/3312
f 3312/3312 3311/3311 3334/3334
f 911/911 913/913 912/912
f 293/293 267/267 292/292
f 911/911 910/910 908/908
f 292/292 306/306 295/295
f 4766/4766 4769/4769 4767/4767
f 4766/4766 4767/4767 4768/4768
f 3419/3419 3428/3428 3441/3441
f 3705/3705 3708/3708 3707/3707
f 391/391 417/417 416/416
f 3707/3707 3708/3708 3709/3709
f 416/416 417/417 423/423
f 3710/3710 3709/3709 3713/3713
f 2712/2712 2710/2710 2718/2718
f 2700/2700 2699/2699 2706/2706
f 2706/2706 2699/2699 2712/2712
f 2712/2712 2699/2699 2710/2710
f 1887/1887 1885/1885 1886/1886
f 1887/1887 1886/1886 1888/1888
f 1888/1888 1886/1886 1889/1889
f 1795/1795 1789/1789 1788/1788
f 3584/3584 3588/3588 3586/3586
f 3586/3586 3585/3585 3584/3584
f 3079/3079 3128/3128 3127/3127
f 3221/3221 3222/3222 3223/3223
f 3223/3223 3222/3222 3266/3266
f 3129/3129 3128/3128 3079/3079
f 395/395 385/385 383/383
f 4604/4604 4605/4605 4606/4606
f 363/363 337/337 335/335
f 2359/2359 2308/2308 2331/2331
f 2308/2308 2313/2313 2331/2331
f 335/335 337/337 309/309
f 2306/2306 2309/2309 2308/2308
f 2308/2308 2309/2309 2313/2313
f 5004/5004 5000/5000 4999/4999
f 1516/1516 1514/1514 1515/1515
f 1515/1515 1514/1514 1513/1513
f 1514/1514 1512/1512 1513/1513
f 2306/2306 2302/2302 2356/2356
f 1545/1545 1543/1543 1546/1546
f 2302/2302 2305/2305 2356/2356
f 2305/2305 2322/2322 2323/2323
f 2310/2310 2322/2322 2305/2305
f 302/302 287/287 260/260
f 2310/2310 2336/2336 2322/2322
f 260/260 287/287 261/261
f 2133/2133 2129/2129 2125/2125
f 2129/2129 2128/2128 2125/2125
f 2131/2131 2125/2125 2130/2130
f 287/287 267/267 261/261
f 4559/4559 4557/4557 4560/4560
f 4557/4557 4562/4562 4560/4560
f 3334/3334 3311/3311 3332/3332
f 911/911 912/912 910/910
f 3332/3332 3309/3309 3331/3331
f 4562/4562 4564/4564 4563/4563
f 3309/3309 3313/3313 3331/3331
f 3313/3313 3322/3322 3331/3331
f 910/910 909/909 908/908
f 908/908 909/909 906/906
f 908/908 906/906 907/907
f 292/292 299/299 306/306
f 4053/4053 4045/4045 4052/4052
f 3428/3428 3423/3423 3426/3426
f 391/391 418/418 417/417
f 3708/3708 3715/3715 3709/3709
f 2702/2702 2701/2701 2700/2700
f 1424/1424 1474/1474 1425/1425
f 2701/2701 2688/2688 2700/2700
f 1425/1425 1474/1474 1428/1428
f 2700/2700 2688/2688 2699/2699
f 2699/2699 2688/2688 2687/2687
f 2699/2699 2687/2687 2710/2710
f 2710/2710 2687/2687 2711/2711
f 2710/2710 2711/2711 2717/2717
f 4081/4081 4059/4059 4080/4080
f 4082/4082 4081/4081 4080/4080
f 2705/2705 2687/2687 2684/2684
f 2687/2687 2705/2705 2711/2711
f 2705/2705 2689/2689 2711/2711
f 1885/1885 1884/1884 1886/1886
f 1884/1884 1892/1892 1886/1886
f 1883/1883 1884/1884 1885/1885
f 3221/3221 3224/3224 3222/3222
f 4604/4604 4606/4606 4607/4607
f 3211/3211 3213/3213 3214/3214
f 2331/2331 2313/2313 2329/2329
f 310/310 309/309 337/337
f 2313/2313 2328/2328 2329/2329
f 5004/5004 5009/5009 5005/5005
f 1516/1516 1531/1531 1514/1514
f 2309/2309 2328/2328 2313/2313
f 1513/1513 1512/1512 1509/1509
f 309/309 310/310 302/302
f 2332/2332 2322/2322 2333/2333
f 2322/2322 2334/2334 2333/2333
f 2125/2125 2123/2123 2130/2130
f 3311/3311 3310/3310 3309/3309
f 3311/3311 3309/3309 3332/3332
f 4564/4564 4565/4565 4563/4563
f 3313/3313 3321/3321 3322/3322
f 907/907 906/906 905/905
f 909/909 916/916 906/906
f 292/292 297/297 299/299
f 4769/4769 4770/4770 4767/4767
f 4090/4090 4067/4067 4053/4053
f 3709/3709 3715/3715 3716/3716
f 2688/2688 2685/2685 2687/2687
f 2685/2685 2684/2684 2687/2687
f 1429/1429 1475/1475 1432/1432
f 2705/2705 2684/2684 2689/2689
f 2711/2711 2723/2723 2726/2726
f 4083/4083 4081/4081 4082/4082
f 2711/2711 2689/2689 2690/2690
f 2711/2711 2690/2690 2723/2723
f 2726/2726 2723/2723 2724/2724
f 2690/2690 2692/2692 2723/2723
f 2723/2723 2692/2692 2722/2722
f 2723/2723 2722/2722 2724/2724
f 2719/2719 2708/2708 2720/2720
f 2720/2720 2708/2708 2727/2727
f 1884/1884 1891/1891 1892/1892
f 2724/2724 2722/2722 2725/2725
f 1883/1883 1891/1891 1884/1884
f 2722/2722 2692/2692 2693/2693
f 2725/2725 2722/2722 2721/2721
f 2708/2708 2707/2707 2709/2709
f 2693/2693 2696/2696 2722/2722
f 2722/2722 2696/2696 2721/2721
f 2696/2696 2703/2703 2721/2721
f 2721/2721 2703/2703 2719/2719
f 2719/2719 2703/2703 2708/2708
f 2703/2703 2707/2707 2708/2708
f 2696/2696 2698/2698 2703/2703
f 3584/3584 3582/3582 3581/3581
f 3584/3584 3585/3585 3582/3582
f 3585/3585 3594/3594 3582/3582
f 3594/3594 3583/3583 3582/3582
f 3130/3130 3131/3131 3132/3132
f 396/396 385/385 395/395
f 3222/3222 3225/3225 3266/3266
f 3266/3266 3225/3225 3244/3244
f 3244/3244 3250/3250 3266/3266
f 385/385 384/384 362/362
f 362/362 384/384 364/364
f 362/362 364/364 363/363
f 1307/1307 1351/1351 1309/1309
f 2331/2331 2329/2329 2338/2338
f 2328/2328 2337/2337 2329/2329
f 1512/1512 1511/1511 1509/1509
f 2333/2333 2335/2335 2358/2358
f 4980/4980 4979/4979 4981/4981
f 2333/2333 2334/2334 2335/2335
f 2128/2128 2124/2124 2125/2125
f 2125/2125 2124/2124 2123/2123
f 2130/2130 2123/2123 2126/2126
f 3310/3310 3307/3307 3309/3309
f 3307/3307 3308/3308 3309/3309
f 267/267 290/290 292/292
f 3321/3321 3324/3324 3323/3323
f 3323/3323 3324/3324 3325/3325
f 916/916 918/918 906/906
f 906/906 918/918 903/903
f 906/906 903/903 905/905
f 905/905 903/903 904/904
f 292/292 290/290 297/297
f 4770/4770 4771/4771 4767/4767
f 3743/3743 3745/3745 3748/3748
f 3741/3741 3742/3742 3743/3743
f 3784/3784 3765/3765 3762/3762
f 2684/2684 2685/2685 2686/2686
f 2684/2684 2686/2686 2689/2689
f 4083/4083 4084/4084 4081/4081
f 2689/2689 2686/2686 2690/2690
f 2690/2690 2686/2686 2691/2691
f 4083/4083 4085/4085 4084/4084
f 2690/2690 2691/2691 2692/2692
f 4086/4086 4085/4085 4083/4083
f 1450/1450 1445/1445 1446/1446
f 2692/2692 2691/2691 2693/2693
f 2693/2693 2691/2691 2694/2694
f 2693/2693 2695/2695 2696/2696
f 2695/2695 2697/2697 2696/2696
f 2696/2696 2697/2697 2698/2698
f 2697/2697 2704/2704 2703/2703
f 2698/2698 2697/2697 2703/2703
f 2703/2703 2704/2704 2707/2707
f 3581/3581 3582/3582 3583/3583
f 396/396 398/398 385/385
f 397/397 384/384 385/385
f 1541/1541 1538/1538 1512/1512
f 1509/1509 1508/1508 1507/1507
f 1508/1508 1506/1506 1507/1507
f 1509/1509 1511/1511 1508/1508
f 310/310 305/305 302/302
f 305/305 303/303 302/302
f 302/302 303/303 287/287
f 2067/2067 2062/2062 2060/2060
f 2066/2066 2061/2061 2062/2062
f 2062/2062 2061/2061 2060/2060
f 2124/2124 2122/2122 2123/2123
f 2123/2123 2122/2122 2119/2119
f 2123/2123 2119/2119 2126/2126
f 2126/2126 2119/2119 2127/2127
f 287/287 288/288 267/267
f 1196/1196 1195/1195 1197/1197
f 3307/3307 3305/3305 3308/3308
f 3541/3541 3537/3537 3538/3538
f 267/267 288/288 290/290
f 1193/1193 1211/1211 1218/1218
f 3643/3643 3642/3642 3641/3641
f 904/904 903/903 902/902
f 918/918 921/921 903/903
f 4931/4931 4932/4932 4933/4933
f 902/902 903/903 901/901
f 903/903 915/915 901/901
f 415/415 307/307 297/297
f 297/297 307/307 299/299
f 4770/4770 4772/4772 4771/4771
f 4090/4090 4076/4076 4067/4067
f 3762/3762 3760/3760 3785/3785
f 3747/3747 3746/3746 3744/3744
f 2694/2694 2695/2695 2693/2693
f 4087/4087 4089/4089 4088/4088
f 3786/3786 3781/3781 3753/3753
f 3241/3241 3248/3248 3249/3249
f 3243/3243 3241/3241 3250/3250
f 3250/3250 3241/3241 3249/3249
f 398/398 397/397 385/385
f 1295/1295 1345/1345 1292/1292
f 2340/2340 2338/2338 2339/2339
f 1506/1506 1505/1505 1507/1507
f 2338/2338 2337/2337 2339/2339
f 1511/1511 1538/1538 1535/1535
f 2060/2060 2061/2061 2059/2059
f 2061/2061 2064/2064 2059/2059
f 2122/2122 2120/2120 2119/2119
f 2119/2119 2118/2118 2127/2127
f 3307/3307 3306/3306 3305/3305
f 4167/4167 4168/4168 4169/4169
f 3538/3538 3537/3537 3534/3534
f 3537/3537 3535/3535 3534/3534
f 3640/3640 3639/3639 3637/3637
f 902/902 901/901 900/900
f 915/915 914/914 901/901
f 915/915 922/922 914/914
f 901/901 914/914 895/895
f 901/901 895/895 900/900
f 895/895 914/914 919/919
f 4076/4076 4068/4068 4067/4067
f 3749/3749 3746/3746 3747/3747
f 3758/3758 3755/3755 3782/3782
f 3587/3587 3583/3583 3589/3589
f 3241/3241 3240/3240 3248/3248
f 3210/3210 3208/3208 3211/3211
f 2340/2340 2339/2339 2341/2341
f 1505/1505 1504/1504 1502/1502
f 1506/1506 1504/1504 1505/1505
f 303/303 352/352 304/304
f 4955/4955 4953/4953 4952/4952
f 303/303 304/304 287/287
f 2060/2060 2059/2059 2058/2058
f 304/304 291/291 287/287
f 2127/2127 2118/2118 2121/2121
f 287/287 291/291 289/289
f 4039/4039 4038/4038 4041/4041
f 287/287 289/289 288/288
f 3305/3305 3306/3306 3304/3304
f 3305/3305 3304/3304 3303/3303
f 4170/4170 4169/4169 4171/4171
f 3534/3534 3535/3535 3536/3536
f 3535/3535 3539/3539 3536/3536
f 290/290 351/351 297/297
f 3657/3657 3637/3637 3636/3636
f 1179/1179 1219/1219 1177/1177
f 2752/2752 2747/2747 2749/2749
f 914/914 922/922 923/923
f 3658/3658 3634/3634 3655/3655
f 900/900 895/895 894/894
f 900/900 894/894 899/899
f 895/895 892/892 894/894
f 2670/2670 2669/2669 2671/2671
f 4076/4076 4071/4071 4068/4068
f 633/633 620/620 645/645
f 3591/3591 3589/3589 3590/3590
f 3589/3589 3583/3583 3590/3590
f 3251/3251 3252/3252 3253/3253
f 3610/3610 3611/3611 3614/3614
f 4626/4626 4624/4624 4623/4623
f 3248/3248 3240/3240 3252/3252
f 3251/3251 3248/3248 3252/3252
f 398/398 435/435 397/397
f 397/397 406/406 384/384
f 3204/3204 3208/3208 3210/3210
f 2343/2343 2340/2340 2342/2342
f 4899/4899 4898/4898 4902/4902
f 2340/2340 2341/2341 2342/2342
f 1508/1508 1537/1537 1517/1517
f 1508/1508 1517/1517 1506/1506
f 1506/1506 1517/1517 1504/1504
f 2920/2920 2921/2921 2922/2922
f 4959/4959 4952/4952 4954/4954
f 2058/2058 2059/2059 2056/2056
f 2058/2058 2056/2056 2057/2057
f 2117/2117 2118/2118 2119/2119
f 2059/2059 2064/2064 2056/2056
f 4170/4170 4171/4171 4172/4172
f 3304/3304 3297/3297 3303/3303
f 3303/3303 3297/3297 3302/3302
f 3302/3302 3297/3297 3296/3296
f 3536/3536 3539/3539 3540/3540
f 3296/3296 3336/3336 3302/3302
f 4608/4608 4609/4609 4610/4610
f 3635/3635 3633/3633 3634/3634
f 894/894 898/898 899/899
f 919/919 920/920 895/895
f 3851/3851 3850/3850 3849/3849
f 894/894 891/891 898/898
f 894/894 892/892 891/891
f 2670/2670 2667/2667 2669/2669
f 3346/3346 3341/3341 3347/3347
f 3606/3606 3591/3591 3593/3593
f 3590/3590 3592/3592 3591/3591
f 3591/3591 3592/3592 3593/3593
f 3254/3254 3255/3255 3253/3253
f 3252/3252 3254/3254 3253/3253
f 3609/3609 3611/3611 3610/3610
f 3240/3240 3237/3237 3252/3252
f 3269/3269 3267/3267 3204/3204
f 2343/2343 2342/2342 2344/2344
f 1517/1517 1528/1528 1504/1504
f 1504/1504 1528/1528 1503/1503
f 1504/1504 1503/1503 1502/1502
f 3048/3048 3050/3050 3051/3051
f 3051/3051 3050/3050 3052/3052
f 3052/3052 3050/3050 3054/3054
f 4953/4953 4956/4956 4954/4954
f 2057/2057 2056/2056 2054/2054
f 2057/2057 2054/2054 2063/2063
f 2118/2118 2117/2117 2116/2116
f 2118/2118 2116/2116 2121/2121
f 2121/2121 2116/2116 2139/2139
f 288/288 361/361 290/290
f 1977/1977 1975/1975 1976/1976
f 3337/3337 3293/3293 3335/3335
f 3291/3291 3293/3293 3296/3296
f 3336/3336 3296/3296 3337/3337
f 3337/3337 3296/3296 3293/3293
f 2747/2747 2748/2748 2749/2749
f 3655/3655 3631/3631 3630/3630
f 898/898 891/891 890/890
f 892/892 888/888 891/891
f 891/891 888/888 890/890
f 2667/2667 2668/2668 2669/2669
f 3606/3606 3593/3593 3596/3596
f 3606/3606 3596/3596 3605/3605
f 3612/3612 3611/3611 3609/3609
f 3267/3267 3202/3202 3204/3204
f 3204/3204 3207/3207 3208/3208
f 1502/1502 1503/1503 1500/1500
f 1502/1502 1500/1500 1501/1501
f 1500/1500 1498/1498 1501/1501
f 2342/2342 2345/2345 2344/2344
f 304/304 372/372 291/291
f 4956/4956 4957/4957 4954/4954
f 2117/2117 2115/2115 2116/2116
f 2116/2116 2140/2140 2139/2139
f 372/372 373/373 291/291
f 300/300 289/289 291/291
f 291/291 373/373 300/300
f 1976/1976 1975/1975 1974/1974
f 1975/1975 1973/1973 1974/1974
f 3335/3335 3293/3293 3301/3301
f 290/290 367/367 351/351
f 367/367 369/369 351/351
f 3850/3850 3838/3838 3849/3849
f 3849/3849 3838/3838 3848/3848
f 3848/3848 3838/3838 3840/3840
f 2667/2667 2666/2666 2665/2665
f 2667/2667 2665/2665 2668/2668
f 3345/3345 3341/3341 3346/3346
f 624/624 643/643 644/644
f 3605/3605 3596/3596 3604/3604
f 3596/3596 3597/3597 3604/3604
f 3593/3593 3595/3595 3596/3596
f 3608/3608 3607/3607 3609/3609
f 3592/3592 3595/3595 3593/3593
f 3607/3607 3613/3613 3609/3609
f 3613/3613 3612/3612 3609/3609
f 3252/3252 3227/3227 3229/3229
f 3252/3252 3229/3229 3254/3254
f 3265/3265 3202/3202 3267/3267
f 3202/3202 3203/3203 3204/3204
f 2344/2344 2345/2345 2346/2346
f 1503/1503 1536/1536 1500/1500
f 1498/1498 1500/1500 1499/1499
f 3048/3048 3049/3049 3050/3050
f 2923/2923 2915/2915 2920/2920
f 2920/2920 2915/2915 2919/2919
f 2063/2063 2054/2054 2053/2053
f 2054/2054 2052/2052 2053/2053
f 2116/2116 2115/2115 2113/2113
f 2116/2116 2113/2113 2140/2140
f 289/289 300/300 301/301
f 301/301 376/376 289/289
f 289/289 376/376 288/288
f 376/376 361/361 288/288
f 3293/3293 3295/3295 3301/3301
f 290/290 361/361 367/367
f 2746/2746 2733/2733 2747/2747
f 2747/2747 2733/2733 2748/2748
f 917/917 890/890 896/896
f 3840/3840 3842/3842 3848/3848
f 888/888 889/889 890/890
f 890/890 889/889 893/893
f 890/890 893/893 896/896
f 3345/3345 3338/3338 3341/3341
f 3598/3598 3603/3603 3599/3599
f 3598/3598 3599/3599 3600/3600
f 3604/3604 3597/3597 3598/3598
f 3601/3601 3607/3607 3608/3608
f 3596/3596 3595/3595 3597/3597
f 3255/3255 3256/3256 3257/3257
f 3615/3615 3613/3613 3607/3607
f 3229/3229 3230/3230 3254/3254
f 3254/3254 3256/3256 3255/3255
f 3268/3268 3264/3264 3265/3265
f 1304/1304 1319/1319 1296/1296
f 2346/2346 2345/2345 2347/2347
f 1499/1499 1477/1477 1498/1498
f 1536/1536 1510/1510 1500/1500
f 1500/1500 1510/1510 1499/1499
f 2913/2913 2915/2915 2923/2923
f 4200/4200 4203/4203 4201/4201
f 2053/2053 2052/2052 2050/2050
f 2052/2052 2051/2051 2050/2050
f 4957/4957 4961/4961 5015/5015
f 2115/2115 2114/2114 2113/2113
f 2140/2140 2113/2113 2112/2112
f 373/373 377/377 300/300
f 2145/2145 2109/2109 2144/2144
f 1974/1974 1973/1973 1961/1961
f 3301/3301 3295/3295 3298/3298
f 3293/3293 3292/3292 3294/3294
f 3293/3293 3294/3294 3295/3295
f 3840/3840 3839/3839 3841/3841
f 2636/2636 2635/2635 2634/2634
f 3840/3840 3841/3841 3842/3842
f 2006/2006 2005/2005 2004/2004
f 2666/2666 2664/2664 2665/2665
f 3338/3338 3340/3340 3341/3341
f 3345/3345 3344/3344 3338/3338
f 3600/3600 3599/3599 3601/3601
f 3219/3219 3260/3260 3259/3259
f 3603/3603 3602/3602 3599/3599
f 3260/3260 3261/3261 3262/3262
f 3599/3599 3602/3602 3601/3601
f 3602/3602 3607/3607 3601/3601
f 3257/3257 3258/3258 3259/3259
f 3258/3258 3219/3219 3259/3259
f 3602/3602 3615/3615 3607/3607
f 3256/3256 3258/3258 3257/3257
f 3263/3263 3264/3264 3268/3268
f 3254/3254 3230/3230 3256/3256
f 3206/3206 3202/3202 3265/3265
f 3264/3264 3206/3206 3265/3265
f 2347/2347 2348/2348 2349/2349
f 1499/1499 1510/1510 1477/1477
f 1498/1498 1477/1477 1497/1497
f 4963/4963 4965/4965 4964/4964
f 2048/2048 2050/2050 2049/2049
f 2050/2050 2051/2051 2049/2049
f 1961/1961 1970/1970 1960/1960
f 1961/1961 1960/1960 1959/1959
f 3730/3730 3729/3729 3728/3728
f 2635/2635 2619/2619 2634/2634
f 2005/2005 2002/2002 2004/2004
f 896/896 893/893 897/897
f 2004/2004 2002/2002 2003/2003
f 2629/2629 2628/2628 2619/2619
f 3219/3219 3218/3218 3260/3260
f 3260/3260 3218/3218 3261/3261
f 3261/3261 3263/3263 3262/3262
f 3261/3261 3215/3215 3263/3263
f 3256/3256 3232/3232 3234/3234
f 3256/3256 3234/3234 3258/3258
f 3263/3263 3215/3215 3264/3264
f 3215/3215 3206/3206 3264/3264
f 3206/3206 3205/3205 3202/3202
f 2349/2349 2348/2348 2350/2350
f 2349/2349 2350/2350 2354/2354
f 1477/1477 1479/1479 1497/1497
f 1510/1510 1482/1482 1477/1477
f 3046/3046 3048/3048 3053/3053
f 3048/3048 3047/3047 3049/3049
f 2913/2913 2914/2914 2915/2915
f 372/372 387/387 386/386
f 372/372 386/386 373/373
f 2113/2113 2114/2114 2111/2111
f 2113/2113 2111/2111 2112/2112
f 2112/2112 2111/2111 2084/2084
f 2112/2112 2084/2084 2085/2085
f 2109/2109 2108/2108 2143/2143
f 1970/1970 1983/1983 1960/1960
f 3295/3295 3294/3294 3298/3298
f 4033/4033 4029/4029 4030/4030
f 367/367 399/399 369/369
f 3842/3842 3841/3841 3843/3843
f 3841/3841 3844/3844 3843/3843
f 2619/2619 2616/2616 2633/2633
f 2619/2619 2617/2617 2616/2616
f 2619/2619 2628/2628 2617/2617
f 2628/2628 2631/2631 2617/2617
f 3218/3218 3216/3216 3261/3261
f 3258/3258 3234/3234 3219/3219
f 3261/3261 3216/3216 3215/3215
f 2354/2354 2350/2350 2355/2355
f 1497/1497 1479/1479 1496/1496
f 1497/1497 1496/1496 1495/1495
f 1482/1482 1478/1478 1477/1477
f 1477/1477 1478/1478 1479/1479
f 3046/3046 3047/3047 3048/3048
f 1719/1719 1725/1725 1730/1730
f 2048/2048 2047/2047 2037/2037
f 2084/2084 2082/2082 2085/2085
f 2048/2048 2049/2049 2047/2047
f 2107/2107 2108/2108 2109/2109
f 373/373 386/386 377/377
f 1959/1959 1960/1960 1958/1958
f 376/376 390/390 361/361
f 3298/3298 3294/3294 3299/3299
f 3298/3298 3299/3299 3300/3300
f 361/361 399/399 367/367
f 400/400 369/369 399/399
f 2732/2732 2731/2731 2733/2733
f 2746/2746 2732/2732 2733/2733
f 3843/3843 3844/3844 3845/3845
f 3843/3843 3845/3845 3846/3846
f 2616/2616 2617/2617 2618/2618
f 2003/2003 2002/2002 1997/1997
f 2662/2662 2663/2663 2664/2664
f 2617/2617 2631/2631 2620/2620
f 2617/2617 2620/2620 2618/2618
f 2663/2663 2662/2662 2661/2661
f 2010/2010 2007/2007 2011/2011
f 3342/3342 3338/3338 3344/3344
f 1394/1394 1392/1392 1393/1393
f 4283/4283 4280/4280 4282/4282
f 4285/4285 4286/4286 4287/4287
f 1496/1496 1484/1484 1495/1495
f 1495/1495 1484/1484 1488/1488
f 1478/1478 1480/1480 1479/1479
f 1496/1496 1479/1479 1481/1481
f 1479/1479 1480/1480 1481/1481
f 3044/3044 3047/3047 3046/3046
f 2916/2916 2914/2914 2913/2913
f 2924/2924 2916/2916 2913/2913
f 1671/1671 1724/1724 1669/1669
f 2047/2047 2046/2046 2037/2037
f 2084/2084 2104/2104 2083/2083
f 2084/2084 2083/2083 2082/2082
f 2083/2083 2072/2072 2082/2082
f 2072/2072 2070/2070 2082/2082
f 403/403 390/390 376/376
f 1959/1959 1958/1958 1957/1957
f 390/390 399/399 361/361
f 943/943 942/942 939/939
f 947/947 943/943 946/946
f 943/943 939/939 946/946
f 3845/3845 3847/3847 3846/3846
f 2664/2664 2672/2672 2662/2662
f 2002/2002 2001/2001 1997/1997
f 1997/1997 2001/2001 1994/1994
f 1997/1997 1994/1994 1996/1996
f 2618/2618 2620/2620 2621/2621
f 2621/2621 2620/2620 2622/2622
f 1996/1996 1994/1994 1993/1993
f 1996/1996 1993/1993 1999/1999
f 3045/3045 3043/3043 3046/3046
f 1496/1496 1481/1481 1484/1484
f 2037/2037 2034/2034 2036/2036
f 2037/2037 2046/2046 2034/2034
f 387/387 389/389 386/386
f 942/942 940/940 939/939
f 1957/1957 1958/1958 1954/1954
f 946/946 939/939 937/937
f 1958/1958 1982/1982 1954/1954
f 4029/4029 4028/4028 4030/4030
f 1175/1175 1180/1180 1156/1156
f 2621/2621 2622/2622 2623/2623
f 2660/2660 2661/2661 2662/2662
f 3338/3338 3339/3339 3340/3340
f 1993/1993 1991/1991 1999/1999
f 2622/2622 2624/2624 2623/2623
f 2660/2660 2659/2659 2661/2661
f 3339/3339 3338/3338 3342/3342
f 1995/1995 2007/2007 2010/2010
f 3343/3343 3339/3339 3342/3342
f 1408/1408 1393/1393 1391/1391
f 1393/1393 1392/1392 1391/1391
f 1391/1391 1392/1392 1390/1390
f 4280/4280 4281/4281 4282/4282
f 1484/1484 1485/1485 1488/1488
f 1488/1488 1485/1485 1489/1489
f 3043/3043 3044/3044 3046/3046
f 1481/1481 1483/1483 1484/1484
f 1484/1484 1483/1483 1485/1485
f 2916/2916 2924/2924 2925/2925
f 2036/2036 2034/2034 2033/2033
f 2083/2083 2071/2071 2072/2072
f 2072/2072 2071/2071 2070/2070
f 394/394 386/386 389/389
f 2102/2102 2106/2106 2107/2107
f 2107/2107 2106/2106 2108/2108
f 1954/1954 1955/1955 1956/1956
f 390/390 401/401 399/399
f 940/940 938/938 939/939
f 939/939 938/938 937/937
f 1954/1954 1962/1962 1955/1955
f 937/937 938/938 934/934
f 1954/1954 1982/1982 1962/1962
f 937/937 934/934 936/936
f 3619/3619 3621/3621 3656/3656
f 2673/2673 2660/2660 2672/2672
f 1994/1994 1992/1992 1993/1993
f 1993/1993 1992/1992 1991/1991
f 2657/2657 2659/2659 2660/2660
f 1999/1999 1991/1991 2000/2000
f 2624/2624 2625/2625 2623/2623
f 2657/2657 2656/2656 2659/2659
f 1991/1991 1998/1998 2000/2000
f 1991/1991 1988/1988 1998/1998
f 2624/2624 2626/2626 2625/2625
f 2009/2009 1990/1990 1995/1995
f 1995/1995 1987/1987 2007/2007
f 1987/1987 2008/2008 2007/2007
f 1391/1391 1390/1390 1389/1389
f 3041/3041 3043/3043 3045/3045
f 3042/3042 3044/3044 3043/3043
f 393/393 389/389 387/387
f 2033/2033 2034/2034 2035/2035
f 4971/4971 4974/4974 4973/4973
f 2034/2034 2038/2038 2035/2035
f 2071/2071 2068/2068 2070/2070
f 2068/2068 2069/2069 2070/2070
f 2034/2034 2046/2046 2038/2038
f 936/936 934/934 935/935
f 2730/2730 2731/2731 2732/2732
f 1992/1992 1989/1989 1991/1991
f 2630/2630 2625/2625 2627/2627
f 2630/2630 2627/2627 2632/2632
f 1991/1991 1989/1989 1988/1988
f 2625/2625 2626/2626 2627/2627
f 1990/1990 1987/1987 1995/1995
f 1988/1988 1990/1990 1998/1998
f 2009/2009 1998/1998 1990/1990
f 3041/3041 3042/3042 3043/3043
f 1389/1389 1390/1390 1387/1387
f 1489/1489 1490/1490 1491/1491
f 1485/1485 1487/1487 1489/1489
f 1487/1487 1490/1490 1489/1489
f 1485/1485 1486/1486 1487/1487
f 2918/2918 2917/2917 2916/2916
f 2068/2068 2073/2073 2069/2069
f 2106/2106 2141/2141 2142/2142
f 1956/1956 1955/1955 1981/1981
f 3718/3718 3719/3719 3720/3720
f 1955/1955 1962/1962 1963/1963
f 1962/1962 1964/1964 1963/1963
f 2401/2401 2400/2400 2402/2402
f 1962/1962 1980/1980 1964/1964
f 3018/3018 3005/3005 3017/3017
f 3005/3005 3016/3016 3017/3017
f 2673/2673 2678/2678 2657/2657
f 1990/1990 1984/1984 1987/1987
f 1988/1988 1984/1984 1990/1990
f 1407/1407 1389/1389 1386/1386
f 1389/1389 1387/1387 1386/1386
f 1401/1401 1403/1403 1402/1402
f 1399/1399 1401/1401 1402/1402
f 1401/1401 1404/1404 1403/1403
f 1490/1490 1492/1492 1491/1491
f 1527/1527 1530/1530 1539/1539
f 3042/3042 3055/3055 3044/3044
f 1534/1534 1530/1530 1533/1533
f 2925/2925 2918/2918 2916/2916
f 2035/2035 2040/2040 2065/2065
f 2038/2038 2039/2039 2035/2035
f 2035/2035 2039/2039 2040/2040
f 2073/2073 2074/2074 2069/2069
f 2069/2069 2074/2074 2075/2075
f 935/935 934/934 924/924
f 1980/1980 1979/1979 1964/1964
f 461/461 462/462 399/399
f 3487/3487 3485/3485 3486/3486
f 1989/1989 1985/1985 1988/1988
f 1988/1988 1985/1985 1984/1984
f 1984/1984 1986/1986 1987/1987
f 1402/1402 1403/1403 1405/1405
f 1386/1386 1387/1387 1388/1388
f 1399/1399 1400/1400 1401/1401
f 1491/1491 1493/1493 1494/1494
f 1492/1492 1493/1493 1491/1491
f 1529/1529 1518/1518 1490/1490
f 1490/1490 1518/1518 1492/1492
f 2110/2110 2074/2074 2073/2073
f 2099/2099 2141/2141 2106/2106
f 1963/1963 1964/1964 1965/1965
f 934/934 925/925 924/924
f 924/924 925/925 926/926
f 1964/1964 1979/1979 1966/1966
f 1964/1964 1966/1966 1965/1965
f 3011/3011 3016/3016 3005/3005
f 3651/3651 3652/3652 3653/3653
f 1984/1984 1985/1985 1986/1986
f 1406/1406 1386/1386 1397/1397
f 1397/1397 1399/1399 1405/1405
f 1386/1386 1396/1396 1397/1397
f 1397/1397 1396/1396 1399/1399
f 1386/1386 1395/1395 1396/1396
f 1386/1386 1388/1388 1395/1395
f 1395/1395 1398/1398 1396/1396
f 1396/1396 1398/1398 1399/1399
f 1398/1398 1400/1400 1399/1399
f 1493/1493 1519/1519 1494/1494
f 1522/1522 1524/1524 1526/1526
f 1526/1526 1524/1524 1527/1527
f 1492/1492 1525/1525 1493/1493
f 1527/1527 1524/1524 1530/1530
f 2065/2065 2040/2040 2055/2055
f 2040/2040 2042/2042 2055/2055
f 2040/2040 2039/2039 2041/2041
f 2040/2040 2041/2041 2042/2042
f 393/393 394/394 389/389
f 2074/2074 2105/2105 2076/2076
f 2074/2074 2076/2076 2075/2075
f 2076/2076 2077/2077 2075/2075
f 2877/2877 2876/2876 2879/2879
f 2101/2101 2099/2099 2102/2102
f 2102/2102 2099/2099 2106/2106
f 2400/2400 2391/2391 2404/2404
f 1965/1965 1966/1966 1967/1967
f 3006/3006 3005/3005 3009/3009
f 924/924 926/926 927/927
f 1966/1966 1971/1971 1967/1967
f 926/926 928/928 927/927
f 927/927 928/928 929/929
f 1521/1521 1523/1523 1522/1522
f 1519/1519 1521/1521 1522/1522
f 1525/1525 1520/1520 1493/1493
f 1493/1493 1520/1520 1519/1519
f 1522/1522 1523/1523 1524/1524
f 1524/1524 1532/1532 1530/1530
f 2874/2874 2876/2876 2877/2877
f 2076/2076 2078/2078 2077/2077
f 2391/2391 2400/2400 2392/2392
f 925/925 945/945 926/926
f 945/945 944/944 926/926
f 1965/1965 1967/1967 1968/1968
f 929/929 928/928 930/930
f 1971/1971 1972/1972 1967/1967
f 2745/2745 2737/2737 2730/2730
f 2055/2055 2042/2042 2044/2044
f 2042/2042 2043/2043 2044/2044
f 5040/5040 5043/5043 5042/5042
f 2041/2041 2043/2043 2042/2042
f 2076/2076 2100/2100 2078/2078
f 2077/2077 2078/2078 2079/2079
f 2101/2101 2098/2098 2099/2099
f 2097/2097 2103/2103 2099/2099
f 2404/2404 2391/2391 2405/2405
f 3004/3004 3005/3005 3006/3006
f 944/944 941/941 926/926
f 3004/3004 3007/3007 3005/3005
f 926/926 941/941 928/928
f 1967/1967 1972/1972 1969/1969
f 1967/1967 1969/1969 1968/1968
f 3007/3007 3011/3011 3005/3005
f 2737/2737 2735/2735 2730/2730
f 928/928 931/931 930/930
f 2744/2744 2737/2737 2745/2745
f 2878/2878 2875/2875 2874/2874
f 2078/2078 2080/2080 2079/2079
f 2874/2874 2875/2875 2876/2876
f 2098/2098 2097/2097 2099/2099
f 2390/2390 2405/2405 2391/2391
f 3013/3013 3014/3014 3012/3012
f 3013/3013 3012/3012 3010/3010
f 3010/3010 3008/3008 3004/3004
f 3004/3004 3008/3008 3007/3007
f 928/928 932/932 931/931
f 932/932 933/933 931/931
f 3014/3014 3015/3015 3012/3012
f 2044/2044 2043/2043 2045/2045
f 2887/2887 2889/2889 2888/2888
f 2078/2078 2100/2100 2080/2080
f 2080/2080 2081/2081 2079/2079
f 4889/4889 4890/4890 4891/4891
f 2397/2397 2406/2406 2405/2405
f 3010/3010 3012/3012 3008/3008
f 2738/2738 2735/2735 2737/2737
f 2742/2742 2739/2739 2744/2744
f 2739/2739 2738/2738 2737/2737
f 2744/2744 2739/2739 2737/2737
f 3012/3012 3015/3015 3008/3008
f 2880/2880 2875/2875 2878/2878
f 2080/2080 2086/2086 2081/2081
f 2086/2086 2087/2087 2081/2081
f 2095/2095 2097/2097 2098/2098
f 2146/2146 2095/2095 2098/2098
f 2751/2751 2750/2750 2743/2743
f 2750/2750 2741/2741 2743/2743
f 2741/2741 2739/2739 2742/2742
f 2743/2743 2741/2741 2742/2742
f 1678/1678 1691/1691 1690/1690
f 1722/1722 1706/1706 1691/1691
f 1711/1711 1714/1714 1713/1713
f 2887/2887 2888/2888 2886/2886
f 2887/2887 2886/2886 2885/2885
f 2882/2882 2880/2880 2881/2881
f 2881/2881 2880/2880 2878/2878
f 2087/2087 2088/2088 2081/2081
f 2081/2081 2088/2088 2089/2089
f 2092/2092 2095/2095 2146/2146
f 2095/2095 2096/2096 2097/2097
f 2750/2750 2740/2740 2741/2741
f 2741/2741 2740/2740 2739/2739
f 2739/2739 2740/2740 2738/2738
f 2885/2885 2884/2884 2881/2881
f 2885/2885 2886/2886 2883/2883
f 2885/2885 2883/2883 2884/2884
f 2883/2883 2882/2882 2881/2881
f 2884/2884 2883/2883 2881/2881
f 2088/2088 2091/2091 2090/2090
f 2089/2089 2088/2088 2090/2090
f 2090/2090 2091/2091 2092/2092
f 2092/2092 2091/2091 2095/2095
f 2088/2088 2093/2093 2091/2091
f 2091/2091 2094/2094 2095/2095
f 2095/2095 2094/2094 2096/2096
f 2093/2093 2094/2094 2091/2091
f 4138/4138 4139/4139 4141/4141
f 752/752 754/754 762/762
f 788/788 764/764 789/789
f 789/789 764/764 790/790
f 764/764 791/791 790/790
f 762/762 788/788 795/795
f 788/788 762/762 764/764
f 752/752 751/751 753/753
f 752/752 762/762 795/795
f 2424/2424 2423/2423 2427/2427
f 2422/2422 2421/2421 2423/2423
f 2422/2422 2423/2423 2424/2424
f 2422/2422 2424/2424 2425/2425
f 2428/2428 2422/2422 2425/2425
f 831/831 830/830 866/866
f 1863/1863 1866/1866 1865/1865
f 1866/1866 1867/1867 1865/1865
f 1860/1860 1864/1864 1863/1863
f 2472/2472 2452/2452 2465/2465
f 789/789 790/790 793/793
f 2419/2419 2418/2418 2420/2420
f 2420/2420 2418/2418 2421/2421
f 2424/2424 2427/2427 2426/2426
f 2420/2420 2421/2421 2422/2422
f 2425/2425 2424/2424 2426/2426
f 2420/2420 2422/2422 2429/2429
f 2429/2429 2422/2422 2428/2428
f 2432/2432 2425/2425 2426/2426
f 1862/1862 1863/1863 1865/1865
f 1865/1865 1867/1867 1868/1868
f 1862/1862 1860/1860 1863/1863
f 790/790 791/791 792/792
f 793/793 790/790 792/792
f 4660/4660 4659/4659 4687/4687
f 747/747 751/751 750/750
f 750/750 751/751 752/752
f 2416/2416 2418/2418 2417/2417
f 2417/2417 2418/2418 2419/2419
f 2427/2427 2433/2433 2426/2426
f 2430/2430 2419/2419 2420/2420
f 2430/2430 2420/2420 2429/2429
f 2604/2604 2614/2614 2611/2611
f 1861/1861 1860/1860 1862/1862
f 2609/2609 2613/2613 2598/2598
f 2598/2598 2613/2613 2601/2601
f 2601/2601 2613/2613 2604/2604
f 1862/1862 1865/1865 1882/1882
f 3176/3176 3192/3192 3177/3177
f 793/793 792/792 794/794
f 744/744 747/747 746/746
f 746/746 747/747 750/750
f 2426/2426 2433/2433 2434/2434
f 2430/2430 2417/2417 2419/2419
f 4892/4892 4893/4893 4894/4894
f 1869/1869 1865/1865 1868/1868
f 1859/1859 1860/1860 1861/1861
f 2604/2604 2611/2611 2610/2610
f 2599/2599 2598/2598 2600/2600
f 2600/2600 2598/2598 2601/2601
f 2600/2600 2601/2601 2604/2604
f 2606/2606 2604/2604 2610/2610
f 3191/3191 3192/3192 3178/3178
f 4166/4166 4155/4155 4157/4157
f 4157/4157 4155/4155 4154/4154
f 2414/2414 2416/2416 2415/2415
f 2415/2415 2416/2416 2417/2417
f 4649/4649 4647/4647 4648/4648
f 2431/2431 2417/2417 2430/2430
f 2541/2541 2540/2540 2542/2542
f 2540/2540 2551/2551 2542/2542
f 4368/4368 4354/4354 4367/4367
f 2610/2610 2611/2611 2612/2612
f 1857/1857 1858/1858 1859/1859
f 2597/2597 2609/2609 2598/2598
f 4712/4712 4700/4700 4697/4697
f 2597/2597 2598/2598 2599/2599
f 4155/4155 4164/4164 4153/4153
f 4154/4154 4155/4155 4153/4153
f 3185/3185 3191/3191 3178/3178
f 4152/4152 4154/4154 4153/4153
f 4687/4687 4665/4665 4667/4667
f 742/742 744/744 743/743
f 743/743 744/744 746/746
f 4648/4648 4647/4647 4646/4646
f 2415/2415 2417/2417 2431/2431
f 4860/4860 4861/4861 4862/4862
f 2654/2654 2650/2650 2655/2655
f 4374/4374 4368/4368 4367/4367
f 4374/4374 4367/4367 4373/4373
f 1877/1877 1869/1869 1868/1868
f 1877/1877 1868/1868 1878/1878
f 1878/1878 1868/1868 1879/1879
f 1870/1870 1857/1857 1859/1859
f 1870/1870 1859/1859 1861/1861
f 2607/2607 2609/2609 2597/2597
f 2602/2602 2597/2597 2599/2599
f 794/794 792/792 796/796
f 2413/2413 2414/2414 2412/2412
f 2412/2412 2414/2414 2415/2415
f 2538/2538 2539/2539 2540/2540
f 2538/2538 2540/2540 2541/2541
f 4372/4372 4367/4367 4366/4366
f 2652/2652 2639/2639 2650/2650
f 3290/3290 3276/3276 3273/3273
f 4373/4373 4367/4367 4372/4372
f 1856/1856 1858/1858 1857/1857
f 2603/2603 2607/2607 2597/2597
f 2603/2603 2597/2597 2602/2602
f 4153/4153 4164/4164 4163/4163
f 2605/2605 2603/2603 2602/2602
f 4153/4153 4163/4163 4151/4151
f 797/797 794/794 796/796
f 741/741 742/742 743/743
f 2411/2411 2413/2413 2412/2412
f 2538/2538 2536/2536 2539/2539
f 4355/4355 4357/4357 4366/4366
f 3289/3289 3290/3290 3287/3287
f 3287/3287 3290/3290 3271/3271
f 3290/3290 3273/3273 3271/3271
f 3273/3273 3276/3276 3275/3275
f 3275/3275 3276/3276 3278/3278
f 2287/2287 2288/2288 2286/2286
f 3274/3274 3273/3273 3275/3275
f 3274/3274 3275/3275 3277/3277
f 3277/3277 3275/3275 3278/3278
f 2290/2290 2287/2287 2289/2289
f 2615/2615 2607/2607 2608/2608
f 2608/2608 2607/2607 2603/2603
f 4752/4752 4753/4753 4754/4754
f 4753/4753 4755/4755 4754/4754
f 4696/4696 4697/4697 4695/4695
f 4762/4762 4752/4752 4764/4764
f 797/797 796/796 798/798
f 2411/2411 2412/2412 2410/2410
f 4667/4667 4665/4665 4666/4666
f 4647/4647 4645/4645 4646/4646
f 2537/2537 2536/2536 2538/2538
f 2537/2537 2538/2538 2553/2553
f 4908/4908 4907/4907 4904/4904
f 2286/2286 2283/2283 2285/2285
f 3272/3272 3271/3271 3273/3273
f 2287/2287 2286/2286 2285/2285
f 3272/3272 3273/3273 3274/3274
f 2287/2287 2285/2285 2289/2289
f 3911/3911 3914/3914 3912/3912
f 3994/3994 3998/3998 3996/3996
f 4008/4008 4007/4007 4009/4009
f 1754/1754 1752/1752 1753/1753
f 4711/4711 4710/4710 4709/4709
f 4712/4712 4697/4697 4696/4696
f 1855/1855 1857/1857 1874/1874
f 1874/1874 1857/1857 1875/1875
f 1855/1855 1854/1854 1856/1856
f 2408/2408 2411/2411 2410/2410
f 4646/4646 4645/4645 4643/4643
f 2535/2535 2527/2527 2536/2536
f 2535/2535 2536/2536 2537/2537
f 2653/2653 2646/2646 2643/2643
f 4904/4904 4907/4907 4905/4905
f 1360/1360 1361/1361 1359/1359
f 3285/3285 3289/3289 3287/3287
f 2283/2283 2284/2284 2285/2285
f 3270/3270 3287/3287 3271/3271
f 3270/3270 3271/3271 3272/3272
f 3279/3279 3270/3270 3272/3272
f 2289/2289 2285/2285 2291/2291
f 3995/3995 3996/3996 3997/3997
f 4010/4010 4006/4006 4008/4008
f 3994/3994 3996/3996 3995/3995
f 3993/3993 3998/3998 3994/3994
f 4011/4011 4009/4009 4012/4012
f 4709/4709 4710/4710 4708/4708
f 1878/1878 1879/1879 1880/1880
f 4162/4162 4163/4163 4161/4161
f 4726/4726 4712/4712 4696/4696
f 1852/1852 1854/1854 1855/1855
f 4751/4751 4750/4750 4753/4753
f 1853/1853 1854/1854 1852/1852
f 4751/4751 4753/4753 4752/4752
f 4740/4740 4751/4751 4752/4752
f 798/798 796/796 799/799
f 2407/2407 2408/2408 2409/2409
f 2409/2409 2408/2408 2410/2410
f 4371/4371 4364/4364 4361/4361
f 4364/4364 4359/4359 4361/4361
f 4904/4904 4905/4905 4906/4906
f 1359/1359 1357/1357 1360/1360
f 3284/3284 3289/3289 3285/3285
f 2285/2285 2284/2284 2292/2292
f 3270/3270 3285/3285 3287/3287
f 3917/3917 3918/3918 3915/3915
f 3967/3967 3995/3995 3965/3965
f 3965/3965 3995/3995 3997/3997
f 4016/4016 4008/4008 4015/4015
f 3967/3967 3994/3994 3995/3995
f 4008/4008 4009/4009 4015/4015
f 4015/4015 4009/4009 4011/4011
f 4707/4707 4709/4709 4708/4708
f 1850/1850 1853/1853 1852/1852
f 4740/4740 4750/4750 4751/4751
f 4738/4738 4740/4740 4762/4762
f 4695/4695 4701/4701 4694/4694
f 798/798 799/799 800/800
f 755/755 736/736 761/761
f 2544/2544 2527/2527 2525/2525
f 4645/4645 4644/4644 4643/4643
f 2526/2526 2525/2525 2527/2527
f 2526/2526 2527/2527 2535/2535
f 4669/4669 4668/4668 4666/4666
f 870/870 873/873 872/872
f 1354/1354 1357/1357 1356/1356
f 1358/1358 1357/1357 1359/1359
f 3897/3897 3899/3899 3898/3898
f 3286/3286 3285/3285 3270/3270
f 3970/3970 3994/3994 3967/3967
f 4015/4015 4011/4011 4017/4017
f 3993/3993 3994/3994 3970/3970
f 1049/1049 1050/1050 1051/1051
f 1850/1850 1852/1852 1851/1851
f 1851/1851 1852/1852 1873/1873
f 1873/1873 1852/1852 1855/1855
f 1873/1873 1855/1855 1874/1874
f 4736/4736 4738/4738 4761/4761
f 737/737 736/736 745/745
f 745/745 736/736 755/755
f 4670/4670 4668/4668 4669/4669
f 2524/2524 2525/2525 2526/2526
f 1358/1358 1356/1356 1357/1357
f 3281/3281 3284/3284 3282/3282
f 3282/3282 3284/3284 3285/3285
f 3286/3286 3282/3282 3285/3285
f 3968/3968 3967/3967 3966/3966
f 3967/3967 3965/3965 3966/3966
f 3966/3966 3965/3965 3963/3963
f 3963/3963 3965/3965 3964/3964
f 3969/3969 3970/3970 3967/3967
f 3969/3969 3967/3967 3968/3968
f 3570/3570 3571/3571 3573/3573
f 3963/3963 3964/3964 3962/3962
f 3973/3973 3993/3993 3970/3970
f 3569/3569 3571/3571 3570/3570
f 3963/3963 3962/3962 3961/3961
f 3992/3992 3993/3993 3973/3973
f 3568/3568 3569/3569 3570/3570
f 3960/3960 3961/3961 3962/3962
f 4011/4011 4012/4012 4013/4013
f 3973/3973 3991/3991 3992/3992
f 1048/1048 1050/1050 1049/1049
f 4707/4707 4708/4708 4706/4706
f 4726/4726 4696/4696 4722/4722
f 4722/4722 4696/4696 4692/4692
f 1812/1812 1850/1850 1851/1851
f 4737/4737 4760/4760 4739/4739
f 1812/1812 1849/1849 1850/1850
f 4145/4145 4150/4150 4156/4156
f 4737/4737 4739/4739 4738/4738
f 4736/4736 4737/4737 4738/4738
f 780/780 755/755 761/761
f 2523/2523 2544/2544 2525/2525
f 4644/4644 4642/4642 4643/4643
f 2524/2524 2523/2523 2525/2525
f 887/887 872/872 875/875
f 4371/4371 4361/4361 4363/4363
f 1352/1352 1353/1353 1354/1354
f 1352/1352 1354/1354 1356/1356
f 3283/3283 3288/3288 3281/3281
f 3280/3280 3281/3281 3282/3282
f 3972/3972 3973/3973 3970/3970
f 3972/3972 3970/3970 3969/3969
f 4017/4017 4011/4011 4018/4018
f 3567/3567 3569/3569 3568/3568
f 3960/3960 3962/3962 3971/3971
f 4011/4011 4013/4013 4014/4014
f 3566/3566 3567/3567 3568/3568
f 1812/1812 1851/1851 1872/1872
f 4756/4756 4760/4760 4737/4737
f 1810/1810 1849/1849 1812/1812
f 4668/4668 4670/4670 4678/4678
f 756/756 737/737 749/749
f 749/749 737/737 748/748
f 748/748 737/737 745/745
f 748/748 745/745 780/780
f 745/745 755/755 780/780
f 4671/4671 4670/4670 4669/4669
f 2523/2523 2543/2543 2544/2544
f 2522/2522 2523/2523 2524/2524
f 4365/4365 4363/4363 4362/4362
f 3283/3283 3281/3281 3280/3280
f 3900/3900 3910/3910 3898/3898
f 3923/3923 3921/3921 3922/3922
f 3974/3974 3973/3973 3972/3972
f 4011/4011 4014/4014 4019/4019
f 4018/4018 4011/4011 4019/4019
f 3990/3990 3991/3991 3973/3973
f 3565/3565 3567/3567 3566/3566
f 3564/3564 3565/3565 3566/3566
f 3960/3960 3971/3971 3978/3978
f 4014/4014 4013/4013 4021/4021
f 3986/3986 3981/3981 3990/3990
f 3981/3981 3991/3991 3990/3990
f 4722/4722 4692/4692 4691/4691
f 4691/4691 4692/4692 4690/4690
f 1809/1809 1810/1810 1812/1812
f 1809/1809 1812/1812 1871/1871
f 1812/1812 1872/1872 1871/1871
f 4734/4734 4756/4756 4737/4737
f 4734/4734 4737/4737 4736/4736
f 4690/4690 4692/4692 4693/4693
f 4735/4735 4734/4734 4736/4736
f 4146/4146 4145/4145 4147/4147
f 801/801 799/799 802/802
f 803/803 748/748 780/780
f 2515/2515 2543/2543 2523/2523
f 4877/4877 4878/4878 4879/4879
f 3894/3894 3897/3897 3895/3895
f 1355/1355 1352/1352 1375/1375
f 1352/1352 1356/1356 1375/1375
f 1375/1375 1356/1356 1377/1377
f 3280/3280 3288/3288 3283/3283
f 3550/3550 3555/3555 3548/3548
f 3542/3542 3551/3551 3550/3550
f 3558/3558 3552/3552 3542/3542
f 3552/3552 3551/3551 3542/3542
f 3976/3976 3990/3990 3973/3973
f 3976/3976 3973/3973 3975/3975
f 3975/3975 3973/3973 3974/3974
f 3971/3971 3979/3979 3978/3978
f 4014/4014 4021/4021 4022/4022
f 3565/3565 3564/3564 3572/3572
f 4927/4927 4925/4925 4924/4924
f 1811/1811 1810/1810 1808/1808
f 1808/1808 1810/1810 1809/1809
f 4742/4742 4759/4759 4741/4741
f 4741/4741 4756/4756 4734/4734
f 4733/4733 4741/4741 4734/4734
f 749/749 748/748 765/765
f 758/758 757/757 749/749
f 765/765 748/748 804/804
f 804/804 748/748 803/803
f 4671/4671 4669/4669 4672/4672
f 2514/2514 2543/2543 2515/2515
f 2513/2513 2514/2514 2515/2515
f 874/874 876/876 875/875
f 4369/4369 4363/4363 4365/4365
f 4346/4346 4348/4348 4339/4339
f 5183/5183 5174/5174 5177/5177
f 1376/1376 1375/1375 1377/1377
f 666/666 668/668 667/667
f 3555/3555 3554/3554 3548/3548
f 3550/3550 3548/3548 3543/3543
f 4495/4495 4496/4496 4494/4494
f 3542/3542 3550/3550 3543/3543
f 4494/4494 4496/4496 4497/4497
f 4496/4496 4498/4498 4497/4497
f 3989/3989 3986/3986 3990/3990
f 3982/3982 3981/3981 3985/3985
f 3981/3981 3986/3986 3985/3985
f 3985/3985 3986/3986 3989/3989
f 3576/3576 3572/3572 3575/3575
f 3575/3575 3572/3572 3574/3574
f 3980/3980 3978/3978 3979/3979
f 1042/1042 1043/1043 1039/1039
f 4705/4705 4704/4704 4703/4703
f 4722/4722 4691/4691 4656/4656
f 4924/4924 4925/4925 4926/4926
f 4156/4156 4158/4158 4147/4147
f 4742/4742 4741/4741 4733/4733
f 4743/4743 4742/4742 4733/4733
f 4690/4690 4693/4693 4718/4718
f 4717/4717 4690/4690 4718/4718
f 758/758 749/749 759/759
f 759/759 749/749 765/765
f 2511/2511 2554/2554 2512/2512
f 2512/2512 2514/2514 2513/2513
f 4369/4369 4365/4365 4370/4370
f 1369/1369 1383/1383 1355/1355
f 1369/1369 1355/1355 1368/1368
f 1368/1368 1355/1355 1375/1375
f 1368/1368 1375/1375 1376/1376
f 664/664 666/666 667/667
f 4491/4491 4500/4500 4493/4493
f 4295/4295 4297/4297 4296/4296
f 4493/4493 4495/4495 4494/4494
f 4492/4492 4493/4493 4494/4494
f 4494/4494 4497/4497 4499/4499
f 3542/3542 3543/3543 3544/3544
f 4497/4497 4498/4498 4539/4539
f 3547/3547 3542/3542 3544/3544
f 1565/1565 1563/1563 1566/1566
f 1565/1565 1566/1566 1567/1567
f 1583/1583 1567/1567 1568/1568
f 3989/3989 3990/3990 3977/3977
f 3990/3990 3976/3976 3977/3977
f 3977/3977 3976/3976 3975/3975
f 4019/4019 4014/4014 4020/4020
f 3577/3577 3576/3576 3575/3575
f 443/443 446/446 445/445
f 3984/3984 3983/3983 3982/3982
f 4943/4943 4944/4944 4945/4945
f 4160/4160 4165/4165 4158/4158
f 1811/1811 1808/1808 1807/1807
f 1813/1813 1811/1811 1807/1807
f 1807/1807 1808/1808 1809/1809
f 4744/4744 4759/4759 4742/4742
f 4689/4689 4690/4690 4680/4680
f 4744/4744 4742/4742 4743/4743
f 4680/4680 4690/4690 4717/4717
f 759/759 765/765 766/766
f 760/760 758/758 759/759
f 2510/2510 2511/2511 2512/2512
f 2510/2510 2512/2512 2513/2513
f 663/663 669/669 666/666
f 663/663 666/666 664/664
f 657/657 663/663 664/664
f 4299/4299 4297/4297 4295/4295
f 4491/4491 4493/4493 4492/4492
f 3546/3546 3543/3543 3548/3548
f 4294/4294 4295/4295 4296/4296
f 3543/3543 3546/3546 3545/3545
f 4492/4492 4494/4494 4499/4499
f 3544/3544 3543/3543 3545/3545
f 1568/1568 1569/1569 1584/1584
f 4539/4539 4499/4499 4497/4497
f 1566/1566 1569/1569 1568/1568
f 1567/1567 1566/1566 1568/1568
f 1559/1559 1563/1563 1564/1564
f 1564/1564 1563/1563 1565/1565
f 4014/4014 4022/4022 4020/4020
f 4004/4004 3985/3985 4005/4005
f 4005/4005 3985/3985 3989/3989
f 3578/3578 3576/3576 3577/3577
f 3579/3579 3578/3578 3577/3577
f 4721/4721 4703/4703 4702/4702
f 3987/3987 3984/3984 3982/3982
f 3987/3987 3982/3982 3985/3985
f 3562/3562 3579/3579 3577/3577
f 4703/4703 4704/4704 4655/4655
f 4654/4654 4691/4691 4689/4689
f 4757/4757 4759/4759 4745/4745
f 4747/4747 4757/4757 4745/4745
f 4745/4745 4759/4759 4744/4744
f 4745/4745 4744/4744 4743/4743
f 4746/4746 4745/4745 4743/4743
f 4677/4677 4675/4675 4680/4680
f 4675/4675 4671/4671 4674/4674
f 767/767 759/759 766/766
f 2555/2555 2554/2554 2511/2511
f 2516/2516 2555/2555 2511/2511
f 4343/4343 4345/4345 4344/4344
f 344/344 439/439 282/282
f 344/344 463/463 439/439
f 5169/5169 5172/5172 5171/5171
f 5171/5171 5172/5172 5183/5183
f 1370/1370 1383/1383 1369/1369
f 3553/3553 3554/3554 3556/3556
f 4488/4488 4500/4500 4491/4491
f 3548/3548 3554/3554 3553/3553
f 3549/3549 3548/3548 3553/3553
f 4491/4491 4492/4492 4490/4490
f 1569/1569 1609/1609 1584/1584
f 1558/1558 1570/1570 1571/1571
f 1558/1558 1571/1571 1563/1563
f 1557/1557 1558/1558 1559/1559
f 1559/1559 1558/1558 1563/1563
f 445/445 453/453 444/444
f 3987/3987 3985/3985 4004/4004
f 3988/3988 3984/3984 3987/3987
f 3561/3561 3580/3580 3562/3562
f 3580/3580 3579/3579 3562/3562
f 4702/4702 4703/4703 4655/4655
f 4001/4001 3988/3988 4000/4000
f 1815/1815 1813/1813 1814/1814
f 1814/1814 1813/1813 1807/1807
f 4689/4689 4680/4680 4681/4681
f 4747/4747 4745/4745 4746/4746
f 4639/4639 4651/4651 4652/4652
f 318/318 354/354 332/332
f 768/768 759/759 767/767
f 767/767 766/766 786/786
f 4674/4674 4671/4671 4673/4673
f 2517/2517 2516/2516 2510/2510
f 2516/2516 2511/2511 2510/2510
f 4340/4340 4343/4343 4344/4344
f 4949/4949 4950/4950 4951/4951
f 4338/4338 4339/4339 4337/4337
f 5170/5170 5169/5169 5171/5171
f 1374/1374 1370/1370 1363/1363
f 1363/1363 1370/1370 1366/1366
f 1370/1370 1369/1369 1366/1366
f 1366/1366 1369/1369 1368/1368
f 656/656 669/669 663/663
f 656/656 663/663 657/657
f 3553/3553 3556/3556 3557/3557
f 4190/4190 4188/4188 4194/4194
f 4487/4487 4503/4503 4488/4488
f 4488/4488 4491/4491 4490/4490
f 1609/1609 1601/1601 1584/1584
f 1561/1561 1572/1572 1570/1570
f 1591/1591 1597/1597 1590/1590
f 1560/1560 1561/1561 1558/1558
f 1558/1558 1561/1561 1570/1570
f 444/444 453/453 359/359
f 2979/2979 2980/2980 2981/2981
f 444/444 359/359 349/349
f 4000/4000 3988/3988 3999/3999
f 3999/3999 3988/3988 3987/3987
f 2968/2968 2980/2980 2979/2979
f 444/444 349/349 440/440
f 2978/2978 2968/2968 2979/2979
f 3563/3563 3561/3561 3560/3560
f 4002/4002 4003/4003 4001/4001
f 4002/4002 4001/4001 4000/4000
f 1840/1840 1842/1842 1841/1841
f 1041/1041 1040/1040 1038/1038
f 1062/1062 1041/1041 1055/1055
f 1816/1816 1824/1824 1815/1815
f 1816/1816 1815/1815 1814/1814
f 4731/4731 4758/4758 4748/4748
f 4748/4748 4758/4758 4757/4757
f 4748/4748 4757/4757 4747/4747
f 4748/4748 4747/4747 4746/4746
f 4749/4749 4748/4748 4746/4746
f 769/769 768/768 767/767
f 769/769 767/767 786/786
f 5073/5073 5067/5067 5072/5072
f 5072/5072 5067/5067 5069/5069
f 2518/2518 2545/2545 2516/2516
f 2545/2545 2555/2555 2516/2516
f 4340/4340 4344/4344 4338/4338
f 344/344 282/282 273/273
f 1367/1367 1366/1366 1368/1368
f 658/658 669/669 656/656
f 655/655 658/658 656/656
f 3556/3556 3559/3559 3557/3557
f 4489/4489 4488/4488 4490/4490
f 4940/4940 4941/4941 4942/4942
f 1573/1573 1610/1610 1572/1572
f 1591/1591 1601/1601 1602/1602
f 1562/1562 1573/1573 1572/1572
f 1584/1584 1601/1601 1591/1591
f 1562/1562 1572/1572 1561/1561
f 1584/1584 1591/1591 1590/1590
f 4702/4702 4655/4655 4688/4688
f 2964/2964 2962/2962 2961/2961
f 2961/2961 2962/2962 2963/2963
f 2963/2963 2962/2962 2968/2968
f 2963/2963 2968/2968 2978/2978
f 3356/3356 3357/3357 3362/3362
f 4686/4686 4654/4654 4689/4689
f 1818/1818 1824/1824 1816/1816
f 1876/1876 1814/1814 1881/1881
f 1776/1776 1777/1777 1774/1774
f 4730/4730 4731/4731 4732/4732
f 4731/4731 4748/4748 4749/4749
f 4680/4680 4675/4675 4679/4679
f 4681/4681 4680/4680 4679/4679
f 770/770 768/768 769/769
f 787/787 769/769 786/786
f 2520/2520 2545/2545 2518/2518
f 2518/2518 2516/2516 2517/2517
f 2519/2519 2518/2518 2517/2517
f 4340/4340 4338/4338 4336/4336
f 5161/5161 5165/5165 5159/5159
f 1384/1384 1385/1385 1371/1371
f 1371/1371 1385/1385 1374/1374
f 1371/1371 1374/1374 1363/1363
f 4336/4336 4338/4338 4337/4337
f 1363/1363 1366/1366 1364/1364
f 1364/1364 1366/1366 1367/1367
f 353/353 356/356 473/473
f 408/408 438/438 356/356
f 4292/4292 4293/4293 4294/4294
f 4484/4484 4502/4502 4487/4487
f 4484/4484 4487/4487 4486/4486
f 4487/4487 4488/4488 4486/4486
f 4486/4486 4488/4488 4489/4489
f 1574/1574 1573/1573 1562/1562
f 3034/3034 3030/3030 3035/3035
f 3459/3459 3462/3462 3460/3460
f 3459/3459 3460/3460 3461/3461
f 212/212 217/217 156/156
f 1839/1839 1840/1840 1841/1841
f 4688/4688 4655/4655 4654/4654
f 3351/3351 3353/3353 3356/3356
f 1817/1817 1818/1818 1816/1816
f 1817/1817 1816/1816 1814/1814
f 1817/1817 1814/1814 1876/1876
f 4686/4686 4689/4689 4681/4681
f 3378/3378 3379/3379 3375/3375
f 4679/4679 4675/4675 4674/4674
f 771/771 770/770 769/769
f 771/771 769/769 787/787
f 2520/2520 2528/2528 2545/2545
f 2520/2520 2519/2519 2521/2521
f 2520/2520 2518/2518 2519/2519
f 1378/1378 1384/1384 1371/1371
f 659/659 660/660 658/658
f 4291/4291 4290/4290 4292/4292
f 408/408 356/356 355/355
f 4483/4483 4502/4502 4484/4484
f 4292/4292 4294/4294 4331/4331
f 1575/1575 1611/1611 1610/1610
f 1591/1591 1602/1602 1598/1598
f 1575/1575 1610/1610 1573/1573
f 1575/1575 1573/1573 1574/1574
f 3459/3459 3461/3461 3464/3464
f 3464/3464 3461/3461 3465/3465
f 3465/3465 3461/3461 3466/3466
f 3466/3466 3478/3478 3477/3477
f 164/164 212/212 156/156
f 4688/4688 4654/4654 4686/4686
f 1835/1835 1837/1837 1836/1836
f 1837/1837 1839/1839 1836/1836
f 2966/2966 2964/2964 2965/2965
f 2965/2965 2964/2964 2961/2961
f 3350/3350 3353/3353 3351/3351
f 1834/1834 1817/1817 1835/1835
f 5122/5122 5125/5125 5127/5127
f 773/773 770/770 772/772
f 772/772 770/770 771/771
f 141/141 162/162 140/140
f 2521/2521 2528/2528 2520/2520
f 5158/5158 5159/5159 5157/5157
f 1378/1378 1371/1371 1372/1372
f 1372/1372 1371/1371 1365/1365
f 1371/1371 1363/1363 1365/1365
f 1365/1365 1363/1363 1362/1362
f 4336/4336 4337/4337 4303/4303
f 1362/1362 1363/1363 1364/1364
f 662/662 661/661 659/659
f 661/661 660/660 659/659
f 4192/4192 4191/4191 4187/4187
f 4483/4483 4484/4484 4482/4482
f 4481/4481 4483/4483 4482/4482
f 4330/4330 4292/4292 4331/4331
f 4484/4484 4486/4486 4485/4485
f 3034/3034 3035/3035 3036/3036
f 3035/3035 3038/3038 3037/3037
f 3027/3027 3031/3031 3034/3034
f 3038/3038 3039/3039 3037/3037
f 3467/3467 3459/3459 3464/3464
f 3025/3025 3031/3031 3027/3027
f 474/474 475/475 466/466
f 3020/3020 3025/3025 3023/3023
f 3021/3021 3020/3020 3023/3023
f 3465/3465 3466/3466 3468/3468
f 3019/3019 3020/3020 3021/3021
f 1835/1835 1836/1836 1834/1834
f 2967/2967 2969/2969 2966/2966
f 2967/2967 2966/2966 2965/2965
f 1819/1819 1818/1818 1817/1817
f 1819/1819 1817/1817 1825/1825
f 1825/1825 1817/1817 1834/1834
f 3348/3348 3349/3349 3350/3350
f 1820/1820 1826/1826 1818/1818
f 1820/1820 1818/1818 1819/1819
f 3352/3352 3349/3349 3348/3348
f 774/774 772/772 771/771
f 5112/5112 5079/5079 5077/5077
f 2530/2530 2547/2547 2528/2528
f 2529/2529 2530/2530 2528/2528
f 2529/2529 2528/2528 2521/2521
f 140/140 146/146 145/145
f 5156/5156 5157/5157 5142/5142
f 4335/4335 4336/4336 4303/4303
f 3938/3938 3939/3939 3936/3936
f 4289/4289 4290/4290 4291/4291
f 4192/4192 4193/4193 4191/4191
f 4482/4482 4484/4484 4485/4485
f 1598/1598 1602/1602 1603/1603
f 1576/1576 1577/1577 1575/1575
f 1577/1577 1611/1611 1575/1575
f 3036/3036 3035/3035 3037/3037
f 3027/3027 3034/3034 3036/3036
f 3037/3037 3039/3039 3040/3040
f 3026/3026 3025/3025 3027/3027
f 729/729 712/712 728/728
f 3023/3023 3025/3025 3026/3026
f 3468/3468 3466/3466 3469/3469
f 3469/3469 3477/3477 3472/3472
f 2972/2972 2971/2971 2970/2970
f 2970/2970 2971/2971 2969/2969
f 2970/2970 2969/2969 2967/2967
f 1819/1819 1825/1825 1822/1822
f 3354/3354 3349/3349 3352/3352
f 4686/4686 4681/4681 4683/4683
f 3355/3355 3358/3358 3359/3359
f 4683/4683 4681/4681 4679/4679
f 123/123 142/142 141/141
f 774/774 773/773 772/772
f 2546/2546 2547/2547 2533/2533
f 2533/2533 2547/2547 2531/2531
f 2531/2531 2547/2547 2530/2530
f 123/123 141/141 140/140
f 2531/2531 2530/2530 2529/2529
f 2531/2531 2529/2529 2532/2532
f 123/123 140/140 125/125
f 125/125 140/140 145/145
f 5135/5135 5142/5142 5141/5141
f 1380/1380 1378/1378 1379/1379
f 1379/1379 1378/1378 1373/1373
f 1373/1373 1378/1378 1372/1372
f 1373/1373 1372/1372 1365/1365
f 665/665 670/670 661/661
f 665/665 661/661 662/662
f 4303/4303 4289/4289 4291/4291
f 4329/4329 4292/4292 4330/4330
f 4195/4195 4193/4193 4192/4192
f 1579/1579 1578/1578 1576/1576
f 1578/1578 1577/1577 1576/1576
f 707/707 709/709 708/708
f 708/708 709/709 710/710
f 709/709 711/711 710/710
f 710/710 711/711 712/712
f 712/712 711/711 713/713
f 708/708 710/710 721/721
f 691/691 707/707 706/706
f 706/706 707/707 708/708
f 706/706 708/708 720/720
f 720/720 708/708 721/721
f 712/712 713/713 714/714
f 713/713 715/715 714/714
f 689/689 690/690 691/691
f 725/725 706/706 720/720
f 724/724 712/712 714/714
f 714/714 715/715 716/716
f 3464/3464 3465/3465 3468/3468
f 3028/3028 3021/3021 3023/3023
f 686/686 690/690 689/689
f 695/695 691/691 705/705
f 705/705 691/691 706/706
f 705/705 706/706 725/725
f 724/724 714/714 717/717
f 3022/3022 3019/3019 3021/3021
f 3468/3468 3469/3469 3470/3470
f 3024/3024 3019/3019 3022/3022
f 3470/3470 3469/3469 3471/3471
f 3510/3510 3517/3517 3513/3513
f 3502/3502 3509/3509 3510/3510
f 3502/3502 3508/3508 3509/3509
f 164/164 156/156 153/153
f 358/358 357/357 320/320
f 153/153 156/156 147/147
f 4688/4688 4686/4686 4685/4685
f 2974/2974 2972/2972 2973/2973
f 2972/2972 2970/2970 2973/2973
f 4685/4685 4686/4686 4683/4683
f 1823/1823 1826/1826 1820/1820
f 1823/1823 1820/1820 1821/1821
f 1821/1821 1820/1820 1819/1819
f 1821/1821 1819/1819 1822/1822
f 1823/1823 1827/1827 1826/1826
f 4683/4683 4679/4679 4684/4684
f 128/128 142/142 123/123
f 779/779 778/778 777/777
f 778/778 773/773 777/777
f 777/777 773/773 776/776
f 773/773 774/774 775/775
f 776/776 773/773 775/775
f 2532/2532 2533/2533 2531/2531
f 5133/5133 5135/5135 5140/5140
f 125/125 145/145 129/129
f 1381/1381 1380/1380 1379/1379
f 273/273 271/271 272/272
f 129/129 145/145 139/139
f 671/671 672/672 670/670
f 4327/4327 4335/4335 4303/4303
f 3941/3941 3947/3947 3939/3939
f 671/671 670/670 665/665
f 4303/4303 4291/4291 4328/4328
f 4328/4328 4291/4291 4329/4329
f 4196/4196 4193/4193 4195/4195
f 4478/4478 4481/4481 4480/4480
f 4481/4481 4482/4482 4480/4480
f 4480/4480 4482/4482 4504/4504
f 4504/4504 4482/4482 4485/4485
f 1580/1580 1581/1581 1578/1578
f 1578/1578 1581/1581 1577/1577
f 2486/2486 2491/2491 2509/2509
f 2509/2509 2491/2491 2508/2508
f 717/717 714/714 716/716
f 717/717 716/716 718/718
f 3028/3028 3022/3022 3021/3021
f 688/688 686/686 689/689
f 688/688 689/689 699/699
f 699/699 689/689 695/695
f 3514/3514 3513/3513 3516/3516
f 704/704 688/688 699/699
f 3512/3512 3510/3510 3513/3513
f 3471/3471 3469/3469 3472/3472
f 3511/3511 3510/3510 3512/3512
f 3502/3502 3510/3510 3511/3511
f 321/321 357/357 365/365
f 154/154 164/164 153/153
f 4685/4685 4683/4683 4684/4684
f 2941/2941 2974/2974 2973/2973
f 1828/1828 1827/1827 1823/1823
f 2976/2976 2975/2975 2937/2937
f 2937/2937 2975/2975 2940/2940
f 2975/2975 2974/2974 2941/2941
f 2975/2975 2941/2941 2940/2940
f 3359/3359 3360/3360 3355/3355
f 3361/3361 3360/3360 3359/3359
f 5148/5148 5146/5146 5147/5147
f 5105/5105 5106/5106 5092/5092
f 5111/5111 5086/5086 5087/5087
f 783/783 779/779 777/777
f 2548/2548 2546/2546 2534/2534
f 2534/2534 2546/2546 2533/2533
f 2534/2534 2533/2533 2532/2532
f 5130/5130 5133/5133 5134/5134
f 5138/5138 5130/5130 5134/5134
f 3533/3533 3532/3532 3520/3520
f 3520/3520 3532/3532 3521/3521
f 3521/3521 3531/3531 3526/3526
f 3526/3526 3531/3531 3529/3529
f 3526/3526 3529/3529 3528/3528
f 3528/3528 3529/3529 3530/3530
f 1382/1382 1381/1381 1379/1379
f 673/673 674/674 672/672
f 3944/3944 3953/3953 3941/3941
f 3953/3953 3948/3948 3941/3941
f 673/673 672/672 671/671
f 3941/3941 3948/3948 3947/3947
f 3943/3943 3944/3944 3941/3941
f 4327/4327 4303/4303 4328/4328
f 1603/1603 1605/1605 1604/1604
f 4197/4197 4196/4196 4195/4195
f 1582/1582 1581/1581 1580/1580
f 2495/2495 2500/2500 2504/2504
f 2478/2478 2477/2477 2482/2482
f 685/685 686/686 688/688
f 684/684 687/687 686/686
f 684/684 686/686 685/685
f 685/685 688/688 704/704
f 3470/3470 3471/3471 3476/3476
f 703/703 685/685 704/704
f 3513/3513 3514/3514 3512/3512
f 3471/3471 3472/3472 3473/3473
f 3499/3499 3507/3507 3501/3501
f 1829/1829 1828/1828 1823/1823
f 2977/2977 2976/2976 2937/2937
f 90/90 93/93 91/91
f 2938/2938 2937/2937 2939/2939
f 2937/2937 2940/2940 2939/2939
f 5105/5105 5092/5092 5094/5094
f 5093/5093 5090/5090 5111/5111
f 5184/5184 5185/5185 5186/5186
f 784/784 783/783 782/782
f 782/782 783/783 777/777
f 782/782 777/777 781/781
f 777/777 776/776 781/781
f 2556/2556 2552/2552 2549/2549
f 5092/5092 5106/5106 5091/5091
f 2552/2552 2548/2548 2549/2549
f 2549/2549 2548/2548 2534/2534
f 5091/5091 5106/5106 5143/5143
f 2550/2550 2549/2549 2534/2534
f 5129/5129 5130/5130 5138/5138
f 2549/2549 2550/2550 2557/2557
f 3519/3519 3520/3520 3521/3521
f 3519/3519 3521/3521 3525/3525
f 3525/3525 3521/3521 3526/3526
f 3949/3949 3950/3950 3945/3945
f 3945/3945 3950/3950 3954/3954
f 3945/3945 3954/3954 3944/3944
f 3525/3525 3526/3526 3527/3527
f 3527/3527 3526/3526 3528/3528
f 4327/4327 4328/4328 4324/4324
f 4324/4324 4328/4328 4329/4329
f 1604/1604 1605/1605 1606/1606
f 4198/4198 4197/4197 4195/4195
f 4479/4479 4478/4478 4480/4480
f 4630/4630 4632/4632 4633/4633
f 4632/4632 4630/4630 4629/4629
f 4629/4629 4630/4630 4631/4631
f 2480/2480 2479/2479 2476/2476
f 4308/4308 4310/4310 4309/4309
f 4531/4531 4530/4530 4535/4535
f 4520/4520 4521/4521 4519/4519
f 4529/4529 4528/4528 4530/4530
f 4529/4529 4530/4530 4531/4531
f 4519/4519 4521/4521 4522/4522
f 4521/4521 4523/4523 4522/4522
f 4527/4527 4528/4528 4526/4526
f 4526/4526 4528/4528 4529/4529
f 4523/4523 4527/4527 4526/4526
f 4522/4522 4523/4523 4526/4526
f 683/683 684/684 685/685
f 682/682 684/684 683/683
f 683/683 685/685 703/703
f 681/681 682/682 683/683
f 723/723 683/683 703/703
f 425/425 427/427 380/380
f 696/696 683/683 723/723
f 679/679 682/682 681/681
f 3473/3473 3472/3472 3474/3474
f 3515/3515 3502/3502 3511/3511
f 3474/3474 3472/3472 3475/3475
f 3500/3500 3501/3501 3502/3502
f 3500/3500 3502/3502 3515/3515
f 3499/3499 3501/3501 3500/3500
f 154/154 153/153 152/152
f 1831/1831 1830/1830 1829/1829
f 1830/1830 1828/1828 1829/1829
f 2977/2977 2937/2937 2934/2934
f 2935/2935 2937/2937 2938/2938
f 5093/5093 5111/5111 5099/5099
f 5099/5099 5111/5111 5101/5101
f 2947/2947 2957/2957 2952/2952
f 2948/2948 2947/2947 2949/2949
f 2947/2947 2952/2952 2949/2949
f 123/123 125/125 118/118
f 2204/2204 2210/2210 2209/2209
f 3522/3522 3523/3523 3520/3520
f 3522/3522 3520/3520 3519/3519
f 125/125 129/129 118/118
f 30/30 31/31 23/23
f 1607/1607 1608/1608 1606/1606
f 1605/1605 1607/1607 1606/1606
f 4476/4476 4478/4478 4477/4477
f 4477/4477 4478/4478 4479/4479
f 4479/4479 4480/4480 4505/4505
f 4506/4506 4507/4507 4508/4508
f 4506/4506 4508/4508 4509/4509
f 4509/4509 4508/4508 4512/4512
f 409/409 411/411 410/410
f 4514/4514 4516/4516 4515/4515
f 4515/4515 4516/4516 4517/4517
f 4516/4516 4518/4518 4517/4517
f 4518/4518 4520/4520 4519/4519
f 4517/4517 4518/4518 4519/4519
f 4519/4519 4522/4522 4524/4524
f 3476/3476 3471/3471 3473/3473
f 380/380 427/427 452/452
f 681/681 683/683 696/696
f 679/679 681/681 680/680
f 680/680 681/681 696/696
f 676/676 679/679 677/677
f 677/677 679/679 680/680
f 677/677 680/680 722/722
f 722/722 680/680 696/696
f 161/161 155/155 151/151
f 692/692 678/678 675/675
f 3498/3498 3499/3499 3500/3500
f 677/677 727/727 675/675
f 151/151 155/155 154/154
f 3504/3504 3503/3503 3498/3498
f 675/675 727/727 726/726
f 3505/3505 3503/3503 3504/3504
f 152/152 153/153 147/147
f 85/85 91/91 80/80
f 80/80 91/91 92/92
f 1831/1831 1829/1829 1832/1832
f 2932/2932 2977/2977 2934/2934
f 2934/2934 2937/2937 2935/2935
f 2933/2933 2934/2934 2935/2935
f 4207/4207 4210/4210 4209/4209
f 128/128 123/123 119/119
f 5096/5096 5099/5099 5100/5100
f 4206/4206 4207/4207 4208/4208
f 4214/4214 4213/4213 4215/4215
f 785/785 784/784 782/782
f 2944/2944 2957/2957 2946/2946
f 2946/2946 2957/2957 2947/2947
f 119/119 123/123 118/118
f 2945/2945 2946/2946 2947/2947
f 2945/2945 2947/2947 2948/2948
f 2950/2950 2945/2945 2948/2948
f 3524/3524 3523/3523 3522/3522
f 4323/4323 4327/4327 4324/4324
f 4323/4323 4324/4324 4322/4322
f 4322/4322 4324/4324 4319/4319
f 3858/3858 3856/3856 3881/3881
f 4471/4471 4501/4501 4472/4472
f 4472/4472 4501/4501 4475/4475
f 4472/4472 4475/4475 4474/4474
f 4475/4475 4476/4476 4474/4474
f 4476/4476 4477/4477 4474/4474
f 360/360 414/414 278/278
f 410/410 414/414 360/360
f 4313/4313 4312/4312 4307/4307
f 4479/4479 4505/4505 4506/4506
f 4505/4505 4507/4507 4506/4506
f 409/409 410/410 360/360
f 4509/4509 4512/4512 4511/4511
f 4511/4511 4512/4512 4513/4513
f 4512/4512 4514/4514 4513/4513
f 4513/4513 4514/4514 4515/4515
f 4531/4531 4535/4535 4536/4536
f 4309/4309 4310/4310 4314/4314
f 4517/4517 4519/4519 4525/4525
f 4525/4525 4519/4519 4524/4524
f 2796/2796 2795/2795 2797/2797
f 2795/2795 2798/2798 2797/2797
f 2798/2798 2802/2802 2801/2801
f 2797/2797 2798/2798 2801/2801
f 2802/2802 2803/2803 2801/2801
f 2797/2797 2801/2801 2783/2783
f 2790/2790 2797/2797 2783/2783
f 380/380 452/452 319/319
f 370/370 380/380 319/319
f 675/675 676/676 677/677
f 698/698 678/678 692/692
f 693/693 692/692 675/675
f 693/693 675/675 726/726
f 152/152 147/147 150/150
f 150/150 147/147 124/124
f 76/76 86/86 84/84
f 76/76 84/84 77/77
f 80/80 92/92 59/59
f 1831/1831 1832/1832 1833/1833
f 124/124 128/128 119/119
f 2958/2958 2977/2977 2932/2932
f 2931/2931 2932/2932 2933/2933
f 2932/2932 2934/2934 2933/2933
f 4206/4206 4212/4212 4207/4207
f 4212/4212 4213/4213 4214/4214
f 4213/4213 4212/4212 4206/4206
f 2930/2930 2944/2944 2942/2942
f 2942/2942 2944/2944 2946/2946
f 2945/2945 2942/2942 2946/2946
f 2942/2942 2945/2945 2943/2943
f 2943/2943 2951/2951 2955/2955
f 2951/2951 2943/2943 2945/2945
f 2950/2950 2951/2951 2945/2945
f 2198/2198 2204/2204 2209/2209
f 2959/2959 2951/2951 2950/2950
f 2198/2198 2209/2209 2208/2208
f 118/118 129/129 139/139
f 118/118 139/139 130/130
f 4462/4462 4458/4458 4537/4537
f 4470/4470 4471/4471 4472/4472
f 4534/4534 4474/4474 4477/4477
f 4534/4534 4477/4477 4532/4532
f 2831/2831 2832/2832 2821/2821
f 4532/4532 4477/4477 4479/4479
f 2581/2581 2595/2595 2579/2579
f 2831/2831 2821/2821 2830/2830
f 4532/4532 4479/4479 4506/4506
f 4313/4313 4307/4307 4315/4315
f 4506/4506 4509/4509 4510/4510
f 4510/4510 4509/4509 4511/4511
f 4306/4306 4314/4314 4316/4316
f 4513/4513 4515/4515 4533/4533
f 4533/4533 4515/4515 4517/4517
f 2800/2800 2799/2799 2792/2792
f 4533/4533 4517/4517 4525/4525
f 2804/2804 2805/2805 2807/2807
f 2799/2799 2793/2793 2792/2792
f 2803/2803 2805/2805 2804/2804
f 2792/2792 2793/2793 2794/2794
f 2794/2794 2793/2793 2795/2795
f 2784/2784 2804/2804 2786/2786
f 2796/2796 2794/2794 2795/2795
f 2803/2803 2804/2804 2784/2784
f 319/319 452/452 422/422
f 697/697 698/698 692/692
f 697/697 692/692 694/694
f 692/692 693/693 694/694
f 2896/2896 2895/2895 2897/2897
f 698/698 697/697 701/701
f 2892/2892 2895/2895 2896/2896
f 700/700 697/697 694/694
f 2891/2891 2895/2895 2892/2892
f 88/88 86/86 76/76
f 77/77 84/84 79/79
f 1846/1846 1844/1844 1845/1845
f 1845/1845 1844/1844 1831/1831
f 1845/1845 1831/1831 1833/1833
f 2953/2953 2954/2954 2958/2958
f 2953/2953 2958/2958 2927/2927
f 2927/2927 2958/2958 2932/2932
f 2927/2927 2932/2932 2931/2931
f 2926/2926 2927/2927 2928/2928
f 2928/2928 2927/2927 2930/2930
f 2927/2927 2931/2931 2930/2930
f 2928/2928 2930/2930 2942/2942
f 2926/2926 2928/2928 2936/2936
f 245/245 246/246 229/229
f 2936/2936 2928/2928 2943/2943
f 2943/2943 2928/2928 2942/2942
f 229/229 246/246 240/240
f 2936/2936 2943/2943 2955/2955
f 2960/2960 2955/2955 2959/2959
f 2955/2955 2951/2951 2959/2959
f 3887/3887 3863/3863 3888/3888
f 4455/4455 4458/4458 4456/4456
f 4456/4456 4458/4458 4462/4462
f 4462/4462 4471/4471 4470/4470
f 4322/4322 4319/4319 4321/4321
f 4470/4470 4472/4472 4473/4473
f 4473/4473 4472/4472 4474/4474
f 2833/2833 2836/2836 2837/2837
f 2587/2587 2596/2596 2585/2585
f 2833/2833 2837/2837 2832/2832
f 2585/2585 2596/2596 2583/2583
f 2835/2835 2833/2833 2834/2834
f 2834/2834 2833/2833 2831/2831
f 2831/2831 2833/2833 2832/2832
f 368/368 409/409 360/360
f 2821/2821 2820/2820 2819/2819
f 2819/2819 2820/2820 2818/2818
f 4315/4315 4306/4306 4316/4316
f 2819/2819 2818/2818 2817/2817
f 413/413 409/409 412/412
f 2818/2818 2828/2828 2816/2816
f 2817/2817 2818/2818 2816/2816
f 420/420 409/409 413/413
f 2816/2816 2828/2828 2812/2812
f 2815/2815 2816/2816 2812/2812
f 2806/2806 2815/2815 2812/2812
f 2806/2806 2812/2812 2799/2799
f 2789/2789 2791/2791 2788/2788
f 2804/2804 2807/2807 2789/2789
f 2804/2804 2789/2789 2786/2786
f 160/160 161/161 151/151
f 2902/2902 2896/2896 2897/2897
f 2897/2897 2903/2903 2902/2902
f 702/702 698/698 701/701
f 701/701 697/697 700/700
f 151/151 152/152 150/150
f 701/701 730/730 731/731
f 2894/2894 2898/2898 2891/2891
f 150/150 124/124 132/132
f 74/74 76/76 73/73
f 73/73 76/76 77/77
f 73/73 77/77 72/72
f 72/72 77/77 79/79
f 72/72 79/79 80/80
f 72/72 80/80 59/59
f 2954/2954 2953/2953 2929/2929
f 2929/2929 2953/2953 2927/2927
f 2926/2926 2929/2929 2927/2927
f 233/233 245/245 229/229
f 2956/2956 2936/2936 2955/2955
f 240/240 244/244 236/236
f 2207/2207 2202/2202 2197/2197
f 3886/3886 3865/3865 3887/3887
f 4453/4453 4455/4455 4454/4454
f 4454/4454 4455/4455 4456/4456
f 4323/4323 4322/4322 4321/4321
f 4456/4456 4462/4462 4469/4469
f 4469/4469 4462/4462 4470/4470
f 4540/4540 4470/4470 4473/4473
f 4106/4106 4107/4107 4108/4108
f 4107/4107 4109/4109 4108/4108
f 2835/2835 2836/2836 2833/2833
f 4318/4318 4319/4319 4313/4313
f 4318/4318 4313/4313 4317/4317
f 4313/4313 4315/4315 4317/4317
f 409/409 368/368 412/412
f 2789/2789 2808/2808 2791/2791
f 2807/2807 2808/2808 2789/2789
f 319/319 422/422 421/421
f 2901/2901 2892/2892 2896/2896
f 2901/2901 2896/2896 2902/2902
f 2907/2907 2902/2902 2908/2908
f 149/149 151/151 150/150
f 2893/2893 2891/2891 2890/2890
f 2890/2890 2891/2891 2892/2892
f 2890/2890 2892/2892 2901/2901
f 731/731 732/732 701/701
f 2894/2894 2891/2891 2893/2893
f 75/75 76/76 74/74
f 51/51 72/72 59/59
f 51/51 59/59 54/54
f 117/117 124/124 119/119
f 247/247 248/248 233/233
f 232/232 233/233 229/229
f 117/117 119/119 118/118
f 229/229 240/240 236/236
f 2193/2193 2198/2198 2208/2208
f 4469/4469 4470/4470 4540/4540
f 4106/4106 4104/4104 4107/4107
f 4321/4321 4319/4319 4318/4318
f 2808/2808 2810/2810 2809/2809
f 2791/2791 2808/2808 2809/2809
f 2791/2791 2809/2809 2827/2827
f 160/160 151/151 149/149
f 2901/2901 2902/2902 2906/2906
f 2906/2906 2902/2902 2907/2907
f 733/733 732/732 731/731
f 56/56 57/57 58/58
f 78/78 76/76 75/75
f 74/74 73/73 70/70
f 70/70 73/73 72/72
f 70/70 72/72 69/69
f 55/55 57/57 56/56
f 69/69 72/72 51/51
f 51/51 54/54 49/49
f 49/49 54/54 55/55
f 233/233 232/232 247/247
f 230/230 229/229 236/236
f 4460/4460 4461/4461 4448/4448
f 3877/3877 3873/3873 3889/3889
f 3889/3889 3873/3873 3872/3872
f 3889/3889 3872/3872 3882/3882
f 4447/4447 4463/4463 4457/4457
f 4457/4457 4463/4463 4450/4450
f 4441/4441 4450/4450 4449/4449
f 2193/2193 2208/2208 2255/2255
f 4449/4449 4451/4451 4398/4398
f 4439/4439 4449/4449 4398/4398
f 4398/4398 4451/4451 4400/4400
f 4451/4451 4452/4452 4400/4400
f 4452/4452 4453/4453 4400/4400
f 4400/4400 4453/4453 4401/4401
f 4325/4325 4323/4323 4321/4321
f 4401/4401 4453/4453 4454/4454
f 4538/4538 4454/4454 4456/4456
f 4103/4103 4102/4102 4104/4104
f 4469/4469 4538/4538 4456/4456
f 312/312 279/279 286/286
f 2823/2823 2824/2824 2814/2814
f 2809/2809 2811/2811 2813/2813
f 2813/2813 2811/2811 2814/2814
f 2810/2810 2811/2811 2809/2809
f 216/216 221/221 206/206
f 1261/1261 1263/1263 1284/1284
f 1279/1279 1280/1280 1282/1282
f 158/158 160/160 149/149
f 149/149 150/150 132/132
f 2904/2904 2893/2893 2890/2890
f 2912/2912 2901/2901 2906/2906
f 61/61 56/56 58/58
f 58/58 62/62 61/61
f 2905/2905 2893/2893 2904/2904
f 2904/2904 2890/2890 2912/2912
f 2912/2912 2890/2890 2901/2901
f 75/75 74/74 70/70
f 4876/4876 4869/4869 4867/4867
f 49/49 55/55 40/40
f 40/40 55/55 56/56
f 132/132 124/124 117/117
f 4872/4872 4870/4870 4873/4873
f 4448/4448 4461/4461 4447/4447
f 4445/4445 4447/4447 4443/4443
f 4447/4447 4457/4457 4443/4443
f 4457/4457 4450/4450 4441/4441
f 4439/4439 4441/4441 4449/4449
f 4437/4437 4439/4439 4398/4398
f 4099/4099 4098/4098 4097/4097
f 4097/4097 4098/4098 4096/4096
f 4782/4782 4783/4783 4784/4784
f 4397/4397 4398/4398 4399/4399
f 4399/4399 4398/4398 4400/4400
f 4094/4094 4097/4097 4096/4096
f 4094/4094 4096/4096 4095/4095
f 4094/4094 4095/4095 4092/4092
f 4399/4399 4400/4400 4401/4401
f 4091/4091 4094/4094 4092/4092
f 4091/4091 4092/4092 4093/4093
f 4091/4091 4093/4093 4102/4102
f 4538/4538 4401/4401 4454/4454
f 2822/2822 2823/2823 2814/2814
f 2811/2811 2822/2822 2814/2814
f 1236/1236 1237/1237 1238/1238
f 1238/1238 1242/1242 1239/1239
f 2909/2909 2905/2905 2904/2904
f 4872/4872 4876/4876 4867/4867
f 50/50 51/51 49/49
f 40/40 56/56 63/63
f 63/63 56/56 61/61
f 2911/2911 2905/2905 2910/2910
f 2910/2910 2905/2905 2909/2909
f 4946/4946 4947/4947 4948/4948
f 231/231 232/232 229/229
f 116/116 117/117 118/118
f 230/230 236/236 239/239
f 4459/4459 4460/4460 4448/4448
f 4448/4448 4447/4447 4445/4445
f 116/116 118/118 121/121
f 121/121 118/118 130/130
f 4443/4443 4457/4457 4441/4441
f 2192/2192 2193/2193 2255/2255
f 2184/2184 2185/2185 2186/2186
f 4441/4441 4439/4439 4440/4440
f 4440/4440 4439/4439 4438/4438
f 4438/4438 4439/4439 4437/4437
f 4326/4326 4325/4325 4321/4321
f 2825/2825 2826/2826 2824/2824
f 2823/2823 2825/2825 2824/2824
f 1224/1224 1222/1222 1221/1221
f 1221/1221 1222/1222 1223/1223
f 1223/1223 1237/1237 1236/1236
f 1221/1221 1223/1223 1236/1236
f 1236/1236 1238/1238 1239/1239
f 1226/1226 1222/1222 1225/1225
f 1225/1225 1222/1222 1224/1224
f 1239/1239 1242/1242 1243/1243
f 1229/1229 1228/1228 1227/1227
f 1228/1228 1226/1226 1227/1227
f 1230/1230 1228/1228 1229/1229
f 1231/1231 1230/1230 1229/1229
f 218/218 216/216 215/215
f 216/216 206/206 215/215
f 1240/1240 1234/1234 1235/1235
f 1287/1287 1251/1251 1250/1250
f 206/206 191/191 192/192
f 1241/1241 1240/1240 1235/1235
f 1247/1247 1244/1244 1241/1241
f 2149/2149 2164/2164 2153/2153
f 1265/1265 1264/1264 1247/1247
f 1245/1245 1264/1264 1274/1274
f 1275/1275 1269/1269 1267/1267
f 158/158 149/149 157/157
f 78/78 75/75 71/71
f 71/71 75/75 70/70
f 70/70 69/69 67/67
f 66/66 69/69 50/50
f 132/132 117/117 131/131
f 50/50 69/69 51/51
f 50/50 49/49 39/39
f 39/39 49/49 40/40
f 40/40 63/63 60/60
f 228/228 229/229 230/230
f 4442/4442 4443/4443 4441/4441
f 4442/4442 4441/4441 4440/4440
f 2192/2192 2255/2255 2251/2251
f 4438/4438 4437/4437 4436/4436
f 4436/4436 4437/4437 4433/4433
f 1227/1227 1226/1226 1225/1225
f 1232/1232 1233/1233 1230/1230
f 1232/1232 1230/1230 1231/1231
f 215/215 206/206 207/207
f 1234/1234 1233/1233 1232/1232
f 1235/1235 1234/1234 1232/1232
f 207/207 206/206 192/192
f 192/192 191/191 159/159
f 159/159 191/191 158/158
f 2163/2163 2164/2164 2149/2149
f 2150/2150 2163/2163 2149/2149
f 2154/2154 2165/2165 2150/2150
f 159/159 158/158 157/157
f 45/45 44/44 46/46
f 157/157 149/149 131/131
f 149/149 132/132 131/131
f 71/71 70/70 68/68
f 68/68 70/70 67/67
f 67/67 69/69 66/66
f 3147/3147 3115/3115 3108/3108
f 4446/4446 4448/4448 4445/4445
f 4444/4444 4445/4445 4443/4443
f 4444/4444 4443/4443 4442/4442
f 4442/4442 4440/4440 4464/4464
f 4464/4464 4440/4440 4438/4438
f 4466/4466 4438/4438 4436/4436
f 4432/4432 4436/4436 4433/4433
f 4432/4432 4433/4433 4431/4431
f 4432/4432 4431/4431 4429/4429
f 4431/4431 4428/4428 4429/4429
f 539/539 536/536 538/538
f 4425/4425 4426/4426 4424/4424
f 4422/4422 4424/4424 4420/4420
f 4420/4420 4435/4435 4417/4417
f 4417/4417 4435/4435 4415/4415
f 4416/4416 4415/4415 4414/4414
f 4414/4414 4415/4415 4413/4413
f 541/541 529/529 504/504
f 504/504 502/502 503/503
f 1901/1901 1904/1904 1903/1903
f 1903/1903 1904/1904 1905/1905
f 1903/1903 1905/1905 1906/1906
f 1906/1906 1905/1905 1909/1909
f 1903/1903 1906/1906 1907/1907
f 1907/1907 1906/1906 1908/1908
f 1908/1908 1906/1906 1909/1909
f 1899/1899 1900/1900 1897/1897
f 1902/1902 1903/1903 1907/1907
f 1910/1910 1908/1908 1909/1909
f 1894/1894 1899/1899 1897/1897
f 1910/1910 1909/1909 1911/1911
f 1910/1910 1911/1911 1912/1912
f 1895/1895 1894/1894 1897/1897
f 1949/1949 1897/1897 1950/1950
f 1910/1910 1912/1912 1913/1913
f 1895/1895 1897/1897 1948/1948
f 1948/1948 1897/1897 1949/1949
f 1893/1893 1895/1895 1948/1948
f 1913/1913 1912/1912 1914/1914
f 2155/2155 2156/2156 2160/2160
f 2156/2156 2162/2162 2160/2160
f 2155/2155 2153/2153 2156/2156
f 2152/2152 2153/2153 2155/2155
f 2152/2152 2149/2149 2153/2153
f 2147/2147 2149/2149 2152/2152
f 2148/2148 2150/2150 2149/2149
f 2151/2151 2154/2154 2150/2150
f 2157/2157 2158/2158 2154/2154
f 2157/2157 2154/2154 2151/2151
f 2159/2159 2158/2158 2157/2157
f 43/43 42/42 44/44
f 43/43 44/44 45/45
f 38/38 33/33 32/32
f 96/96 97/97 33/33
f 39/39 40/40 38/38
f 243/243 232/232 231/231
f 231/231 229/229 228/228
f 228/228 230/230 235/235
f 4459/4459 4448/4448 4446/4446
f 4446/4446 4445/4445 4444/4444
f 4466/4466 4464/4464 4438/4438
f 1120/1120 1119/1119 1118/1118
f 4466/4466 4436/4436 4432/4432
f 1118/1118 1119/1119 1116/1116
f 1148/1148 1118/1118 1147/1147
f 1147/1147 1118/1118 1117/1117
f 4427/4427 4429/4429 4428/4428
f 2762/2762 2761/2761 2760/2760
f 4427/4427 4428/4428 4426/4426
f 4427/4427 4426/4426 4425/4425
f 4425/4425 4424/4424 4423/4423
f 4423/4423 4424/4424 4422/4422
f 4422/4422 4420/4420 4421/4421
f 4421/4421 4420/4420 4419/4419
f 4420/4420 4417/4417 4419/4419
f 4417/4417 4415/4415 4416/4416
f 4414/4414 4413/4413 4411/4411
f 4413/4413 4410/4410 4411/4411
f 4566/4566 4567/4567 4568/4568
f 497/497 496/496 498/498
f 481/481 482/482 483/483
f 1897/1897 1900/1900 1901/1901
f 1897/1897 1901/1901 1902/1902
f 1902/1902 1901/1901 1903/1903
f 1893/1893 1896/1896 1894/1894
f 1893/1893 1894/1894 1895/1895
f 1925/1925 1896/1896 1898/1898
f 1898/1898 1896/1896 1893/1893
f 1898/1898 1893/1893 1929/1929
f 1927/1927 1925/1925 1926/1926
f 1926/1926 1925/1925 1898/1898
f 1926/1926 1898/1898 1929/1929
f 1912/1912 1916/1916 1915/1915
f 1916/1916 1922/1922 1917/1917
f 1930/1930 1931/1931 1927/1927
f 1930/1930 1927/1927 1928/1928
f 1928/1928 1927/1927 1926/1926
f 1932/1932 1930/1930 1928/1928
f 192/192 159/159 208/208
f 2147/2147 2148/2148 2149/2149
f 1616/1616 1615/1615 1617/1617
f 208/208 159/159 181/181
f 2151/2151 2150/2150 2148/2148
f 159/159 157/157 181/181
f 2161/2161 2159/2159 2157/2157
f 181/181 157/157 175/175
f 43/43 45/45 48/48
f 41/41 37/37 42/42
f 41/41 42/42 43/43
f 175/175 157/157 179/179
f 36/36 35/35 37/37
f 157/157 131/131 179/179
f 34/34 35/35 36/36
f 32/32 33/33 34/34
f 78/78 71/71 83/83
f 71/71 68/68 81/81
f 65/65 67/67 66/66
f 39/39 38/38 32/32
f 3089/3089 3091/3091 3105/3105
f 235/235 230/230 239/239
f 1143/1143 1123/1123 1124/1124
f 1124/1124 1123/1123 1121/1121
f 1121/1121 1123/1123 1122/1122
f 1121/1121 1122/1122 1120/1120
f 1125/1125 1124/1124 1121/1121
f 1125/1125 1121/1121 1118/1118
f 1118/1118 1121/1121 1120/1120
f 1117/1117 1118/1118 1116/1116
f 1117/1117 1116/1116 1114/1114
f 1114/1114 1116/1116 1115/1115
f 4467/4467 4432/4432 4429/4429
f 4467/4467 4429/4429 4427/4427
f 4061/4061 4062/4062 4050/4050
f 4427/4427 4425/4425 4430/4430
f 4430/4430 4425/4425 4423/4423
f 4423/4423 4422/4422 4421/4421
f 2032/2032 2031/2031 2030/2030
f 4419/4419 4417/4417 4418/4418
f 2031/2031 2027/2027 2030/2030
f 4418/4418 4417/4417 4416/4416
f 4434/4434 4416/4416 4414/4414
f 2028/2028 2027/2027 2023/2023
f 4411/4411 4410/4410 4409/4409
f 4410/4410 4403/4403 4409/4409
f 4568/4568 4567/4567 4569/4569
f 4568/4568 4569/4569 4570/4570
f 1915/1915 1916/1916 1917/1917
f 1918/1918 1915/1915 1917/1917
f 1918/1918 1917/1917 1919/1919
f 1919/1919 1917/1917 1922/1922
f 1934/1934 1931/1931 1933/1933
f 1933/1933 1931/1931 1932/1932
f 1931/1931 1930/1930 1932/1932
f 1919/1919 1922/1922 1921/1921
f 1935/1935 1934/1934 1933/1933
f 1936/1936 1934/1934 1935/1935
f 1935/1935 1933/1933 1937/1937
f 1937/1937 1933/1933 1932/1932
f 1918/1918 1919/1919 1920/1920
f 1920/1920 1919/1919 1921/1921
f 1939/1939 1936/1936 1935/1935
f 1941/1941 1936/1936 1939/1939
f 1938/1938 1939/1939 1935/1935
f 1938/1938 1935/1935 1937/1937
f 1941/1941 1939/1939 1940/1940
f 1940/1940 1939/1939 1938/1938
f 1920/1920 1921/1921 1923/1923
f 1942/1942 1941/1941 1940/1940
f 1944/1944 1940/1940 1938/1938
f 1924/1924 1920/1920 1923/1923
f 1945/1945 1942/1942 1943/1943
f 1943/1943 1942/1942 1940/1940
f 1924/1924 1923/1923 1951/1951
f 1947/1947 1945/1945 1946/1946
f 1946/1946 1945/1945 1943/1943
f 1943/1943 1940/1940 1944/1944
f 41/41 43/43 48/48
f 578/578 648/648 580/580
f 1946/1946 1943/1943 1952/1952
f 1952/1952 1943/1943 1953/1953
f 36/36 37/37 41/41
f 47/47 34/34 36/36
f 32/32 34/34 47/47
f 83/83 71/71 81/81
f 81/81 68/68 82/82
f 66/66 50/50 65/65
f 65/65 50/50 52/52
f 50/50 39/39 52/52
f 52/52 39/39 53/53
f 4459/4459 4446/4446 4465/4465
f 4778/4778 4779/4779 4780/4780
f 1143/1143 1144/1144 1123/1123
f 1124/1124 1145/1145 1143/1143
f 116/116 121/121 126/126
f 2192/2192 2251/2251 2242/2242
f 2237/2237 2192/2192 2242/2242
f 1115/1115 1126/1126 1111/1111
f 1114/1114 1115/1115 1111/1111
f 1114/1114 1111/1111 1113/1113
f 1111/1111 1126/1126 1109/1109
f 4050/4050 4062/4062 4063/4063
f 1110/1110 1113/1113 1111/1111
f 1111/1111 1109/1109 1110/1110
f 1110/1110 1109/1109 1107/1107
f 1109/1109 1108/1108 1107/1107
f 4423/4423 4421/4421 4468/4468
f 1107/1107 1108/1108 1106/1106
f 4063/4063 4062/4062 4065/4065
f 1149/1149 1110/1110 1107/1107
f 4468/4468 4421/4421 4419/4419
f 1149/1149 1107/1107 1150/1150
f 1106/1106 1092/1092 1083/1083
f 1150/1150 1107/1107 1151/1151
f 1083/1083 1092/1092 1087/1087
f 1151/1151 1083/1083 1152/1152
f 4434/4434 4418/4418 4416/4416
f 2030/2030 2027/2027 2028/2028
f 1152/1152 1083/1083 1080/1080
f 4434/4434 4414/4414 4412/4412
f 4412/4412 4414/4414 4411/4411
f 4233/4233 4234/4234 4235/4235
f 4412/4412 4411/4411 4409/4409
f 4235/4235 4234/4234 4237/4237
f 1657/1657 1656/1656 1658/1658
f 1658/1658 1656/1656 1659/1659
f 2029/2029 2023/2023 2021/2021
f 4402/4402 4409/4409 4403/4403
f 4402/4402 4403/4403 4404/4404
f 4403/4403 4405/4405 4404/4404
f 1654/1654 1656/1656 1657/1657
f 4404/4404 4405/4405 4406/4406
f 1653/1653 1656/1656 1654/1654
f 2021/2021 2023/2023 2022/2022
f 4570/4570 4569/4569 4571/4571
f 4569/4569 4573/4573 4572/4572
f 4571/4571 4569/4569 4572/4572
f 4572/4572 4573/4573 4574/4574
f 1665/1665 1653/1653 1655/1655
f 1666/1666 1665/1665 1655/1655
f 4572/4572 4574/4574 4575/4575
f 4572/4572 4575/4575 4576/4576
f 4576/4576 4575/4575 4577/4577
f 579/579 578/578 580/580
f 570/570 574/574 576/576
f 576/576 574/574 577/577
f 576/576 577/577 578/578
f 576/576 578/578 579/579
f 572/572 573/573 570/570
f 573/573 574/574 570/570
f 575/575 573/573 572/572
f 581/581 575/575 572/572
f 3084/3084 3141/3141 3086/3086
f 82/82 68/68 65/65
f 68/68 67/67 65/65
f 585/585 604/604 584/584
f 584/584 604/604 575/575
f 243/243 231/231 234/234
f 1472/1472 1473/1473 1468/1468
f 1107/1107 1106/1106 1083/1083
f 1083/1083 1087/1087 1081/1081
f 1083/1083 1081/1081 1080/1080
f 1080/1080 1081/1081 1082/1082
f 1084/1084 1080/1080 1082/1082
f 1084/1084 1082/1082 1085/1085
f 1086/1086 1084/1084 1085/1085
f 1086/1086 1085/1085 1088/1088
f 1089/1089 1086/1086 1088/1088
f 1089/1089 1088/1088 1090/1090
f 1090/1090 1088/1088 1142/1142
f 1091/1091 1089/1089 1090/1090
f 1090/1090 1142/1142 1094/1094
f 4404/4404 4406/4406 4407/4407
f 1091/1091 1090/1090 1093/1093
f 4407/4407 4406/4406 4408/4408
f 4576/4576 4577/4577 4578/4578
f 4578/4578 4577/4577 4580/4580
f 579/579 580/580 610/610
f 570/570 576/576 566/566
f 575/575 581/581 584/584
f 83/83 81/81 99/99
f 587/587 600/600 585/585
f 234/234 231/231 228/228
f 234/234 228/228 237/237
f 237/237 228/228 238/238
f 228/228 235/235 238/238
f 1473/1473 1466/1466 1468/1468
f 1660/1660 1662/1662 1667/1667
f 1140/1140 1141/1141 1138/1138
f 1137/1137 1140/1140 1138/1138
f 1135/1135 1137/1137 1138/1138
f 1136/1136 1137/1137 1135/1135
f 1133/1133 1136/1136 1135/1135
f 1131/1131 1132/1132 1133/1133
f 1134/1134 1133/1133 1135/1135
f 1093/1093 1090/1090 1094/1094
f 1093/1093 1094/1094 1095/1095
f 1095/1095 1094/1094 1096/1096
f 1096/1096 1094/1094 1127/1127
f 1127/1127 1128/1128 1096/1096
f 1097/1097 1095/1095 1096/1096
f 4579/4579 4572/4572 4576/4576
f 1098/1098 1097/1097 1096/1096
f 1098/1098 1096/1096 1099/1099
f 1099/1099 1096/1096 1105/1105
f 1105/1105 1102/1102 1099/1099
f 1098/1098 1099/1099 1100/1100
f 1100/1100 1099/1099 1101/1101
f 1099/1099 1102/1102 1101/1101
f 1100/1100 1101/1101 1112/1112
f 165/165 174/174 175/175
f 576/576 579/579 562/562
f 562/562 579/579 610/610
f 566/566 576/576 563/563
f 567/567 570/570 566/566
f 165/165 175/175 179/179
f 571/571 572/572 567/567
f 567/567 572/572 570/570
f 179/179 131/131 138/138
f 582/582 581/581 571/571
f 3083/3083 3085/3085 3117/3117
f 583/583 584/584 581/581
f 583/583 581/581 582/582
f 81/81 82/82 99/99
f 99/99 82/82 100/100
f 101/101 82/82 65/65
f 587/587 585/585 586/586
f 585/585 584/584 583/583
f 238/238 235/235 241/241
f 1470/1470 1471/1471 1468/1468
f 1470/1470 1468/1468 1469/1469
f 1469/1469 1468/1468 1467/1467
f 1468/1468 1466/1466 1467/1467
f 1466/1466 1465/1465 1464/1464
f 1467/1467 1466/1466 1464/1464
f 2863/2863 2860/2860 2861/2861
f 2237/2237 2242/2242 2241/2241
f 116/116 126/126 133/133
f 4049/4049 4051/4051 4050/4050
f 382/382 270/270 296/296
f 4066/4066 4064/4064 4063/4063
f 1141/1141 1140/1140 1146/1146
f 4065/4065 4066/4066 4063/4063
f 1131/1131 1133/1133 1134/1134
f 1139/1139 1131/1131 1134/1134
f 1130/1130 1132/1132 1131/1131
f 1129/1129 1130/1130 1104/1104
f 1130/1130 1131/1131 1104/1104
f 1102/1102 1129/1129 1104/1104
f 1101/1101 1102/1102 1103/1103
f 1103/1103 1102/1102 1104/1104
f 177/177 173/173 172/172
f 173/173 174/174 165/165
f 561/561 562/562 560/560
f 563/563 562/562 561/561
f 565/565 566/566 563/563
f 565/565 567/567 566/566
f 165/165 179/179 138/138
f 100/100 82/82 101/101
f 101/101 65/65 102/102
f 65/65 52/52 102/102
f 586/586 585/585 583/583
f 586/586 583/583 605/605
f 3125/3125 3144/3144 3109/3109
f 131/131 117/117 122/122
f 138/138 131/131 122/122
f 650/650 600/600 601/601
f 601/601 600/600 587/587
f 586/586 654/654 651/651
f 2352/2352 2327/2327 2324/2324
f 1464/1464 1463/1463 1462/1462
f 2239/2239 2237/2237 2241/2241
f 2235/2235 2239/2239 2238/2238
f 1460/1460 1461/1461 1459/1459
f 1460/1460 1459/1459 1454/1454
f 182/182 177/177 172/172
f 172/172 173/173 165/165
f 3061/3061 3065/3065 3062/3062
f 565/565 563/563 564/564
f 3815/3815 3816/3816 3814/3814
f 3820/3820 3816/3816 3819/3819
f 3819/3819 3816/3816 3815/3815
f 3833/3833 3815/3815 3834/3834
f 3823/3823 3820/3820 3822/3822
f 3822/3822 3820/3820 3819/3819
f 3819/3819 3815/3815 3833/3833
f 3822/3822 3824/3824 3823/3823
f 3822/3822 3819/3819 3831/3831
f 3831/3831 3819/3819 3832/3832
f 605/605 583/583 582/582
f 3825/3825 3824/3824 3822/3822
f 3827/3827 3822/3822 3831/3831
f 104/104 99/99 100/100
f 104/104 100/100 103/103
f 100/100 101/101 103/103
f 3826/3826 3828/3828 3825/3825
f 3826/3826 3825/3825 3827/3827
f 3825/3825 3822/3822 3827/3827
f 83/83 99/99 105/105
f 601/601 587/587 609/609
f 587/587 586/586 634/634
f 3828/3828 3826/3826 3829/3829
f 634/634 586/586 651/651
f 122/122 117/117 120/120
f 2351/2351 2352/2352 2324/2324
f 120/120 117/117 116/116
f 242/242 238/238 241/241
f 3450/3450 3453/3453 3448/3448
f 3453/3453 3452/3452 3448/3448
f 3451/3451 3450/3450 3449/3449
f 3449/3449 3450/3450 3448/3448
f 3452/3452 3458/3458 3445/3445
f 3448/3448 3452/3452 3445/3445
f 3445/3445 3458/3458 3457/3457
f 3445/3445 3457/3457 3455/3455
f 3449/3449 3448/3448 3447/3447
f 135/135 116/116 133/133
f 1462/1462 1461/1461 1460/1460
f 4049/4049 4050/4050 4048/4048
f 4050/4050 4064/4064 4055/4055
f 4048/4048 4050/4050 4055/4055
f 557/557 558/558 556/556
f 559/559 558/558 557/557
f 561/561 560/560 559/559
f 559/559 560/560 558/558
f 3814/3814 3812/3812 3813/3813
f 163/163 165/165 138/138
f 3815/3815 3814/3814 3813/3813
f 105/105 99/99 104/104
f 637/637 601/601 609/609
f 609/609 587/587 634/634
f 1339/1339 1338/1338 1337/1337
f 1340/1340 1339/1339 1337/1337
f 2351/2351 2324/2324 2321/2321
f 4550/4550 4551/4551 4548/4548
f 4548/4548 4549/4549 4547/4547
f 2275/2275 2239/2239 2241/2241
f 293/293 263/263 265/265
f 3447/3447 3448/3448 3445/3445
f 3447/3447 3445/3445 3446/3446
f 3445/3445 3455/3455 3443/3443
f 3443/3443 3455/3455 3456/3456
f 2240/2240 2282/2282 2226/2226
f 1456/1456 1460/1460 1454/1454
f 1456/1456 1454/1454 1455/1455
f 1454/1454 1458/1458 1442/1442
f 201/201 211/211 210/210
f 201/201 210/210 182/182
f 196/196 182/182 172/172
f 647/647 550/550 544/544
f 611/611 647/647 546/546
f 548/548 556/556 588/588
f 548/548 588/588 547/547
f 557/557 556/556 555/555
f 171/171 172/172 165/165
f 3812/3812 3809/3809 3810/3810
f 171/171 165/165 166/166
f 3813/3813 3812/3812 3810/3810
f 165/165 163/163 166/166
f 3813/3813 3810/3810 3837/3837
f 103/103 101/101 107/107
f 107/107 101/101 102/102
f 105/105 104/104 108/108
f 108/108 104/104 103/103
f 108/108 103/103 107/107
f 1341/1341 1340/1340 1318/1318
f 1318/1318 1340/1340 1337/1337
f 1337/1337 1338/1338 1317/1317
f 650/650 601/601 637/637
f 3326/3326 3327/3327 3319/3319
f 3319/3319 3318/3318 3320/3320
f 127/127 116/116 135/135
f 2257/2257 2269/2269 2259/2259
f 2275/2275 2241/2241 2268/2268
f 3446/3446 3445/3445 3444/3444
f 3445/3445 3443/3443 3444/3444
f 2012/2012 2015/2015 2013/2013
f 3439/3439 3443/3443 3456/3456
f 3443/3443 3439/3439 3442/3442
f 1455/1455 1454/1454 1453/1453
f 1454/1454 1442/1442 1453/1453
f 2012/2012 2013/2013 2014/2014
f 4049/4049 4048/4048 4047/4047
f 2016/2016 2012/2012 2014/2014
f 3442/3442 3439/3439 3438/3438
f 3438/3438 3439/3439 3436/3436
f 3438/3438 3436/3436 3437/3437
f 4054/4054 4048/4048 4055/4055
f 3667/3667 3664/3664 3666/3666
f 607/607 595/595 593/593
f 219/219 211/211 213/213
f 552/552 553/553 554/554
f 196/196 201/201 182/182
f 202/202 201/201 196/196
f 549/549 550/550 551/551
f 549/549 551/551 552/552
f 544/544 550/550 549/549
f 547/547 611/611 546/546
f 1797/1797 1803/1803 1799/1799
f 1799/1799 1803/1803 1800/1800
f 555/555 556/556 548/548
f 1798/1798 1799/1799 1800/1800
f 3808/3808 3821/3821 3811/3811
f 1801/1801 1798/1798 1800/1800
f 3809/3809 3821/3821 3808/3808
f 3810/3810 3809/3809 3807/3807
f 3807/3807 3809/3809 3808/3808
f 3807/3807 3808/3808 3806/3806
f 334/334 338/338 336/336
f 122/122 163/163 138/138
f 168/168 163/163 122/122
f 1318/1318 1337/1337 1317/1317
f 1318/1318 1317/1317 1316/1316
f 1317/1317 1348/1348 1315/1315
f 1316/1316 1317/1317 1315/1315
f 650/650 637/637 652/652
f 4995/4995 5013/5013 5037/5037
f 113/113 105/105 111/111
f 105/105 108/108 111/111
f 5014/5014 5013/5013 4992/4992
f 4992/4992 5013/5013 4995/4995
f 122/122 120/120 134/134
f 5058/5058 5060/5060 5059/5059
f 5057/5057 5058/5058 5059/5059
f 1210/1210 1220/1220 1213/1213
f 1210/1210 1213/1213 1208/1208
f 2259/2259 2269/2269 2272/2272
f 2259/2259 2272/2272 2270/2270
f 2243/2243 2267/2267 2268/2268
f 135/135 133/133 144/144
f 3444/3444 3443/3443 3442/3442
f 3436/3436 3434/3434 3435/3435
f 1453/1453 1442/1442 1452/1452
f 1452/1452 1442/1442 1423/1423
f 1442/1442 1441/1441 1423/1423
f 3437/3437 3436/3436 3435/3435
f 1441/1441 1440/1440 1423/1423
f 1423/1423 1440/1440 1422/1422
f 2221/2221 2229/2229 2230/2230
f 1420/1420 1422/1422 1427/1427
f 2840/2840 2842/2842 2851/2851
f 591/591 607/607 593/593
f 213/213 211/211 201/201
f 590/590 589/589 591/591
f 554/554 589/589 590/590
f 1794/1794 1793/1793 1797/1797
f 545/545 544/544 549/549
f 3092/3092 3093/3093 3070/3070
f 3069/3069 3092/3092 3070/3070
f 543/543 546/546 544/544
f 543/543 544/544 545/545
f 543/543 547/547 546/546
f 1798/1798 1794/1794 1797/1797
f 1798/1798 1797/1797 1799/1799
f 543/543 548/548 547/547
f 3808/3808 3811/3811 3802/3802
f 3808/3808 3802/3802 3806/3806
f 3806/3806 3802/3802 3805/3805
f 1805/1805 1800/1800 1806/1806
f 167/167 163/163 168/168
f 1318/1318 1316/1316 1343/1343
f 107/107 102/102 109/109
f 112/112 108/108 107/107
f 112/112 107/107 110/110
f 4995/4995 5037/5037 4989/4989
f 111/111 108/108 114/114
f 114/114 108/108 112/112
f 4992/4992 4995/4995 4987/4987
f 4987/4987 4995/4995 4989/4989
f 4799/4799 4810/4810 4809/4809
f 652/652 637/637 653/653
f 12/12 6/6 21/21
f 4805/4805 4810/4810 4799/4799
f 4993/4993 4992/4992 4991/4991
f 5016/5016 4993/4993 5008/5008
f 5016/5016 5008/5008 5017/5017
f 5008/5008 5038/5038 5021/5021
f 5008/5008 5021/5021 5020/5020
f 5022/5022 5020/5020 5021/5021
f 2281/2281 2275/2275 2276/2276
f 5017/5017 5008/5008 5020/5020
f 2271/2271 2280/2280 2277/2277
f 2271/2271 2277/2277 2269/2269
f 2277/2277 2278/2278 2272/2272
f 2276/2276 2275/2275 2268/2268
f 5019/5019 5016/5016 5018/5018
f 5018/5018 5016/5016 5017/5017
f 5018/5018 5017/5017 5036/5036
f 5017/5017 5020/5020 5036/5036
f 120/120 116/116 127/127
f 2269/2269 2277/2277 2272/2272
f 2272/2272 2278/2278 2273/2273
f 2272/2272 2273/2273 2270/2270
f 2270/2270 2273/2273 2267/2267
f 2273/2273 2274/2274 2267/2267
f 2267/2267 2274/2274 2268/2268
f 3435/3435 3434/3434 3432/3432
f 3434/3434 3433/3433 3432/3432
f 1423/1423 1422/1422 1421/1421
f 1421/1421 1422/1422 1420/1420
f 3435/3435 3432/3432 3440/3440
f 1420/1420 1427/1427 1416/1416
f 4048/4048 4054/4054 4052/4052
f 1416/1416 1427/1427 1414/1414
f 1414/1414 1439/1439 1412/1412
f 4054/4054 4055/4055 4056/4056
f 1412/1412 1439/1439 1444/1444
f 391/391 311/311 298/298
f 4055/4055 4060/4060 4056/4056
f 596/596 597/597 598/598
f 598/598 602/602 599/599
f 599/599 602/602 603/603
f 603/603 602/602 606/606
f 594/594 595/595 596/596
f 596/596 595/595 597/597
f 606/606 612/612 608/608
f 594/594 593/593 595/595
f 608/608 612/612 642/642
f 592/592 591/591 593/593
f 592/592 593/593 594/594
f 590/590 591/591 592/592
f 2983/2983 2991/2991 2984/2984
f 1802/1802 1793/1793 1791/1791
f 2992/2992 2991/2991 2983/2983
f 2983/2983 2982/2982 2999/2999
f 2999/2999 2982/2982 3003/3003
f 2992/2992 2983/2983 2993/2993
f 1790/1790 1791/1791 1792/1792
f 2998/2998 2993/2993 2983/2983
f 2998/2998 2983/2983 2999/2999
f 1792/1792 1791/1791 1793/1793
f 1792/1792 1793/1793 1794/1794
f 2995/2995 2992/2992 2994/2994
f 2992/2992 2993/2993 2994/2994
f 2994/2994 2993/2993 2997/2997
f 2997/2997 2993/2993 2998/2998
f 2996/2996 2995/2995 2994/2994
f 2996/2996 2994/2994 2997/2997
f 3001/3001 2996/2996 2997/2997
f 3811/3811 3817/3817 3798/3798
f 3817/3817 3799/3799 3798/3798
f 3801/3801 3798/3798 3800/3800
f 3811/3811 3798/3798 3802/3802
f 3802/3802 3798/3798 3801/3801
f 170/170 166/166 169/169
f 166/166 163/163 167/167
f 169/169 166/166 167/167
f 143/143 168/168 122/122
f 1316/1316 1315/1315 1314/1314
f 1315/1315 1348/1348 1313/1313
f 1314/1314 1315/1315 1313/1313
f 2357/2357 2319/2319 2304/2304
f 1343/1343 1316/1316 1342/1342
f 107/107 109/109 110/110
f 5037/5037 4996/4996 4989/4989
f 4989/4989 4996/4996 4994/4994
f 4985/4985 4989/4989 4994/4994
f 4798/4798 4799/4799 4809/4809
f 4809/4809 4807/4807 4798/4798
f 4806/4806 4812/4812 4811/4811
f 4796/4796 4798/4798 4807/4807
f 4806/4806 4811/4811 4803/4803
f 4991/4991 4987/4987 4990/4990
f 4799/4799 4798/4798 4795/4795
f 4795/4795 4798/4798 4796/4796
f 5008/5008 4991/4991 4990/4990
f 4805/4805 4799/4799 4800/4800
f 4800/4800 4799/4799 4795/4795
f 4795/4795 4796/4796 4797/4797
f 4811/4811 4813/4813 4804/4804
f 4803/4803 4811/4811 4804/4804
f 2/2 12/12 20/20
f 5022/5022 5021/5021 5023/5023
f 1210/1210 1208/1208 1209/1209
f 1209/1209 1208/1208 1205/1205
f 1208/1208 1207/1207 1205/1205
f 1205/1205 1207/1207 1206/1206
f 1203/1203 1206/1206 1215/1215
f 2273/2273 2279/2279 2274/2274
f 5020/5020 5022/5022 5036/5036
f 2268/2268 2274/2274 2276/2276
f 127/127 135/135 148/148
f 148/148 135/135 144/144
f 4047/4047 4048/4048 4045/4045
f 3432/3432 3433/3433 3422/3422
f 3422/3422 3433/3433 3454/3454
f 3422/3422 3454/3454 3420/3420
f 4045/4045 4048/4048 4052/4052
f 3440/3440 3432/3432 3431/3431
f 3431/3431 3432/3432 3422/3422
f 1421/1421 1420/1420 1419/1419
f 1420/1420 1416/1416 1419/1419
f 3775/3775 3778/3778 3777/3777
f 3775/3775 3777/3777 3776/3776
f 3701/3701 3714/3714 3696/3696
f 391/391 298/298 407/407
f 1410/1410 1444/1444 1443/1443
f 2713/2713 2712/2712 2718/2718
f 596/596 598/598 599/599
f 603/603 606/606 608/608
f 1780/1780 1804/1804 1802/1802
f 2984/2984 2986/2986 2985/2985
f 2982/2982 2983/2983 2984/2984
f 2982/2982 2984/2984 2985/2985
f 2982/2982 2985/2985 3002/3002
f 3002/3002 2985/2985 3000/3000
f 1780/1780 1802/1802 1791/1791
f 1780/1780 1791/1791 1790/1790
f 545/545 549/549 568/568
f 545/545 568/568 569/569
f 3817/3817 3818/3818 3799/3799
f 4786/4786 4788/4788 4787/4787
f 4785/4785 4786/4786 4787/4787
f 3800/3800 3799/3799 3803/3803
f 169/169 167/167 178/178
f 178/178 167/167 183/183
f 2307/2307 2308/2308 2359/2359
f 167/167 168/168 183/183
f 1313/1313 1310/1310 1312/1312
f 183/183 168/168 143/143
f 1342/1342 1316/1316 1314/1314
f 4997/4997 4999/4999 4998/4998
f 4994/4994 4996/4996 4997/4997
f 4994/4994 4997/4997 4998/4998
f 4994/4994 4998/4998 5001/5001
f 1731/1731 1703/1703 1729/1729
f 1729/1729 1703/1703 1702/1702
f 4994/4994 5001/5001 5002/5002
f 1703/1703 1701/1701 1702/1702
f 5001/5001 5003/5003 5002/5002
f 4802/4802 4808/4808 4806/4806
f 4807/4807 4808/4808 4796/4796
f 4796/4796 4808/4808 4802/4802
f 4802/4802 4806/4806 4803/4803
f 4990/4990 4987/4987 4986/4986
f 4987/4987 4985/4985 4986/4986
f 2336/2336 2310/2310 2330/2330
f 4796/4796 4802/4802 4801/4801
f 4802/4802 4803/4803 4801/4801
f 4797/4797 4796/4796 4801/4801
f 4804/4804 4801/4801 4803/4803
f 1206/1206 1203/1203 1205/1205
f 137/137 120/120 127/127
f 5036/5036 5022/5022 5025/5025
f 3422/3422 3420/3420 3419/3419
f 3419/3419 3420/3420 3421/3421
f 1419/1419 1416/1416 1415/1415
f 1415/1415 1416/1416 1414/1414
f 1415/1415 1414/1414 1413/1413
f 1414/1414 1412/1412 1413/1413
f 3771/3771 3775/3775 3774/3774
f 3774/3774 3775/3775 3776/3776
f 3697/3697 3712/3712 3700/3700
f 1413/1413 1412/1412 1409/1409
f 1412/1412 1410/1410 1409/1409
f 1409/1409 1410/1410 1411/1411
f 1411/1411 1410/1410 1443/1443
f 1411/1411 1443/1443 1424/1424
f 596/596 599/599 603/603
f 2988/2988 2990/2990 2989/2989
f 2987/2987 2988/2988 2989/2989
f 1782/1782 1804/1804 1780/1780
f 2986/2986 2988/2988 2987/2987
f 1796/1796 1789/1789 1795/1795
f 2986/2986 2987/2987 2985/2985
f 2985/2985 2987/2987 3000/3000
f 1781/1781 1780/1780 1790/1790
f 545/545 569/569 613/613
f 569/569 614/614 613/613
f 3799/3799 3818/3818 3803/3803
f 176/176 170/170 169/169
f 1308/1308 1344/1344 1306/1306
f 1312/1312 1310/1310 1311/1311
f 1311/1311 1310/1310 1309/1309
f 1310/1310 1308/1308 1309/1309
f 1312/1312 1314/1314 1313/1313
f 4998/4998 4999/4999 5000/5000
f 1516/1516 1515/1515 1542/1542
f 2356/2356 2305/2305 2323/2323
f 143/143 122/122 134/134
f 5002/5002 5003/5003 5006/5006
f 1701/1701 1700/1700 1699/1699
f 5006/5006 5003/5003 5007/5007
f 2323/2323 2322/2322 2332/2332
f 4985/4985 4983/4983 4984/4984
f 4986/4986 4985/4985 4984/4984
f 4986/4986 4984/4984 4988/4988
f 4988/4988 4984/4984 4982/4982
f 1203/1203 1215/1215 1201/1201
f 5022/5022 5023/5023 5024/5024
f 5023/5023 5035/5035 5024/5024
f 5025/5025 5022/5022 5024/5024
f 4560/4560 4562/4562 4563/4563
f 5026/5026 5025/5025 5024/5024
f 4042/4042 4043/4043 4035/4035
f 4043/4043 4047/4047 4045/4045
f 3419/3419 3421/3421 3423/3423
f 3423/3423 3421/3421 3424/3424
f 3428/3428 3419/3419 3423/3423
f 3423/3423 3424/3424 3425/3425
f 418/418 391/391 407/407
f 4057/4057 4054/4054 4056/4056
f 4057/4057 4056/4056 4058/4058
f 1411/1411 1424/1424 1418/1418
f 1424/1424 1425/1425 1418/1418
f 4058/4058 4056/4056 4059/4059
f 1428/1428 1475/1475 1429/1429
f 2720/2720 2727/2727 2728/2728
f 1788/1788 1786/1786 1787/1787
f 1786/1786 1784/1784 1785/1785
f 1787/1787 1786/1786 1785/1785
f 1785/1785 1784/1784 1783/1783
f 1784/1784 1782/1782 1783/1783
f 1789/1789 1786/1786 1788/1788
f 1779/1779 1783/1783 1782/1782
f 1779/1779 1782/1782 1780/1780
f 1779/1779 1780/1780 1781/1781
f 613/613 614/614 615/615
f 616/616 545/545 613/613
f 3130/3130 3127/3127 3128/3128
f 1309/1309 1308/1308 1307/1307
f 1308/1308 1306/1306 1307/1307
f 363/363 364/364 337/337
f 5000/5000 5004/5004 5005/5005
f 1531/1531 1543/1543 1544/1544
f 1543/1543 1531/1531 1542/1542
f 1531/1531 1516/1516 1542/1542
f 1545/1545 1544/1544 1543/1543
f 5062/5062 5064/5064 5063/5063
f 5063/5063 5064/5064 5065/5065
f 1702/1702 1701/1701 1699/1699
f 1699/1699 1700/1700 1698/1698
f 5061/5061 5062/5062 5063/5063
f 5063/5063 5065/5065 5066/5066
f 1729/1729 1702/1702 1733/1733
f 4984/4984 4983/4983 4982/4982
f 4983/4983 4980/4980 4982/4982
f 2334/2334 2322/2322 2336/2336
f 136/136 134/134 120/120
f 1204/1204 1205/1205 1203/1203
f 1203/1203 1201/1201 1199/1199
f 1199/1199 1201/1201 1196/1196
f 4041/4041 4042/4042 4040/4040
f 1194/1194 1192/1192 1193/1193
f 4040/4040 4042/4042 4035/4035
f 4043/4043 4045/4045 4044/4044
f 4045/4045 4053/4053 4067/4067
f 3426/3426 3423/3423 3425/3425
f 3426/3426 3425/3425 3427/3427
f 3748/3748 3771/3771 3774/3774
f 3426/3426 3427/3427 3429/3429
f 3773/3773 3772/3772 3770/3770
f 3770/3770 3772/3772 3768/3768
f 1409/1409 1411/1411 1417/1417
f 1417/1417 1411/1411 1418/1418
f 3429/3429 3427/3427 3430/3430
f 1418/1418 1425/1425 1426/1426
f 424/424 423/423 417/417
f 1426/1426 1425/1425 1428/1428
f 1426/1426 1428/1428 1429/1429
f 459/459 423/423 424/424
f 2729/2729 2719/2719 2720/2720
f 1435/1435 1434/1434 1436/1436
f 616/616 613/613 617/617
f 3222/3222 3224/3224 3225/3225
f 3131/3131 3130/3130 3128/3128
f 190/190 170/170 176/176
f 176/176 169/169 180/180
f 180/180 169/169 178/178
f 1307/1307 1306/1306 1305/1305
f 1306/1306 1344/1344 1295/1295
f 1295/1295 1344/1344 1345/1345
f 4934/4934 4935/4935 4936/4936
f 4381/4381 4384/4384 4382/4382
f 5009/5009 5012/5012 5011/5011
f 2338/2338 2329/2329 2337/2337
f 184/184 183/183 143/143
f 5009/5009 5011/5011 5010/5010
f 5005/5005 5009/5009 5010/5010
f 1531/1531 1540/1540 1514/1514
f 1514/1514 1540/1540 1512/1512
f 1733/1733 1702/1702 1699/1699
f 1699/1699 1698/1698 1697/1697
f 1698/1698 1726/1726 1696/1696
f 1696/1696 1726/1726 1728/1728
f 143/143 134/134 136/136
f 4982/4982 4980/4980 4981/4981
f 136/136 120/120 137/137
f 1203/1203 1199/1199 1204/1204
f 5035/5035 5034/5034 5027/5027
f 5024/5024 5035/5035 5027/5027
f 5024/5024 5027/5027 5026/5026
f 1196/1196 1194/1194 1195/1195
f 1195/1195 1194/1194 1193/1193
f 1193/1193 1192/1192 1191/1191
f 3313/3313 3309/3309 3308/3308
f 1191/1191 1192/1192 1190/1190
f 3313/3313 3308/3308 3321/3321
f 3322/3322 3321/3321 3323/3323
f 4035/4035 4043/4043 4044/4044
f 3745/3745 3771/3771 3748/3748
f 3770/3770 3768/3768 3769/3769
f 3769/3769 3768/3768 3767/3767
f 3769/3769 3767/3767 3779/3779
f 3768/3768 3766/3766 3767/3767
f 3745/3745 3743/3743 3742/3742
f 3779/3779 3767/3767 3765/3765
f 3779/3779 3765/3765 3784/3784
f 1426/1426 1429/1429 1430/1430
f 1430/1430 1429/1429 1432/1432
f 1430/1430 1432/1432 1433/1433
f 460/460 459/459 424/424
f 1433/1433 1432/1432 1434/1434
f 1433/1433 1434/1434 1435/1435
f 4863/4863 4864/4864 4865/4865
f 1435/1435 1436/1436 1437/1437
f 1437/1437 1436/1436 1438/1438
f 1437/1437 1438/1438 1445/1445
f 1438/1438 1446/1446 1445/1445
f 4085/4085 4086/4086 4087/4087
f 618/618 613/613 619/619
f 613/613 615/615 619/619
f 3581/3581 3583/3583 3587/3587
f 618/618 617/617 613/613
f 3225/3225 3224/3224 3226/3226
f 3225/3225 3226/3226 3244/3244
f 195/195 190/190 176/176
f 3211/3211 3212/3212 3213/3213
f 1305/1305 1306/1306 1295/1295
f 1351/1351 1307/1307 1305/1305
f 1540/1540 1541/1541 1512/1512
f 1512/1512 1538/1538 1511/1511
f 184/184 143/143 185/185
f 1734/1734 1699/1699 1697/1697
f 1697/1697 1698/1698 1696/1696
f 1733/1733 1699/1699 1734/1734
f 143/143 136/136 185/185
f 4980/4980 4978/4978 4979/4979
f 4039/4039 4041/4041 4040/4040
f 5027/5027 5034/5034 5029/5029
f 1204/1204 1199/1199 1212/1212
f 5029/5029 5034/5034 5030/5030
f 1212/1212 1199/1199 1198/1198
f 1198/1198 1199/1199 1196/1196
f 1198/1198 1196/1196 1197/1197
f 5026/5026 5027/5027 5028/5028
f 4792/4792 4793/4793 4794/4794
f 1211/1211 1193/1193 1191/1191
f 3646/3646 3645/3645 3644/3644
f 4612/4612 4613/4613 4614/4614
f 3644/3644 3645/3645 3643/3643
f 1195/1195 1193/1193 1218/1218
f 1191/1191 1190/1190 1186/1186
f 1186/1186 1190/1190 1189/1189
f 3644/3644 3643/3643 3641/3641
f 4035/4035 4044/4044 4037/4037
f 4044/4044 4045/4045 4046/4046
f 4772/4772 4770/4770 4773/4773
f 4046/4046 4045/4045 4069/4069
f 4045/4045 4067/4067 4068/4068
f 3742/3742 3754/3754 3745/3745
f 3765/3765 3767/3767 3766/3766
f 3765/3765 3766/3766 3764/3764
f 1418/1418 1426/1426 1457/1457
f 1426/1426 1431/1431 1457/1457
f 1426/1426 1430/1430 1431/1431
f 3762/3762 3765/3765 3764/3764
f 3742/3742 3741/3741 3744/3744
f 1451/1451 1430/1430 1433/1433
f 3780/3780 3757/3757 3750/3750
f 1449/1449 1450/1450 1476/1476
f 1448/1448 1445/1445 1449/1449
f 1449/1449 1445/1445 1450/1450
f 1437/1437 1445/1445 1448/1448
f 4085/4085 4087/4087 4088/4088
f 619/619 615/615 620/620
f 620/620 615/615 641/641
f 3226/3226 3242/3242 3243/3243
f 3248/3248 3251/3251 3249/3249
f 3244/3244 3226/3226 3243/3243
f 3244/3244 3243/3243 3250/3250
f 195/195 176/176 180/180
f 1294/1294 1295/1295 1292/1292
f 1538/1538 1541/1541 1555/1555
f 4380/4380 4381/4381 4382/4382
f 1511/1511 1535/1535 1508/1508
f 1697/1697 1696/1696 1695/1695
f 1695/1695 1696/1696 1694/1694
f 4978/4978 4955/4955 4962/4962
f 4979/4979 4978/4978 4977/4977
f 4978/4978 4962/4962 4977/4977
f 4231/4231 4229/4229 4225/4225
f 5028/5028 5027/5027 5029/5029
f 5028/5028 5029/5029 5030/5030
f 4170/4170 4167/4167 4169/4169
f 3642/3642 3649/3649 3639/3639
f 3639/3639 3649/3649 3638/3638
f 1214/1214 1191/1191 1186/1186
f 3641/3641 3642/3642 3639/3639
f 1186/1186 1189/1189 1179/1179
f 3641/3641 3639/3639 3640/3640
f 1179/1179 1189/1189 1219/1219
f 4069/4069 4045/4045 4068/4068
f 3746/3746 3757/3757 3754/3754
f 3746/3746 3754/3754 3742/3742
f 3764/3764 3763/3763 3761/3761
f 3746/3746 3742/3742 3744/3744
f 3762/3762 3764/3764 3761/3761
f 1431/1431 1430/1430 1451/1451
f 3761/3761 3763/3763 3759/3759
f 3750/3750 3757/3757 3746/3746
f 3762/3762 3761/3761 3760/3760
f 3785/3785 3760/3760 3783/3783
f 1451/1451 1433/1433 1447/1447
f 3783/3783 3760/3760 3758/3758
f 1447/1447 1433/1433 1435/1435
f 3783/3783 3758/3758 3782/3782
f 1435/1435 1437/1437 1447/1447
f 1437/1437 1448/1448 1447/1447
f 3781/3781 3782/3782 3755/3755
f 3755/3755 3753/3753 3781/3781
f 620/620 641/641 645/645
f 4623/4623 4624/4624 4625/4625
f 203/203 190/190 195/195
f 3243/3243 3242/3242 3241/3241
f 209/209 195/195 180/180
f 3211/3211 3208/3208 3212/3212
f 1303/1303 1295/1295 1294/1294
f 1305/1305 1295/1295 1303/1303
f 4928/4928 4929/4929 4930/4930
f 186/186 184/184 185/185
f 1695/1695 1694/1694 1693/1693
f 4962/4962 4955/4955 4952/4952
f 4977/4977 4962/4962 4959/4959
f 4959/4959 4962/4962 4952/4952
f 185/185 136/136 187/187
f 4227/4227 4231/4231 4225/4225
f 4225/4225 4229/4229 4228/4228
f 5030/5030 5032/5032 5031/5031
f 5031/5031 5032/5032 5033/5033
f 1198/1198 1197/1197 1200/1200
f 1200/1200 1197/1197 1202/1202
f 4167/4167 4170/4170 4174/4174
f 5028/5028 5030/5030 5031/5031
f 4039/4039 4040/4040 4035/4035
f 4609/4609 4611/4611 4610/4610
f 1188/1188 1186/1186 1187/1187
f 1187/1187 1186/1186 1185/1185
f 1186/1186 1179/1179 1185/1185
f 3639/3639 3638/3638 3637/3637
f 3760/3760 3761/3761 3759/3759
f 3760/3760 3759/3759 3758/3758
f 3758/3758 3759/3759 3756/3756
f 3787/3787 3780/3780 3751/3751
f 3751/3751 3780/3780 3750/3750
f 3751/3751 3750/3750 3749/3749
f 3749/3749 3750/3750 3746/3746
f 3752/3752 3787/3787 3751/3751
f 3758/3758 3756/3756 3755/3755
f 3755/3755 3756/3756 3752/3752
f 3752/3752 3751/3751 3749/3749
f 3755/3755 3752/3752 3753/3753
f 3753/3753 3752/3752 3749/3749
f 621/621 619/619 620/620
f 618/618 619/619 632/632
f 3242/3242 3238/3238 3240/3240
f 3241/3241 3242/3242 3240/3240
f 203/203 195/195 204/204
f 204/204 195/195 209/209
f 1303/1303 1294/1294 1291/1291
f 1294/1294 1292/1292 1291/1291
f 1291/1291 1292/1292 1293/1293
f 4903/4903 4902/4902 4898/4898
f 4383/4383 4380/4380 4382/4382
f 1535/1535 1555/1555 1537/1537
f 1535/1535 1537/1537 1508/1508
f 1693/1693 1694/1694 1687/1687
f 1694/1694 1705/1705 1687/1687
f 1687/1687 1705/1705 1704/1704
f 4620/4620 4621/4621 4622/4622
f 2120/2120 2117/2117 2119/2119
f 4174/4174 4170/4170 4172/4172
f 3738/3738 3737/3737 3736/3736
f 4172/4172 4171/4171 4173/4173
f 3637/3637 3638/3638 3635/3635
f 3635/3635 3638/3638 3654/3654
f 3654/3654 3648/3648 3635/3635
f 3635/3635 3648/3648 3633/3633
f 1185/1185 1179/1179 1184/1184
f 3637/3637 3635/3635 3636/3636
f 3636/3636 3635/3635 3634/3634
f 1179/1179 1177/1177 1178/1178
f 1178/1178 1177/1177 1174/1174
f 1174/1174 1177/1177 1176/1176
f 620/620 633/633 623/623
f 4626/4626 4623/4623 4627/4627
f 632/632 619/619 621/621
f 1291/1291 1293/1293 1296/1296
f 1334/1334 1303/1303 1291/1291
f 3048/3048 3051/3051 3053/3053
f 194/194 184/184 188/188
f 186/186 185/185 200/200
f 4201/4201 4204/4204 4202/4202
f 4952/4952 4953/4953 4954/4954
f 3737/3737 3739/3739 3735/3735
f 3736/3736 3737/3737 3735/3735
f 4174/4174 4172/4172 4177/4177
f 4172/4172 4173/4173 4177/4177
f 4039/4039 4035/4035 4033/4033
f 1978/1978 1977/1977 1976/1976
f 3736/3736 3735/3735 3734/3734
f 1184/1184 1179/1179 1178/1178
f 3634/3634 3633/3633 3631/3631
f 3633/3633 3632/3632 3631/3631
f 1174/1174 1176/1176 1173/1173
f 3634/3634 3631/3631 3655/3655
f 1173/1173 1176/1176 1171/1171
f 898/898 890/890 917/917
f 2670/2670 2681/2681 2677/2677
f 4070/4070 4068/4068 4071/4071
f 622/622 623/623 624/624
f 624/624 623/623 643/643
f 620/620 623/623 622/622
f 621/621 620/620 622/622
f 3237/3237 3238/3238 3236/3236
f 3240/3240 3238/3238 3237/3237
f 4628/4628 4627/4627 4623/4623
f 1296/1296 1297/1297 1298/1298
f 1320/1320 1291/1291 1296/1296
f 1293/1293 1297/1297 1296/1296
f 1334/1334 1291/1291 1320/1320
f 4898/4898 4899/4899 4900/4900
f 1517/1517 1537/1537 1528/1528
f 188/188 184/184 186/186
f 198/198 186/186 200/200
f 1688/1688 1693/1693 1687/1687
f 1704/1704 1707/1707 1685/1685
f 1687/1687 1704/1704 1685/1685
f 4953/4953 4958/4958 4956/4956
f 4956/4956 4958/4958 4960/4960
f 2052/2052 2054/2054 2056/2056
f 4038/4038 4039/4039 4033/4033
f 4175/4175 4177/4177 4173/4173
f 4175/4175 4173/4173 4176/4176
f 4175/4175 4176/4176 4178/4178
f 4176/4176 4179/4179 4178/4178
f 3739/3739 3733/3733 3735/3735
f 3735/3735 3733/3733 3734/3734
f 4033/4033 4035/4035 4034/4034
f 3296/3296 3297/3297 3291/3291
f 4035/4035 4037/4037 4034/4034
f 3631/3631 3632/3632 3628/3628
f 1178/1178 1174/1174 1216/1216
f 3630/3630 3631/3631 3628/3628
f 2670/2670 2677/2677 2676/2676
f 2667/2667 2670/2670 2676/2676
f 4069/4069 4068/4068 4070/4070
f 4073/4073 4069/4069 4070/4070
f 3608/3608 3609/3609 3610/3610
f 3237/3237 3236/3236 3227/3227
f 3237/3237 3227/3227 3252/3252
f 1319/1319 1320/1320 1296/1296
f 1553/1553 1551/1551 1503/1503
f 4900/4900 4899/4899 4901/4901
f 2920/2920 2919/2919 2921/2921
f 1688/1688 1687/1687 1686/1686
f 1687/1687 1685/1685 1686/1686
f 1707/1707 1708/1708 1685/1685
f 4200/4200 4201/4201 4202/4202
f 4956/4956 4960/4960 4961/4961
f 4957/4957 4956/4956 4961/4961
f 4038/4038 4033/4033 4032/4032
f 3734/3734 3733/3733 3732/3732
f 3733/3733 3731/3731 3732/3732
f 3291/3291 3292/3292 3293/3293
f 4036/4036 4034/4034 4037/4037
f 1216/1216 1174/1174 1172/1172
f 1174/1174 1173/1173 1172/1172
f 1172/1172 1173/1173 1171/1171
f 3630/3630 3628/3628 3629/3629
f 2636/2636 2637/2637 2635/2635
f 2666/2666 2667/2667 2675/2675
f 2675/2675 2667/2667 2676/2676
f 4070/4070 4071/4071 4072/4072
f 624/624 644/644 628/628
f 635/635 638/638 636/636
f 622/622 624/624 625/625
f 3603/3603 3598/3598 3597/3597
f 638/638 639/639 636/636
f 636/636 639/639 646/646
f 3227/3227 3236/3236 3228/3228
f 3227/3227 3228/3228 3229/3229
f 3203/3203 3207/3207 3204/3204
f 1296/1296 1298/1298 1299/1299
f 1298/1298 1300/1300 1299/1299
f 2348/2348 2347/2347 2345/2345
f 4828/4828 4826/4826 4827/4827
f 1551/1551 1536/1536 1503/1503
f 188/188 186/186 189/189
f 189/189 186/186 198/198
f 1685/1685 1708/1708 1709/1709
f 372/372 304/304 404/404
f 4960/4960 4963/4963 4961/4961
f 4226/4226 4227/4227 4225/4225
f 4224/4224 4225/4225 4228/4228
f 4077/4077 4078/4078 4038/4038
f 4077/4077 4038/4038 4032/4032
f 4178/4178 4179/4179 4180/4180
f 3731/3731 3740/3740 3729/3729
f 1970/1970 1961/1961 1973/1973
f 3730/3730 3732/3732 3731/3731
f 1165/1165 1172/1172 1171/1171
f 1172/1172 1165/1165 1217/1217
f 1165/1165 1171/1171 1166/1166
f 3628/3628 3626/3626 3625/3625
f 3629/3629 3628/3628 3625/3625
f 3480/3480 3491/3491 3483/3483
f 3838/3838 3839/3839 3840/3840
f 2663/2663 2665/2665 2664/2664
f 627/627 624/624 628/628
f 631/631 630/630 635/635
f 625/625 624/624 626/626
f 3228/3228 3231/3231 3230/3230
f 3228/3228 3230/3230 3229/3229
f 3203/3203 3220/3220 3207/3207
f 1304/1304 1296/1296 1299/1299
f 1299/1299 1300/1300 1301/1301
f 4286/4286 4288/4288 4287/4287
f 193/193 194/194 188/188
f 189/189 198/198 199/199
f 2914/2914 2919/2919 2915/2915
f 1684/1684 1686/1686 1685/1685
f 1684/1684 1685/1685 1683/1683
f 1685/1685 1709/1709 1683/1683
f 1709/1709 1710/1710 1683/1683
f 4963/4963 4964/4964 4961/4961
f 4223/4223 4226/4226 4225/4225
f 5015/5015 4961/4961 4964/4964
f 4223/4223 4225/4225 4224/4224
f 2109/2109 2143/2143 2144/2144
f 4077/4077 4032/4032 4031/4031
f 4032/4032 4033/4033 4030/4030
f 3730/3730 3731/3731 3729/3729
f 3625/3625 3626/3626 3623/3623
f 1165/1165 1166/1166 1164/1164
f 2633/2633 2634/2634 2619/2619
f 2674/2674 2666/2666 2675/2675
f 2664/2664 2666/2666 2674/2674
f 629/629 628/628 630/630
f 629/629 630/630 631/631
f 627/627 628/628 629/629
f 626/626 624/624 627/627
f 631/631 635/635 636/636
f 3231/3231 3233/3233 3232/3232
f 3230/3230 3231/3231 3232/3232
f 649/649 636/636 646/646
f 3230/3230 3232/3232 3256/3256
f 3205/3205 3220/3220 3203/3203
f 3205/3205 3203/3203 3202/3202
f 1299/1299 1301/1301 1302/1302
f 4826/4826 4822/4822 4825/4825
f 4826/4826 4825/4825 4827/4827
f 1510/1510 1536/1536 1482/1482
f 1684/1684 1683/1683 1682/1682
f 403/403 376/376 301/301
f 4593/4593 4594/4594 4595/4595
f 4178/4178 4180/4180 4181/4181
f 4181/4181 4180/4180 4182/4182
f 4180/4180 4183/4183 4182/4182
f 3729/3729 3740/3740 3727/3727
f 4031/4031 4032/4032 4030/4030
f 4033/4033 4034/4034 4029/4029
f 1217/1217 1165/1165 1160/1160
f 1165/1165 1164/1164 1160/1160
f 1160/1160 1164/1164 1159/1159
f 1159/1159 1164/1164 1158/1158
f 3624/3624 3625/3625 3623/3623
f 3480/3480 3483/3483 3481/3481
f 640/640 626/626 627/627
f 3232/3232 3233/3233 3234/3234
f 3233/3233 3235/3235 3234/3234
f 1321/1321 1304/1304 1299/1299
f 4283/4283 4284/4284 4280/4280
f 193/193 188/188 189/189
f 1682/1682 1683/1683 1671/1671
f 1683/1683 1710/1710 1671/1671
f 1671/1671 1710/1710 1724/1724
f 4964/4964 4965/4965 4966/4966
f 5015/5015 4964/4964 4966/4966
f 3729/3729 3727/3727 3728/3728
f 4036/4036 4029/4029 4034/4034
f 2731/2731 2736/2736 2733/2733
f 3623/3623 3622/3622 3616/3616
f 3624/3624 3623/3623 3616/3616
f 3239/3239 3245/3245 3217/3217
f 3245/3245 3246/3246 3217/3217
f 3235/3235 3239/3239 3219/3219
f 3239/3239 3217/3217 3219/3219
f 3217/3217 3246/3246 3209/3209
f 3209/3209 3246/3246 3247/3247
f 3234/3234 3235/3235 3219/3219
f 3218/3218 3219/3219 3217/3217
f 3218/3218 3217/3217 3216/3216
f 3217/3217 3209/3209 3216/3216
f 3216/3216 3209/3209 3215/3215
f 3209/3209 3247/3247 3205/3205
f 3215/3215 3209/3209 3206/3206
f 3206/3206 3209/3209 3205/3205
f 1299/1299 1302/1302 1321/1321
f 1302/1302 1323/1323 1322/1322
f 1321/1321 1302/1302 1322/1322
f 4825/4825 4822/4822 4824/4824
f 4205/4205 4203/4203 4200/4200
f 4965/4965 4968/4968 4967/4967
f 4966/4966 4965/4965 4967/4967
f 2111/2111 2104/2104 2084/2084
f 2394/2394 2393/2393 2384/2384
f 4182/4182 4183/4183 4184/4184
f 3728/3728 3727/3727 3726/3726
f 4031/4031 4030/4030 4028/4028
f 1160/1160 1159/1159 1157/1157
f 3616/3616 3622/3622 3617/3617
f 1157/1157 1159/1159 1158/1158
f 1157/1157 1158/1158 1153/1153
f 1153/1153 1158/1158 1167/1167
f 3616/3616 3617/3617 3618/3618
f 1167/1167 1175/1175 1154/1154
f 1153/1153 1167/1167 1154/1154
f 2672/2672 2664/2664 2674/2674
f 3479/3479 3480/3480 3481/3481
f 1323/1323 1324/1324 1322/1322
f 4821/4821 4818/4818 4820/4820
f 4822/4822 4821/4821 4820/4820
f 4824/4824 4822/4822 4820/4820
f 193/193 189/189 197/197
f 1671/1671 1669/1669 1668/1668
f 1682/1682 1671/1671 1681/1681
f 1681/1681 1671/1671 1668/1668
f 1718/1718 1719/1719 1735/1735
f 4223/4223 4224/4224 4222/4222
f 4222/4222 4224/4224 4230/4230
f 2384/2384 2393/2393 2383/2383
f 4182/4182 4184/4184 4185/4185
f 401/401 390/390 403/403
f 3727/3727 3724/3724 3725/3725
f 4185/4185 4184/4184 4186/4186
f 4602/4602 4603/4603 4601/4601
f 3726/3726 3727/3727 3725/3725
f 1956/1956 1957/1957 1954/1954
f 3726/3726 3725/3725 3722/3722
f 1156/1156 1154/1154 1175/1175
f 3618/3618 3617/3617 3619/3619
f 1156/1156 1180/1180 1168/1168
f 2660/2660 2662/2662 2672/2672
f 1168/1168 1180/1180 1182/1182
f 1322/1322 1324/1324 1325/1325
f 4821/4821 4814/4814 4818/4818
f 4820/4820 4818/4818 4816/4816
f 1480/1480 1483/1483 1481/1481
f 197/197 189/189 199/199
f 1668/1668 1669/1669 1670/1670
f 1669/1669 1672/1672 1670/1670
f 1717/1717 1725/1725 1719/1719
f 1717/1717 1719/1719 1718/1718
f 4967/4967 4968/4968 4969/4969
f 4967/4967 4969/4969 4970/4970
f 4221/4221 4223/4223 4222/4222
f 3725/3725 3724/3724 3722/3722
f 1157/1157 1153/1153 1155/1155
f 1153/1153 1154/1154 1155/1155
f 1155/1155 1154/1154 1156/1156
f 3617/3617 3620/3620 3619/3619
f 3494/3494 3479/3479 3482/3482
f 3482/3482 3479/3479 3481/3481
f 3482/3482 3481/3481 3484/3484
f 2656/2656 2657/2657 2658/2658
f 1326/1326 1325/1325 1327/1327
f 1407/1407 1408/1408 1391/1391
f 1326/1326 1322/1322 1325/1325
f 4818/4818 4814/4814 4816/4816
f 205/205 214/214 193/193
f 2916/2916 2917/2917 2914/2914
f 4969/4969 4972/4972 4971/4971
f 4970/4970 4969/4969 4971/4971
f 4970/4970 4971/4971 4973/4973
f 2142/2142 2108/2108 2106/2106
f 2384/2384 2383/2383 2374/2374
f 2374/2374 2383/2383 2373/2373
f 2383/2383 2395/2395 2373/2373
f 3722/3722 3724/3724 3721/3721
f 4601/4601 4600/4600 4602/4602
f 3722/3722 3721/3721 3718/3718
f 461/461 399/399 401/401
f 4028/4028 4029/4029 4027/4027
f 1155/1155 1156/1156 1161/1161
f 3619/3619 3620/3620 3621/3621
f 3620/3620 3627/3627 3621/3621
f 3489/3489 3494/3494 3485/3485
f 3485/3485 3494/3494 3482/3482
f 2657/2657 2660/2660 2673/2673
f 3656/3656 3621/3621 3650/3650
f 1168/1168 1182/1182 1169/1169
f 1169/1169 1182/1182 1181/1181
f 1170/1170 1181/1181 1183/1183
f 1407/1407 1391/1391 1389/1389
f 1347/1347 1350/1350 1349/1349
f 4815/4815 4814/4814 4817/4817
f 4814/4814 4815/4815 4816/4816
f 205/205 193/193 197/197
f 4830/4830 4816/4816 4815/4815
f 1485/1485 1483/1483 1486/1486
f 1680/1680 1668/1668 1670/1670
f 1670/1670 1672/1672 1673/1673
f 2373/2373 2395/2395 2382/2382
f 1981/1981 1955/1955 1963/1963
f 3718/3718 3721/3721 3719/3719
f 2731/2731 2734/2734 2736/2736
f 2734/2734 2731/2731 2730/2730
f 3621/3621 3627/3627 3647/3647
f 1163/1163 1161/1161 1162/1162
f 1161/1161 1156/1156 1162/1162
f 1162/1162 1156/1156 1168/1168
f 1162/1162 1168/1168 1169/1169
f 3621/3621 3647/3647 3650/3650
f 1170/1170 1169/1169 1181/1181
f 2658/2658 2657/2657 2678/2678
f 3485/3485 3482/3482 3484/3484
f 2638/2638 2630/2630 2632/2632
f 1328/1328 1326/1326 1327/1327
f 1670/1670 1673/1673 1674/1674
f 1715/1715 1717/1717 1718/1718
f 4972/4972 4976/4976 4971/4971
f 4220/4220 4221/4221 4222/4222
f 4598/4598 4597/4597 4600/4600
f 2372/2372 2374/2374 2373/2373
f 2392/2392 2400/2400 2401/2401
f 4598/4598 4600/4600 4601/4601
f 3720/3720 3719/3719 3723/3723
f 1162/1162 1169/1169 1170/1170
f 2682/2682 2658/2658 2679/2679
f 2658/2658 2678/2678 2679/2679
f 2679/2679 2678/2678 2680/2680
f 3650/3650 3647/3647 3651/3651
f 3486/3486 3485/3485 3484/3484
f 1407/1407 1386/1386 1406/1406
f 1328/1328 1327/1327 1329/1329
f 1399/1399 1402/1402 1405/1405
f 1346/1346 1347/1347 1349/1349
f 4815/4815 4817/4817 4819/4819
f 220/220 205/205 197/197
f 1486/1486 1529/1529 1487/1487
f 1487/1487 1529/1529 1490/1490
f 1680/1680 1670/1670 1679/1679
f 1679/1679 1670/1670 1675/1675
f 1670/1670 1674/1674 1675/1675
f 4971/4971 4976/4976 4975/4975
f 4974/4974 4971/4971 4975/4975
f 2068/2068 2110/2110 2073/2073
f 2373/2373 2382/2382 2370/2370
f 2370/2370 2382/2382 2368/2368
f 2372/2372 2373/2373 2370/2370
f 4596/4596 4597/4597 4598/4598
f 2372/2372 2370/2370 2371/2371
f 4028/4028 4027/4027 4026/4026
f 3497/3497 3496/3496 3495/3495
f 2682/2682 2679/2679 2683/2683
f 2680/2680 2678/2678 2673/2673
f 3651/3651 3647/3647 3652/3652
f 3488/3488 3490/3490 3489/3489
f 3488/3488 3489/3489 3485/3485
f 3487/3487 3488/3488 3485/3485
f 1332/1332 1329/1329 1333/1333
f 1335/1335 1333/1333 1336/1336
f 1330/1330 1328/1328 1329/1329
f 1336/1336 1347/1347 1346/1346
f 220/220 222/222 205/205
f 4815/4815 4819/4819 4823/4823
f 1518/1518 1525/1525 1492/1492
f 1674/1674 1676/1676 1675/1675
f 4218/4218 4217/4217 4221/4221
f 4976/4976 5039/5039 4975/4975
f 4220/4220 4218/4218 4221/4221
f 2110/2110 2105/2105 2074/2074
f 2368/2368 2382/2382 2379/2379
f 2379/2379 2382/2382 2398/2398
f 2379/2379 2398/2398 2385/2385
f 2371/2371 2370/2370 2369/2369
f 2385/2385 2398/2398 2399/2399
f 4599/4599 4596/4596 4598/4598
f 3495/3495 3496/3496 3492/3492
f 3492/3492 3490/3490 3488/3488
f 3493/3493 3495/3495 3492/3492
f 3492/3492 3488/3488 3493/3493
f 1332/1332 1333/1333 1335/1335
f 1330/1330 1329/1329 1331/1331
f 1331/1331 1329/1329 1332/1332
f 1335/1335 1336/1336 1346/1346
f 1556/1556 1554/1554 1525/1525
f 4823/4823 4819/4819 4829/4829
f 223/223 222/222 220/220
f 1532/1532 1533/1533 1530/1530
f 1679/1679 1675/1675 1677/1677
f 1715/1715 1716/1716 1717/1717
f 4975/4975 5039/5039 5040/5040
f 5041/5041 4975/4975 5040/5040
f 2369/2369 2370/2370 2368/2368
f 4026/4026 4027/4027 4025/4025
f 2735/2735 2734/2734 2730/2730
f 224/224 225/225 222/222
f 1554/1554 1552/1552 1520/1520
f 1525/1525 1554/1554 1520/1520
f 224/224 222/222 223/223
f 1524/1524 1550/1550 1532/1532
f 1520/1520 1521/1521 1519/1519
f 1675/1675 1676/1676 1677/1677
f 1677/1677 1676/1676 1678/1678
f 1678/1678 1676/1676 1721/1721
f 5041/5041 5040/5040 5042/5042
f 2368/2368 2379/2379 2366/2366
f 2379/2379 2385/2385 2366/2366
f 2366/2366 2385/2385 2381/2381
f 2385/2385 2399/2399 2381/2381
f 2389/2389 2391/2391 2392/2392
f 2369/2369 2368/2368 2367/2367
f 2368/2368 2366/2366 2367/2367
f 2399/2399 2403/2403 2386/2386
f 2381/2381 2399/2399 2386/2386
f 4024/4024 4026/4026 4025/4025
f 4918/4918 4919/4919 4920/4920
f 227/227 226/226 224/224
f 224/224 226/226 225/225
f 1520/1520 1552/1552 1521/1521
f 1521/1521 1552/1552 1549/1549
f 1521/1521 1549/1549 1523/1523
f 1549/1549 1550/1550 1523/1523
f 1523/1523 1550/1550 1524/1524
f 1689/1689 1677/1677 1678/1678
f 4219/4219 4218/4218 4220/4220
f 2103/2103 2141/2141 2099/2099
f 2390/2390 2391/2391 2380/2380
f 2380/2380 2391/2391 2389/2389
f 2386/2386 2403/2403 2396/2396
f 2396/2396 2403/2403 2406/2406
f 2397/2397 2405/2405 2390/2390
f 2367/2367 2366/2366 2365/2365
f 1678/1678 1721/1721 1722/1722
f 1714/1714 1716/1716 1715/1715
f 5040/5040 5045/5045 5044/5044
f 5043/5043 5040/5040 5044/5044
f 2360/2360 2381/2381 2386/2386
f 2388/2388 2380/2380 2389/2389
f 2366/2366 2381/2381 2360/2360
f 4023/4023 4024/4024 4025/4025
f 2365/2365 2366/2366 2360/2360
f 928/928 941/941 932/932
f 1689/1689 1678/1678 1690/1690
f 1678/1678 1722/1722 1691/1691
f 1713/1713 1714/1714 1715/1715
f 4216/4216 4217/4217 4218/4218
f 2080/2080 2100/2100 2086/2086
f 2360/2360 2386/2386 2361/2361
f 2361/2361 2386/2386 2396/2396
f 2361/2361 2396/2396 2378/2378
f 2378/2378 2396/2396 2397/2397
f 2378/2378 2397/2397 2390/2390
f 2378/2378 2390/2390 2380/2380
f 2365/2365 2360/2360 2362/2362
f 2365/2365 2362/2362 2375/2375
f 4075/4075 4023/4023 4025/4025
f 1690/1690 1691/1691 1692/1692
f 1691/1691 1706/1706 1692/1692
f 1713/1713 1715/1715 1720/1720
f 5044/5044 5045/5045 5046/5046
f 2377/2377 2378/2378 2380/2380
f 2360/2360 2361/2361 2362/2362
f 2387/2387 2377/2377 2380/2380
f 2387/2387 2380/2380 2388/2388
f 2375/2375 2362/2362 2364/2364
f 1690/1690 1692/1692 1727/1727
f 1706/1706 1711/1711 1692/1692
f 1692/1692 1711/1711 1712/1712
f 1711/1711 1713/1713 1712/1712
f 1712/1712 1713/1713 1720/1720
f 5044/5044 5046/5046 5047/5047
f 4216/4216 4218/4218 4219/4219
f 2096/2096 2103/2103 2097/2097
f 2361/2361 2378/2378 2363/2363
f 2362/2362 2361/2361 2363/2363
f 2377/2377 2363/2363 2378/2378
f 2364/2364 2362/2362 2363/2363
f 2363/2363 2377/2377 2376/2376
f 4895/4895 4896/4896 4897/4897
f 2364/2364 2363/2363 2376/2376
f 1727/1727 1692/1692 1723/1723
f 5047/5047 5046/5046 5048/5048
f 5047/5047 5048/5048 5049/5049
f 5055/5055 5054/5054 5056/5056
f 4232/4232 4216/4216 4219/4219
f 1723/1723 1692/1692 1712/1712
f 1723/1723 1712/1712 1732/1732
f 1732/1732 1712/1712 1720/1720
f 5049/5049 5048/5048 5050/5050
f 5053/5053 5054/5054 5055/5055
f 5050/5050 5048/5048 5051/5051
f 5052/5052 5051/5051 5054/5054
f 5050/5050 5051/5051 5052/5052
f 5052/5052 5054/5054 5053/5053
f 5050/5050 5052/5052 5053/5053
